2026-09-05 12:44:56,940 INFO ============================================================
2026-09-05 12:44:56,940 INFO [START] DAILY JOB ENGINE RUN — 2026-09-05T07:14:56.940124+00:00
2026-09-05 12:44:56,941 INFO ============================================================
2026-09-05 12:44:56,941 INFO 
[1/5] [SCRAPE]  Scraping job boards...
2026-09-05 12:45:01,795 INFO   Naukri: Python Developer in Hyderabad
2026-09-05 12:45:12,040 INFO   Found 0 cards
2026-09-05 12:45:24,813 INFO   LinkedIn: Python Developer in Hyderabad -> 25 found
2026-09-05 12:45:24,813 INFO   Naukri: Python Developer in Bangalore
2026-09-05 12:45:31,957 INFO   Found 0 cards
2026-09-05 12:45:47,633 INFO   LinkedIn: Python Developer in Bangalore -> 25 found
2026-09-05 12:45:47,634 INFO   Naukri: Python Developer in Remote
2026-09-05 12:45:54,870 INFO   Found 0 cards
2026-09-05 12:46:08,040 INFO   LinkedIn: Python Developer in Remote -> 25 found
2026-09-05 12:46:09,426 WARNING   YC API returned 406
2026-09-05 12:46:11,014 INFO HTTP Request: GET https://nzzrpylddectbapxpazo.supabase.co/rest/v1/jobs?select=id&job_url=eq.https%3A%2F%2Fro.linkedin.com%2Fjobs%2Fview%2Fpython-developer-at-luxoft-romania-4463321248 "HTTP/2 200 OK"
2026-09-05 12:46:11,401 INFO HTTP Request: POST https://nzzrpylddectbapxpazo.supabase.co/rest/v1/jobs "HTTP/2 201 Created"
2026-09-05 12:46:11,416 INFO   Saved: Python Developer @ Luxoft Romania
2026-09-05 12:46:14,037 INFO HTTP Request: PATCH https://nzzrpylddectbapxpazo.supabase.co/rest/v1/jobs?id=eq.d977528b-a71b-4951-ad4f-62b30404d045 "HTTP/2 200 OK"
2026-09-05 12:46:15,705 INFO HTTP Request: GET https://nzzrpylddectbapxpazo.supabase.co/rest/v1/jobs?select=id&job_url=eq.https%3A%2F%2Fbg.linkedin.com%2Fjobs%2Fview%2Fmid-level-python-developer-backend-at-sopra-steria-4458210757 "HTTP/2 200 OK"
2026-09-05 12:46:15,861 INFO HTTP Request: POST https://nzzrpylddectbapxpazo.supabase.co/rest/v1/jobs "HTTP/2 201 Created"
2026-09-05 12:46:15,864 INFO   Saved: Mid-Level Python Developer (Backend) @ Sopra Steria
2026-09-05 12:46:18,789 INFO HTTP Request: PATCH https://nzzrpylddectbapxpazo.supabase.co/rest/v1/jobs?id=eq.2a01a080-0761-42b3-9ffa-b5686e46bfce "HTTP/2 200 OK"
2026-09-05 12:46:20,461 INFO HTTP Request: GET https://nzzrpylddectbapxpazo.supabase.co/rest/v1/jobs?select=id&job_url=eq.https%3A%2F%2Fvn.linkedin.com%2Fjobs%2Fview%2Fbackend-dev-python-at-rikkeisoft-4463337112 "HTTP/2 200 OK"
2026-09-05 12:46:20,626 INFO HTTP Request: POST https://nzzrpylddectbapxpazo.supabase.co/rest/v1/jobs "HTTP/2 201 Created"
2026-09-05 12:46:20,628 INFO   Saved: Backend Dev python @ Rikkeisoft
2026-09-05 12:46:23,162 INFO HTTP Request: PATCH https://nzzrpylddectbapxpazo.supabase.co/rest/v1/jobs?id=eq.4e2092c2-66f7-4618-b5e5-d3e031cb6842 "HTTP/2 200 OK"
2026-09-05 12:46:24,810 INFO HTTP Request: GET https://nzzrpylddectbapxpazo.supabase.co/rest/v1/jobs?select=id&job_url=eq.https%3A%2F%2Fin.linkedin.com%2Fjobs%2Fview%2Fpython-developer-at-tata-consultancy-services-4461126798 "HTTP/2 200 OK"
2026-09-05 12:46:24,967 INFO HTTP Request: POST https://nzzrpylddectbapxpazo.supabase.co/rest/v1/jobs "HTTP/2 201 Created"
2026-09-05 12:46:24,969 INFO   Saved: Python Developer @ Tata Consultancy Services
2026-09-05 12:46:27,719 INFO HTTP Request: PATCH https://nzzrpylddectbapxpazo.supabase.co/rest/v1/jobs?id=eq.2a3b6d0b-1e43-4e5c-a6a7-3d92a6fa2e89 "HTTP/2 200 OK"
2026-09-05 12:46:29,397 INFO HTTP Request: GET https://nzzrpylddectbapxpazo.supabase.co/rest/v1/jobs?select=id&job_url=eq.https%3A%2F%2Fin.linkedin.com%2Fjobs%2Fview%2Fpython-development-%252B-crew-planning-irc302252-at-globallogic-4453521955 "HTTP/2 200 OK"
2026-09-05 12:46:29,558 INFO HTTP Request: POST https://nzzrpylddectbapxpazo.supabase.co/rest/v1/jobs "HTTP/2 201 Created"
2026-09-05 12:46:29,560 INFO   Saved: Python Development + Crew Planning IRC302252 @ GlobalLogic
2026-09-05 12:46:32,145 INFO HTTP Request: PATCH https://nzzrpylddectbapxpazo.supabase.co/rest/v1/jobs?id=eq.098712ac-75cf-42d8-a3d9-1fbcd4778c22 "HTTP/2 200 OK"
2026-09-05 12:46:33,825 INFO HTTP Request: GET https://nzzrpylddectbapxpazo.supabase.co/rest/v1/jobs?select=id&job_url=eq.https%3A%2F%2Fin.linkedin.com%2Fjobs%2Fview%2Fpython-developer-at-genpact-4461410053 "HTTP/2 200 OK"
2026-09-05 12:46:33,982 INFO HTTP Request: POST https://nzzrpylddectbapxpazo.supabase.co/rest/v1/jobs "HTTP/2 201 Created"
2026-09-05 12:46:33,984 INFO   Saved: Python Developer @ Genpact
2026-09-05 12:46:36,862 INFO HTTP Request: PATCH https://nzzrpylddectbapxpazo.supabase.co/rest/v1/jobs?id=eq.bb878ec1-784f-469c-ad62-c89b225704de "HTTP/2 200 OK"
2026-09-05 12:46:38,532 INFO HTTP Request: GET https://nzzrpylddectbapxpazo.supabase.co/rest/v1/jobs?select=id&job_url=eq.https%3A%2F%2Fde.linkedin.com%2Fjobs%2Fview%2Fbackend-engineer-python-at-glassflow-4461132558 "HTTP/2 200 OK"
2026-09-05 12:46:38,689 INFO HTTP Request: POST https://nzzrpylddectbapxpazo.supabase.co/rest/v1/jobs "HTTP/2 201 Created"
2026-09-05 12:46:38,691 INFO   Saved: Backend Engineer - Python @ GlassFlow
2026-09-05 12:46:41,776 INFO HTTP Request: PATCH https://nzzrpylddectbapxpazo.supabase.co/rest/v1/jobs?id=eq.cfa83544-3d48-46b7-b152-ce095cb2015c "HTTP/2 200 OK"
2026-09-05 12:46:43,444 INFO HTTP Request: GET https://nzzrpylddectbapxpazo.supabase.co/rest/v1/jobs?select=id&job_url=eq.https%3A%2F%2Fgr.linkedin.com%2Fjobs%2Fview%2Fbackend-developer-at-metlen-4463316286 "HTTP/2 200 OK"
2026-09-05 12:46:43,599 INFO HTTP Request: POST https://nzzrpylddectbapxpazo.supabase.co/rest/v1/jobs "HTTP/2 201 Created"
2026-09-05 12:46:43,602 INFO   Saved: Backend Developer @ Metlen
2026-09-05 12:46:46,533 INFO HTTP Request: PATCH https://nzzrpylddectbapxpazo.supabase.co/rest/v1/jobs?id=eq.d9276927-9523-4b99-ade4-31c5e7643c94 "HTTP/2 200 OK"
2026-09-05 12:46:48,208 INFO HTTP Request: GET https://nzzrpylddectbapxpazo.supabase.co/rest/v1/jobs?select=id&job_url=eq.https%3A%2F%2Fin.linkedin.com%2Fjobs%2Fview%2Fpython-developer-at-straive-4461149664 "HTTP/2 200 OK"
2026-09-05 12:46:48,361 INFO HTTP Request: POST https://nzzrpylddectbapxpazo.supabase.co/rest/v1/jobs "HTTP/2 201 Created"
2026-09-05 12:46:48,363 INFO   Saved: Python Developer @ Straive
2026-09-05 12:46:51,019 INFO HTTP Request: PATCH https://nzzrpylddectbapxpazo.supabase.co/rest/v1/jobs?id=eq.c5c5b6a8-baf0-423f-8c5e-bc49b1f5ce96 "HTTP/2 200 OK"
2026-09-05 12:46:52,686 INFO HTTP Request: GET https://nzzrpylddectbapxpazo.supabase.co/rest/v1/jobs?select=id&job_url=eq.https%3A%2F%2Fnl.linkedin.com%2Fjobs%2Fview%2Fpython-software-engineer-knowledge-infrastructure-at-adyen-4462320420 "HTTP/2 200 OK"
2026-09-05 12:46:52,845 INFO HTTP Request: POST https://nzzrpylddectbapxpazo.supabase.co/rest/v1/jobs "HTTP/2 201 Created"
2026-09-05 12:46:52,847 INFO   Saved: Python Software Engineer, Knowledge Infrastructure @ Adyen
2026-09-05 12:46:55,666 INFO HTTP Request: PATCH https://nzzrpylddectbapxpazo.supabase.co/rest/v1/jobs?id=eq.d9c1bf39-8a7a-4e4c-834d-22092ff7d9bf "HTTP/2 200 OK"
2026-09-05 12:46:57,328 INFO HTTP Request: GET https://nzzrpylddectbapxpazo.supabase.co/rest/v1/jobs?select=id&job_url=eq.https%3A%2F%2Fin.linkedin.com%2Fjobs%2Fview%2Fpython-backend-developer-at-infobeans-4463721144 "HTTP/2 200 OK"
2026-09-05 12:46:57,480 INFO HTTP Request: POST https://nzzrpylddectbapxpazo.supabase.co/rest/v1/jobs "HTTP/2 201 Created"
2026-09-05 12:46:57,482 INFO   Saved: Python Backend Developer @ InfoBeans
2026-09-05 12:47:00,170 INFO HTTP Request: PATCH https://nzzrpylddectbapxpazo.supabase.co/rest/v1/jobs?id=eq.a6c5a27f-e801-4768-a57a-ac0c0bbbf4a5 "HTTP/2 200 OK"
2026-09-05 12:47:01,840 INFO HTTP Request: GET https://nzzrpylddectbapxpazo.supabase.co/rest/v1/jobs?select=id&job_url=eq.https%3A%2F%2Fde.linkedin.com%2Fjobs%2Fview%2Fbackend-engineer-at-tibber-4461974050 "HTTP/2 200 OK"
2026-09-05 12:47:01,995 INFO HTTP Request: POST https://nzzrpylddectbapxpazo.supabase.co/rest/v1/jobs "HTTP/2 201 Created"
2026-09-05 12:47:01,997 INFO   Saved: Backend Engineer @ Tibber
2026-09-05 12:47:04,752 INFO HTTP Request: PATCH https://nzzrpylddectbapxpazo.supabase.co/rest/v1/jobs?id=eq.bc2ed589-5e2c-4f36-94af-aa386449f020 "HTTP/2 200 OK"
2026-09-05 12:47:06,409 INFO HTTP Request: GET https://nzzrpylddectbapxpazo.supabase.co/rest/v1/jobs?select=id&job_url=eq.https%3A%2F%2Fch.linkedin.com%2Fjobs%2Fview%2Fsoftware-engineer-python-all-genders-at-axa-4463335426 "HTTP/2 200 OK"
2026-09-05 12:47:06,567 INFO HTTP Request: POST https://nzzrpylddectbapxpazo.supabase.co/rest/v1/jobs "HTTP/2 201 Created"
2026-09-05 12:47:06,569 INFO   Saved: Software Engineer (Python) (all genders) @ AXA
2026-09-05 12:47:09,235 INFO HTTP Request: PATCH https://nzzrpylddectbapxpazo.supabase.co/rest/v1/jobs?id=eq.55d15773-62f3-4fc1-876b-7404120ed2be "HTTP/2 200 OK"
2026-09-05 12:47:10,943 INFO HTTP Request: GET https://nzzrpylddectbapxpazo.supabase.co/rest/v1/jobs?select=id&job_url=eq.https%3A%2F%2Fde.linkedin.com%2Fjobs%2Fview%2Fbackend-developer-m-f-x-at-cyber-insight-4461159027 "HTTP/2 200 OK"
2026-09-05 12:47:11,104 INFO HTTP Request: POST https://nzzrpylddectbapxpazo.supabase.co/rest/v1/jobs "HTTP/2 201 Created"
2026-09-05 12:47:11,106 INFO   Saved: Backend Developer (m/f/x) @ Cyber Insight
2026-09-05 12:47:14,290 INFO HTTP Request: PATCH https://nzzrpylddectbapxpazo.supabase.co/rest/v1/jobs?id=eq.55a244f2-b005-4e91-8045-2123a5202520 "HTTP/2 200 OK"
2026-09-05 12:47:15,979 INFO HTTP Request: GET https://nzzrpylddectbapxpazo.supabase.co/rest/v1/jobs?select=id&job_url=eq.https%3A%2F%2Fch.linkedin.com%2Fjobs%2Fview%2Fsoftware-engineer-python-all-genders-at-axa-switzerland-4461120917 "HTTP/2 200 OK"
2026-09-05 12:47:16,135 INFO HTTP Request: POST https://nzzrpylddectbapxpazo.supabase.co/rest/v1/jobs "HTTP/2 201 Created"
2026-09-05 12:47:16,137 INFO   Saved: Software Engineer (Python) (all genders) @ AXA Switzerland
2026-09-05 12:47:18,986 INFO HTTP Request: PATCH https://nzzrpylddectbapxpazo.supabase.co/rest/v1/jobs?id=eq.8ce5139b-b6b2-4192-a237-1ea757c8c5a4 "HTTP/2 200 OK"
2026-09-05 12:47:20,663 INFO HTTP Request: GET https://nzzrpylddectbapxpazo.supabase.co/rest/v1/jobs?select=id&job_url=eq.https%3A%2F%2Fbg.linkedin.com%2Fjobs%2Fview%2Fmid-level-python-developer-genai-at-sopra-steria-4458229485 "HTTP/2 200 OK"
2026-09-05 12:47:20,828 INFO HTTP Request: POST https://nzzrpylddectbapxpazo.supabase.co/rest/v1/jobs "HTTP/2 201 Created"
2026-09-05 12:47:20,829 INFO   Saved: Mid-Level Python Developer (GenAI) @ Sopra Steria
2026-09-05 12:47:23,853 INFO HTTP Request: PATCH https://nzzrpylddectbapxpazo.supabase.co/rest/v1/jobs?id=eq.0bf7954a-4782-4150-9cc6-6647258c0b80 "HTTP/2 200 OK"
2026-09-05 12:47:25,519 INFO HTTP Request: GET https://nzzrpylddectbapxpazo.supabase.co/rest/v1/jobs?select=id&job_url=eq.https%3A%2F%2Fin.linkedin.com%2Fjobs%2Fview%2Fplatform-developer-python-at-worldline-global-services-4463320517 "HTTP/2 200 OK"
2026-09-05 12:47:25,680 INFO HTTP Request: POST https://nzzrpylddectbapxpazo.supabase.co/rest/v1/jobs "HTTP/2 201 Created"
2026-09-05 12:47:25,682 INFO   Saved: Platform Developer (Python) @ Worldline Global Services
2026-09-05 12:47:28,280 INFO HTTP Request: PATCH https://nzzrpylddectbapxpazo.supabase.co/rest/v1/jobs?id=eq.1022e039-6a6a-4a18-ba7f-00eee3faa748 "HTTP/2 200 OK"
2026-09-05 12:47:29,949 INFO HTTP Request: GET https://nzzrpylddectbapxpazo.supabase.co/rest/v1/jobs?select=id&job_url=eq.https%3A%2F%2Fro.linkedin.com%2Fjobs%2Fview%2Fsenior-python-developer-at-luxoft-4463335075 "HTTP/2 200 OK"
2026-09-05 12:47:30,117 INFO HTTP Request: POST https://nzzrpylddectbapxpazo.supabase.co/rest/v1/jobs "HTTP/2 201 Created"
2026-09-05 12:47:30,119 INFO   Saved: Senior Python Developer @ Luxoft
2026-09-05 12:47:33,117 INFO HTTP Request: PATCH https://nzzrpylddectbapxpazo.supabase.co/rest/v1/jobs?id=eq.5bf0787f-d5c3-49b9-82b2-160cb21abf5b "HTTP/2 200 OK"
2026-09-05 12:47:34,782 INFO HTTP Request: GET https://nzzrpylddectbapxpazo.supabase.co/rest/v1/jobs?select=id&job_url=eq.https%3A%2F%2Fuk.linkedin.com%2Fjobs%2Fview%2Fpython-developer-at-virtuetech-recruitment-group-4461181010 "HTTP/2 200 OK"
2026-09-05 12:47:34,938 INFO HTTP Request: POST https://nzzrpylddectbapxpazo.supabase.co/rest/v1/jobs "HTTP/2 201 Created"
2026-09-05 12:47:34,940 INFO   Saved: Python Developer @ VirtueTech Recruitment Group
2026-09-05 12:47:37,546 INFO HTTP Request: PATCH https://nzzrpylddectbapxpazo.supabase.co/rest/v1/jobs?id=eq.bb62a87e-d493-411e-9f11-b554b4b979eb "HTTP/2 200 OK"
2026-09-05 12:47:39,206 INFO HTTP Request: GET https://nzzrpylddectbapxpazo.supabase.co/rest/v1/jobs?select=id&job_url=eq.https%3A%2F%2Fie.linkedin.com%2Fjobs%2Fview%2Fpython-developer-at-fruition-group-ireland-4461139254 "HTTP/2 200 OK"
2026-09-05 12:47:39,361 INFO HTTP Request: POST https://nzzrpylddectbapxpazo.supabase.co/rest/v1/jobs "HTTP/2 201 Created"
2026-09-05 12:47:39,363 INFO   Saved: Python Developer @ Fruition Group Ireland
2026-09-05 12:47:41,903 INFO HTTP Request: PATCH https://nzzrpylddectbapxpazo.supabase.co/rest/v1/jobs?id=eq.df1d7d62-ebd3-4a3c-857b-7db161feaaaf "HTTP/2 200 OK"
2026-09-05 12:47:43,589 INFO HTTP Request: GET https://nzzrpylddectbapxpazo.supabase.co/rest/v1/jobs?select=id&job_url=eq.https%3A%2F%2Fin.linkedin.com%2Fjobs%2Fview%2Fsenior-python-developer-at-itc-infotech-4461947520 "HTTP/2 200 OK"
2026-09-05 12:47:43,744 INFO HTTP Request: POST https://nzzrpylddectbapxpazo.supabase.co/rest/v1/jobs "HTTP/2 201 Created"
2026-09-05 12:47:43,746 INFO   Saved: Senior python developer @ ITC Infotech
2026-09-05 12:47:46,542 INFO HTTP Request: PATCH https://nzzrpylddectbapxpazo.supabase.co/rest/v1/jobs?id=eq.81e84b90-880d-4963-9cb4-1e3421170e91 "HTTP/2 200 OK"
2026-09-05 12:47:48,239 INFO HTTP Request: GET https://nzzrpylddectbapxpazo.supabase.co/rest/v1/jobs?select=id&job_url=eq.https%3A%2F%2Fin.linkedin.com%2Fjobs%2Fview%2Fpython-developer-at-talentgigs-4461983124 "HTTP/2 200 OK"
2026-09-05 12:47:48,407 INFO HTTP Request: POST https://nzzrpylddectbapxpazo.supabase.co/rest/v1/jobs "HTTP/2 201 Created"
2026-09-05 12:47:48,409 INFO   Saved: Python Developer @ Talentgigs
2026-09-05 12:47:51,493 INFO HTTP Request: PATCH https://nzzrpylddectbapxpazo.supabase.co/rest/v1/jobs?id=eq.bbfe3cbc-06b8-4612-9544-6b69f981c917 "HTTP/2 200 OK"
2026-09-05 12:47:53,148 INFO HTTP Request: GET https://nzzrpylddectbapxpazo.supabase.co/rest/v1/jobs?select=id&job_url=eq.https%3A%2F%2Fin.linkedin.com%2Fjobs%2Fview%2Fpython-unix-developer-at-people-prime-worldwide-4463608116 "HTTP/2 200 OK"
2026-09-05 12:47:53,314 INFO HTTP Request: POST https://nzzrpylddectbapxpazo.supabase.co/rest/v1/jobs "HTTP/2 201 Created"
2026-09-05 12:47:53,318 INFO   Saved: python Unix Developer @ People Prime Worldwide
2026-09-05 12:47:56,885 INFO HTTP Request: PATCH https://nzzrpylddectbapxpazo.supabase.co/rest/v1/jobs?id=eq.55a9b1a5-0b42-450f-8ceb-1983d59a421b "HTTP/2 200 OK"
2026-09-05 12:47:58,579 INFO HTTP Request: GET https://nzzrpylddectbapxpazo.supabase.co/rest/v1/jobs?select=id&job_url=eq.https%3A%2F%2Fca.linkedin.com%2Fjobs%2Fview%2Fpython-developer-at-ust-4461412111 "HTTP/2 200 OK"
2026-09-05 12:47:58,736 INFO HTTP Request: POST https://nzzrpylddectbapxpazo.supabase.co/rest/v1/jobs "HTTP/2 201 Created"
2026-09-05 12:47:58,739 INFO   Saved: Python Developer @ UST
2026-09-05 12:48:02,318 INFO HTTP Request: PATCH https://nzzrpylddectbapxpazo.supabase.co/rest/v1/jobs?id=eq.90d73743-6ab9-4207-970f-79cc7c0abb57 "HTTP/2 200 OK"
2026-09-05 12:48:03,982 INFO HTTP Request: GET https://nzzrpylddectbapxpazo.supabase.co/rest/v1/jobs?select=id&job_url=eq.https%3A%2F%2Fpl.linkedin.com%2Fjobs%2Fview%2Fpython-data-platform-engineer-at-cisco-4463334063 "HTTP/2 200 OK"
2026-09-05 12:48:04,150 INFO HTTP Request: POST https://nzzrpylddectbapxpazo.supabase.co/rest/v1/jobs "HTTP/2 201 Created"
2026-09-05 12:48:04,152 INFO   Saved: Python Data Platform Engineer @ Cisco
2026-09-05 12:48:07,557 INFO HTTP Request: PATCH https://nzzrpylddectbapxpazo.supabase.co/rest/v1/jobs?id=eq.1936f121-46ec-445c-ab08-fa4594109395 "HTTP/2 200 OK"
2026-09-05 12:48:09,073 INFO   Naukri: Django Developer in Hyderabad
2026-09-05 12:48:16,357 INFO   Found 0 cards
2026-09-05 12:48:31,968 INFO   LinkedIn: Django Developer in Hyderabad -> 25 found
2026-09-05 12:48:31,969 INFO   Naukri: Django Developer in Bangalore
2026-09-05 12:48:39,266 INFO   Found 0 cards
2026-09-05 12:48:54,650 INFO   LinkedIn: Django Developer in Bangalore -> 25 found
2026-09-05 12:48:54,651 INFO   Naukri: Django Developer in Remote
2026-09-05 12:49:01,881 INFO   Found 0 cards
2026-09-05 12:49:14,531 INFO   LinkedIn: Django Developer in Remote -> 24 found
2026-09-05 12:49:15,710 WARNING   YC API returned 406
2026-09-05 12:49:16,018 INFO HTTP Request: GET https://nzzrpylddectbapxpazo.supabase.co/rest/v1/jobs?select=id&job_url=eq.https%3A%2F%2Fin.linkedin.com%2Fjobs%2Fview%2Fpython-developer-at-straive-4461149664 "HTTP/2 200 OK"
2026-09-05 12:49:16,172 INFO HTTP Request: GET https://nzzrpylddectbapxpazo.supabase.co/rest/v1/jobs?select=id&job_url=eq.https%3A%2F%2Fin.linkedin.com%2Fjobs%2Fview%2Fpython-developer-at-talentgigs-4461983124 "HTTP/2 200 OK"
2026-09-05 12:49:16,330 INFO HTTP Request: GET https://nzzrpylddectbapxpazo.supabase.co/rest/v1/jobs?select=id&job_url=eq.https%3A%2F%2Fin.linkedin.com%2Fjobs%2Fview%2Fpython-developer-at-people-prime-worldwide-4463607105 "HTTP/2 200 OK"
2026-09-05 12:49:16,525 INFO HTTP Request: POST https://nzzrpylddectbapxpazo.supabase.co/rest/v1/jobs "HTTP/2 201 Created"
2026-09-05 12:49:16,526 INFO   Saved: Python Developer @ People Prime Worldwide
2026-09-05 12:49:19,373 INFO HTTP Request: PATCH https://nzzrpylddectbapxpazo.supabase.co/rest/v1/jobs?id=eq.09952155-dd44-45a9-898e-a58980446dbc "HTTP/2 200 OK"
2026-09-05 12:49:21,075 INFO HTTP Request: GET https://nzzrpylddectbapxpazo.supabase.co/rest/v1/jobs?select=id&job_url=eq.https%3A%2F%2Fin.linkedin.com%2Fjobs%2Fview%2Fpython-backend-developer-at-wissen-technology-4461963315 "HTTP/2 200 OK"
2026-09-05 12:49:21,253 INFO HTTP Request: POST https://nzzrpylddectbapxpazo.supabase.co/rest/v1/jobs "HTTP/2 201 Created"
2026-09-05 12:49:21,254 INFO   Saved: Python Backend Developer @ Wissen Technology
2026-09-05 12:49:23,950 INFO HTTP Request: PATCH https://nzzrpylddectbapxpazo.supabase.co/rest/v1/jobs?id=eq.a6ac2e5b-8363-4b0b-9a9f-b8543abf0e78 "HTTP/2 200 OK"
2026-09-05 12:49:25,608 INFO HTTP Request: GET https://nzzrpylddectbapxpazo.supabase.co/rest/v1/jobs?select=id&job_url=eq.https%3A%2F%2Fin.linkedin.com%2Fjobs%2Fview%2Fjr-204092-python-developer-middle-at-customertimes-4461978337 "HTTP/2 200 OK"
2026-09-05 12:49:25,766 INFO HTTP Request: POST https://nzzrpylddectbapxpazo.supabase.co/rest/v1/jobs "HTTP/2 201 Created"
2026-09-05 12:49:25,768 INFO   Saved: JR-204092 Python Developer Middle @ Customertimes
2026-09-05 12:49:28,320 INFO HTTP Request: PATCH https://nzzrpylddectbapxpazo.supabase.co/rest/v1/jobs?id=eq.5a76d0c1-b67a-4f51-8ca6-5a230b0bb049 "HTTP/2 200 OK"
2026-09-05 12:49:29,992 INFO HTTP Request: GET https://nzzrpylddectbapxpazo.supabase.co/rest/v1/jobs?select=id&job_url=eq.https%3A%2F%2Fau.linkedin.com%2Fjobs%2Fview%2Fsoftware-engineer-ii-python-django-at-kraken-4461947499 "HTTP/2 200 OK"
2026-09-05 12:49:30,150 INFO HTTP Request: POST https://nzzrpylddectbapxpazo.supabase.co/rest/v1/jobs "HTTP/2 201 Created"
2026-09-05 12:49:30,151 INFO   Saved: Software Engineer II (Python/Django) @ Kraken
2026-09-05 12:49:33,201 INFO HTTP Request: PATCH https://nzzrpylddectbapxpazo.supabase.co/rest/v1/jobs?id=eq.b19fd4da-1035-4882-8c24-90a9d91ee5a3 "HTTP/2 200 OK"
2026-09-05 12:49:34,905 INFO HTTP Request: GET https://nzzrpylddectbapxpazo.supabase.co/rest/v1/jobs?select=id&job_url=eq.https%3A%2F%2Fin.linkedin.com%2Fjobs%2Fview%2Fsoftware-engineer-sr-software-engineer-python-at-leegality-4461159988 "HTTP/2 200 OK"
2026-09-05 12:49:35,064 INFO HTTP Request: POST https://nzzrpylddectbapxpazo.supabase.co/rest/v1/jobs "HTTP/2 201 Created"
2026-09-05 12:49:35,067 INFO   Saved: Software Engineer/Sr Software Engineer - Python @ Leegality
2026-09-05 12:49:37,842 INFO HTTP Request: PATCH https://nzzrpylddectbapxpazo.supabase.co/rest/v1/jobs?id=eq.375c76bc-4d55-49b9-9491-0a2abdb2e5b5 "HTTP/2 200 OK"
2026-09-05 12:49:39,506 INFO HTTP Request: GET https://nzzrpylddectbapxpazo.supabase.co/rest/v1/jobs?select=id&job_url=eq.https%3A%2F%2Fin.linkedin.com%2Fjobs%2Fview%2Fpython-full-stack-engineer-at-info-origin-inc-4461968363 "HTTP/2 200 OK"
2026-09-05 12:49:39,681 INFO HTTP Request: POST https://nzzrpylddectbapxpazo.supabase.co/rest/v1/jobs "HTTP/2 201 Created"
2026-09-05 12:49:39,683 INFO   Saved: Python full stack engineer @ Info Origin Inc.
2026-09-05 12:49:42,278 INFO HTTP Request: PATCH https://nzzrpylddectbapxpazo.supabase.co/rest/v1/jobs?id=eq.886a9fb4-9d51-4208-8498-4f2c26fdc4a9 "HTTP/2 200 OK"
2026-09-05 12:49:43,951 INFO HTTP Request: GET https://nzzrpylddectbapxpazo.supabase.co/rest/v1/jobs?select=id&job_url=eq.https%3A%2F%2Fin.linkedin.com%2Fjobs%2Fview%2Fsenior-python-developer-at-itc-infotech-4461947520 "HTTP/2 200 OK"
2026-09-05 12:49:44,111 INFO HTTP Request: GET https://nzzrpylddectbapxpazo.supabase.co/rest/v1/jobs?select=id&job_url=eq.https%3A%2F%2Fuk.linkedin.com%2Fjobs%2Fview%2Fpython-developer-at-virtuetech-recruitment-group-4461181010 "HTTP/2 200 OK"
2026-09-05 12:49:44,265 INFO HTTP Request: GET https://nzzrpylddectbapxpazo.supabase.co/rest/v1/jobs?select=id&job_url=eq.https%3A%2F%2Fwww.linkedin.com%2Fjobs%2Fview%2Fpython-developer-with-django-at-value-innovation-labs-4461328722 "HTTP/2 200 OK"
2026-09-05 12:49:44,433 INFO HTTP Request: POST https://nzzrpylddectbapxpazo.supabase.co/rest/v1/jobs "HTTP/2 201 Created"
2026-09-05 12:49:44,435 INFO   Saved: Python Developer With Django @ Value Innovation Labs
2026-09-05 12:49:47,145 INFO HTTP Request: PATCH https://nzzrpylddectbapxpazo.supabase.co/rest/v1/jobs?id=eq.66fe186c-b6a0-4cc2-8328-1a47297f0420 "HTTP/2 200 OK"
2026-09-05 12:49:48,821 INFO HTTP Request: GET https://nzzrpylddectbapxpazo.supabase.co/rest/v1/jobs?select=id&job_url=eq.https%3A%2F%2Fin.linkedin.com%2Fjobs%2Fview%2Fanalyst-at-eclerx-4463342720 "HTTP/2 200 OK"
2026-09-05 12:49:48,979 INFO HTTP Request: POST https://nzzrpylddectbapxpazo.supabase.co/rest/v1/jobs "HTTP/2 201 Created"
2026-09-05 12:49:48,980 INFO   Saved: Analyst @ eClerx
2026-09-05 12:49:51,838 INFO HTTP Request: PATCH https://nzzrpylddectbapxpazo.supabase.co/rest/v1/jobs?id=eq.cc609a55-3012-43f2-a076-e0200f969cc8 "HTTP/2 200 OK"
2026-09-05 12:49:53,496 INFO HTTP Request: GET https://nzzrpylddectbapxpazo.supabase.co/rest/v1/jobs?select=id&job_url=eq.https%3A%2F%2Fwww.linkedin.com%2Fjobs%2Fview%2Fpython-developer-at-formativgroup-4463605333 "HTTP/2 200 OK"
2026-09-05 12:49:53,652 INFO HTTP Request: POST https://nzzrpylddectbapxpazo.supabase.co/rest/v1/jobs "HTTP/2 201 Created"
2026-09-05 12:49:53,654 INFO   Saved: Python Developer @ FormativGroup
2026-09-05 12:49:56,309 INFO HTTP Request: PATCH https://nzzrpylddectbapxpazo.supabase.co/rest/v1/jobs?id=eq.deb6fb3e-4c3b-46f5-91e6-aec392615229 "HTTP/2 200 OK"
2026-09-05 12:49:57,981 INFO HTTP Request: GET https://nzzrpylddectbapxpazo.supabase.co/rest/v1/jobs?select=id&job_url=eq.https%3A%2F%2Fin.linkedin.com%2Fjobs%2Fview%2Fsenior-backend-developer-at-miba-group-4461752859 "HTTP/2 200 OK"
2026-09-05 12:49:58,144 INFO HTTP Request: GET https://nzzrpylddectbapxpazo.supabase.co/rest/v1/jobs?select=id&job_url=eq.https%3A%2F%2Fin.linkedin.com%2Fjobs%2Fview%2Fsr-python-developer-at-psych-x86-technologies-4461946847 "HTTP/2 200 OK"
2026-09-05 12:49:58,304 INFO HTTP Request: POST https://nzzrpylddectbapxpazo.supabase.co/rest/v1/jobs "HTTP/2 201 Created"
2026-09-05 12:49:58,305 INFO   Saved: Sr. Python Developer @ Psych X86 Technologies
2026-09-05 12:50:00,891 INFO HTTP Request: PATCH https://nzzrpylddectbapxpazo.supabase.co/rest/v1/jobs?id=eq.3d2295c7-ae29-495f-851a-fe4430427b1c "HTTP/2 200 OK"
2026-09-05 12:50:02,570 INFO HTTP Request: GET https://nzzrpylddectbapxpazo.supabase.co/rest/v1/jobs?select=id&job_url=eq.https%3A%2F%2Fin.linkedin.com%2Fjobs%2Fview%2Fpython-developer-at-fetchjobs-co-4463706866 "HTTP/2 200 OK"
2026-09-05 12:50:02,724 INFO HTTP Request: POST https://nzzrpylddectbapxpazo.supabase.co/rest/v1/jobs "HTTP/2 201 Created"
2026-09-05 12:50:02,735 INFO   Saved: Python Developer @ FetchJobs.co
2026-09-05 12:50:05,286 INFO HTTP Request: PATCH https://nzzrpylddectbapxpazo.supabase.co/rest/v1/jobs?id=eq.219b160b-a32d-40ca-b834-0fbc249b3067 "HTTP/2 200 OK"
2026-09-05 12:50:06,960 INFO HTTP Request: GET https://nzzrpylddectbapxpazo.supabase.co/rest/v1/jobs?select=id&job_url=eq.https%3A%2F%2Fwww.linkedin.com%2Fjobs%2Fview%2Ffull-stack-software-engineer-python-django-at-schnabel-engineering-4461424172 "HTTP/2 200 OK"
2026-09-05 12:50:07,115 INFO HTTP Request: POST https://nzzrpylddectbapxpazo.supabase.co/rest/v1/jobs "HTTP/2 201 Created"
2026-09-05 12:50:07,117 INFO   Saved: Full Stack Software Engineer (Python/Django) @ Schnabel Engineering
2026-09-05 12:50:10,154 INFO HTTP Request: PATCH https://nzzrpylddectbapxpazo.supabase.co/rest/v1/jobs?id=eq.adf5e147-8b6f-4414-9027-2a630566871b "HTTP/2 200 OK"
2026-09-05 12:50:11,826 INFO HTTP Request: GET https://nzzrpylddectbapxpazo.supabase.co/rest/v1/jobs?select=id&job_url=eq.https%3A%2F%2Fua.linkedin.com%2Fjobs%2Fview%2Fsenior-python-django-backend-engineer-at-spd-technology-4463379426 "HTTP/2 200 OK"
2026-09-05 12:50:11,980 INFO HTTP Request: POST https://nzzrpylddectbapxpazo.supabase.co/rest/v1/jobs "HTTP/2 201 Created"
2026-09-05 12:50:11,983 INFO   Saved: Senior Python/Django Backend Engineer @ SPD Technology
2026-09-05 12:50:14,765 INFO HTTP Request: PATCH https://nzzrpylddectbapxpazo.supabase.co/rest/v1/jobs?id=eq.9ba22c0e-9935-482f-b9c7-b9abdb2777bf "HTTP/2 200 OK"
2026-09-05 12:50:16,426 INFO HTTP Request: GET https://nzzrpylddectbapxpazo.supabase.co/rest/v1/jobs?select=id&job_url=eq.https%3A%2F%2Fit.linkedin.com%2Fjobs%2Fview%2Fsoftware-engineer-at-ticketoo-4462804105 "HTTP/2 200 OK"
2026-09-05 12:50:16,583 INFO HTTP Request: POST https://nzzrpylddectbapxpazo.supabase.co/rest/v1/jobs "HTTP/2 201 Created"
2026-09-05 12:50:16,585 INFO   Saved: Software Engineer @ Ticketoo
2026-09-05 12:50:19,121 INFO HTTP Request: PATCH https://nzzrpylddectbapxpazo.supabase.co/rest/v1/jobs?id=eq.ae931e28-2a94-4322-8b25-ba65e1dd1b3e "HTTP/2 200 OK"
2026-09-05 12:50:20,780 INFO HTTP Request: GET https://nzzrpylddectbapxpazo.supabase.co/rest/v1/jobs?select=id&job_url=eq.https%3A%2F%2Fgr.linkedin.com%2Fjobs%2Fview%2Fbackend-developer-at-metlen-4463316286 "HTTP/2 200 OK"
2026-09-05 12:50:20,933 INFO HTTP Request: GET https://nzzrpylddectbapxpazo.supabase.co/rest/v1/jobs?select=id&job_url=eq.https%3A%2F%2Fwww.linkedin.com%2Fjobs%2Fview%2Fpython-software-developer-at-advatix-latam-4462361684 "HTTP/2 200 OK"
2026-09-05 12:50:21,089 INFO HTTP Request: POST https://nzzrpylddectbapxpazo.supabase.co/rest/v1/jobs "HTTP/2 201 Created"
2026-09-05 12:50:21,091 INFO   Saved: Python/Software Developer @ Advatix LATAM
2026-09-05 12:50:23,657 INFO HTTP Request: PATCH https://nzzrpylddectbapxpazo.supabase.co/rest/v1/jobs?id=eq.4f888ab6-a2cc-4c62-80ba-d95eb5ac9081 "HTTP/2 200 OK"
2026-09-05 12:50:25,330 INFO HTTP Request: GET https://nzzrpylddectbapxpazo.supabase.co/rest/v1/jobs?select=id&job_url=eq.https%3A%2F%2Fin.linkedin.com%2Fjobs%2Fview%2Ffull-stack-engineer-at-sourcingxpress-4461737289 "HTTP/2 200 OK"
2026-09-05 12:50:25,488 INFO HTTP Request: POST https://nzzrpylddectbapxpazo.supabase.co/rest/v1/jobs "HTTP/2 201 Created"
2026-09-05 12:50:25,490 INFO   Saved: Full Stack Engineer @ SourcingXPress
2026-09-05 12:50:28,197 INFO HTTP Request: PATCH https://nzzrpylddectbapxpazo.supabase.co/rest/v1/jobs?id=eq.c54aba54-74cb-4a4a-9285-ef795215b64d "HTTP/2 200 OK"
2026-09-05 12:50:29,856 INFO HTTP Request: GET https://nzzrpylddectbapxpazo.supabase.co/rest/v1/jobs?select=id&job_url=eq.https%3A%2F%2Fin.linkedin.com%2Fjobs%2Fview%2Fsenior-python-backend-developer-at-wissen-technology-4461959484 "HTTP/2 200 OK"
2026-09-05 12:50:30,017 INFO HTTP Request: POST https://nzzrpylddectbapxpazo.supabase.co/rest/v1/jobs "HTTP/2 201 Created"
2026-09-05 12:50:30,018 INFO   Saved: Senior Python Backend Developer @ Wissen Technology
2026-09-05 12:50:32,809 INFO HTTP Request: PATCH https://nzzrpylddectbapxpazo.supabase.co/rest/v1/jobs?id=eq.7bfa7189-e640-436b-956b-3fc72037e124 "HTTP/2 200 OK"
2026-09-05 12:50:34,448 INFO HTTP Request: GET https://nzzrpylddectbapxpazo.supabase.co/rest/v1/jobs?select=id&job_url=eq.https%3A%2F%2Fin.linkedin.com%2Fjobs%2Fview%2Fsenior-backend-engineer-at-securityhq-4463333238 "HTTP/2 200 OK"
2026-09-05 12:50:34,898 INFO HTTP Request: POST https://nzzrpylddectbapxpazo.supabase.co/rest/v1/jobs "HTTP/2 201 Created"
2026-09-05 12:50:34,899 INFO   Saved: Senior Backend Engineer @ SecurityHQ
2026-09-05 12:50:37,678 INFO HTTP Request: PATCH https://nzzrpylddectbapxpazo.supabase.co/rest/v1/jobs?id=eq.4cc0387d-2ee9-4f27-a71c-31d01977b937 "HTTP/2 200 OK"
2026-09-05 12:50:39,183 INFO   Naukri: Backend Developer in Hyderabad
2026-09-05 12:50:46,347 INFO   Found 0 cards
2026-09-05 12:50:58,941 INFO   LinkedIn: Backend Developer in Hyderabad -> 25 found
2026-09-05 12:50:58,941 INFO   Naukri: Backend Developer in Bangalore
2026-09-05 12:51:06,100 INFO   Found 0 cards
2026-09-05 12:51:18,957 INFO   LinkedIn: Backend Developer in Bangalore -> 24 found
2026-09-05 12:51:18,958 INFO   Naukri: Backend Developer in Remote
2026-09-05 12:51:26,126 INFO   Found 0 cards
2026-09-05 12:51:40,055 INFO   LinkedIn: Backend Developer in Remote -> 24 found
2026-09-05 12:51:41,243 WARNING   YC API returned 406
2026-09-05 12:51:41,696 INFO HTTP Request: GET https://nzzrpylddectbapxpazo.supabase.co/rest/v1/jobs?select=id&job_url=eq.https%3A%2F%2Fvn.linkedin.com%2Fjobs%2Fview%2Fback-end-developer-at-career-today-4463304736 "HTTP/2 200 OK"
2026-09-05 12:51:41,898 INFO HTTP Request: POST https://nzzrpylddectbapxpazo.supabase.co/rest/v1/jobs "HTTP/2 201 Created"
2026-09-05 12:51:41,900 INFO   Saved: Back End Developer @ Career Today
2026-09-05 12:51:45,511 INFO HTTP Request: PATCH https://nzzrpylddectbapxpazo.supabase.co/rest/v1/jobs?id=eq.293f0df6-3583-43d5-b347-8b22bb0fd18a "HTTP/2 200 OK"
2026-09-05 12:51:47,409 INFO HTTP Request: GET https://nzzrpylddectbapxpazo.supabase.co/rest/v1/jobs?select=id&job_url=eq.https%3A%2F%2Fbg.linkedin.com%2Fjobs%2Fview%2Fengineer-backend-at-danfoss-4463397367 "HTTP/2 200 OK"
2026-09-05 12:51:47,565 INFO HTTP Request: POST https://nzzrpylddectbapxpazo.supabase.co/rest/v1/jobs "HTTP/2 201 Created"
2026-09-05 12:51:47,566 INFO   Saved: Engineer, Backend @ Danfoss
2026-09-05 12:51:50,938 INFO HTTP Request: PATCH https://nzzrpylddectbapxpazo.supabase.co/rest/v1/jobs?id=eq.2e2160d4-82d8-4b2d-aed5-76242b117b18 "HTTP/2 200 OK"
2026-09-05 12:51:52,615 INFO HTTP Request: GET https://nzzrpylddectbapxpazo.supabase.co/rest/v1/jobs?select=id&job_url=eq.https%3A%2F%2Fil.linkedin.com%2Fjobs%2Fview%2Fbackend-engineer-at-appsflyer-4440754567 "HTTP/2 200 OK"
2026-09-05 12:51:52,772 INFO HTTP Request: POST https://nzzrpylddectbapxpazo.supabase.co/rest/v1/jobs "HTTP/2 201 Created"
2026-09-05 12:51:52,774 INFO   Saved: Backend Engineer @ AppsFlyer
2026-09-05 12:51:56,357 INFO HTTP Request: PATCH https://nzzrpylddectbapxpazo.supabase.co/rest/v1/jobs?id=eq.3840f943-bc4c-4c5d-b690-6262045981cb "HTTP/2 200 OK"
2026-09-05 12:51:58,028 INFO HTTP Request: GET https://nzzrpylddectbapxpazo.supabase.co/rest/v1/jobs?select=id&job_url=eq.https%3A%2F%2Fgr.linkedin.com%2Fjobs%2Fview%2Fbackend-developer-at-metlen-4463316286 "HTTP/2 200 OK"
2026-09-05 12:51:58,189 INFO HTTP Request: GET https://nzzrpylddectbapxpazo.supabase.co/rest/v1/jobs?select=id&job_url=eq.https%3A%2F%2Flt.linkedin.com%2Fjobs%2Fview%2Fbackend-developer-golang-at-oxylabs-io-4463607287 "HTTP/2 200 OK"
2026-09-05 12:51:58,351 INFO HTTP Request: POST https://nzzrpylddectbapxpazo.supabase.co/rest/v1/jobs "HTTP/2 201 Created"
2026-09-05 12:51:58,352 INFO   Saved: Backend Developer (Golang) @ Oxylabs.io
2026-09-05 12:52:01,790 INFO HTTP Request: PATCH https://nzzrpylddectbapxpazo.supabase.co/rest/v1/jobs?id=eq.310b099a-fe81-4f70-a7c0-99291c68600f "HTTP/2 200 OK"
2026-09-05 12:52:03,472 INFO HTTP Request: GET https://nzzrpylddectbapxpazo.supabase.co/rest/v1/jobs?select=id&job_url=eq.https%3A%2F%2Fnl.linkedin.com%2Fjobs%2Fview%2Fmedior-backend-developer-kotlin-at-albert-heijn-4463629211 "HTTP/2 200 OK"
2026-09-05 12:52:03,627 INFO HTTP Request: POST https://nzzrpylddectbapxpazo.supabase.co/rest/v1/jobs "HTTP/2 201 Created"
2026-09-05 12:52:03,629 INFO   Saved: Medior Backend Developer (Kotlin) @ Albert Heijn
2026-09-05 12:52:07,109 INFO HTTP Request: PATCH https://nzzrpylddectbapxpazo.supabase.co/rest/v1/jobs?id=eq.42f2d801-9c74-432c-b067-d1e4d55e4328 "HTTP/2 200 OK"
2026-09-05 12:52:08,816 INFO HTTP Request: GET https://nzzrpylddectbapxpazo.supabase.co/rest/v1/jobs?select=id&job_url=eq.https%3A%2F%2Fbg.linkedin.com%2Fjobs%2Fview%2Fmid-level-python-developer-backend-at-sopra-steria-4458210757 "HTTP/2 200 OK"
2026-09-05 12:52:09,019 INFO HTTP Request: GET https://nzzrpylddectbapxpazo.supabase.co/rest/v1/jobs?select=id&job_url=eq.https%3A%2F%2Fvn.linkedin.com%2Fjobs%2Fview%2Fbackend-engineer-java-spring-boot-at-eastgate-software-4463340085 "HTTP/2 200 OK"
2026-09-05 12:52:09,183 INFO HTTP Request: POST https://nzzrpylddectbapxpazo.supabase.co/rest/v1/jobs "HTTP/2 201 Created"
2026-09-05 12:52:09,188 INFO   Saved: Backend Engineer (Java/ Spring Boot) @ Eastgate Software
2026-09-05 12:52:12,319 INFO HTTP Request: PATCH https://nzzrpylddectbapxpazo.supabase.co/rest/v1/jobs?id=eq.3d912e12-b4d3-4987-aad1-c4303d93b94a "HTTP/2 200 OK"
2026-09-05 12:52:14,138 INFO HTTP Request: GET https://nzzrpylddectbapxpazo.supabase.co/rest/v1/jobs?select=id&job_url=eq.https%3A%2F%2Fil.linkedin.com%2Fjobs%2Fview%2Fsenior-backend-engineer-at-melio-4443861537 "HTTP/2 200 OK"
2026-09-05 12:52:14,310 INFO HTTP Request: POST https://nzzrpylddectbapxpazo.supabase.co/rest/v1/jobs "HTTP/2 201 Created"
2026-09-05 12:52:14,313 INFO   Saved: Senior Backend Engineer @ Melio
2026-09-05 12:52:17,862 INFO HTTP Request: PATCH https://nzzrpylddectbapxpazo.supabase.co/rest/v1/jobs?id=eq.677edb80-eee7-48c3-986a-b26f7c4c74f9 "HTTP/2 200 OK"
2026-09-05 12:52:19,645 INFO HTTP Request: GET https://nzzrpylddectbapxpazo.supabase.co/rest/v1/jobs?select=id&job_url=eq.https%3A%2F%2Fsk.linkedin.com%2Fjobs%2Fview%2Fsoftware-engineer-at-cisco-4453507678 "HTTP/2 200 OK"
2026-09-05 12:52:19,826 INFO HTTP Request: POST https://nzzrpylddectbapxpazo.supabase.co/rest/v1/jobs "HTTP/2 201 Created"
2026-09-05 12:52:19,828 INFO   Saved: Software Engineer @ Cisco
2026-09-05 12:52:28,473 INFO HTTP Request: PATCH https://nzzrpylddectbapxpazo.supabase.co/rest/v1/jobs?id=eq.2d716889-3086-4e18-8591-4ecf59fb169b "HTTP/2 200 OK"
2026-09-05 12:52:30,231 INFO HTTP Request: GET https://nzzrpylddectbapxpazo.supabase.co/rest/v1/jobs?select=id&job_url=eq.https%3A%2F%2Fvn.linkedin.com%2Fjobs%2Fview%2Fsenior-software-engineer-at-momo-m-service-4461134986 "HTTP/2 200 OK"
2026-09-05 12:52:30,520 INFO HTTP Request: POST https://nzzrpylddectbapxpazo.supabase.co/rest/v1/jobs "HTTP/2 201 Created"
2026-09-05 12:52:30,523 INFO   Saved: Senior Software Engineer @ MoMo (M_Service)
2026-09-05 12:52:33,793 INFO HTTP Request: PATCH https://nzzrpylddectbapxpazo.supabase.co/rest/v1/jobs?id=eq.eb0f24db-1476-451a-bf26-7da8cfca72d5 "HTTP/2 200 OK"
2026-09-05 12:52:35,484 INFO HTTP Request: GET https://nzzrpylddectbapxpazo.supabase.co/rest/v1/jobs?select=id&job_url=eq.https%3A%2F%2Fro.linkedin.com%2Fjobs%2Fview%2Fsoftware-engineer-saas-at-riverbed-technology-4387216453 "HTTP/2 200 OK"
2026-09-05 12:52:35,649 INFO HTTP Request: POST https://nzzrpylddectbapxpazo.supabase.co/rest/v1/jobs "HTTP/2 201 Created"
2026-09-05 12:52:35,650 INFO   Saved: Software Engineer, SaaS @ Riverbed Technology
2026-09-05 12:52:38,790 INFO HTTP Request: PATCH https://nzzrpylddectbapxpazo.supabase.co/rest/v1/jobs?id=eq.d878a85f-bf64-4769-a5ed-3a33cb752c75 "HTTP/2 200 OK"
2026-09-05 12:52:40,505 INFO HTTP Request: GET https://nzzrpylddectbapxpazo.supabase.co/rest/v1/jobs?select=id&job_url=eq.https%3A%2F%2Flt.linkedin.com%2Fjobs%2Fview%2Fbackend-engineer-mid-senior-go-core-team-at-nord-security-4463382041 "HTTP/2 200 OK"
2026-09-05 12:52:41,192 INFO HTTP Request: POST https://nzzrpylddectbapxpazo.supabase.co/rest/v1/jobs "HTTP/2 201 Created"
2026-09-05 12:52:41,193 INFO   Saved: Backend Engineer | Mid - Senior | Go | Core Team @ Nord Security
2026-09-05 12:52:46,091 INFO HTTP Request: PATCH https://nzzrpylddectbapxpazo.supabase.co/rest/v1/jobs?id=eq.70f2b954-1c1d-41e7-9fa8-b30971022137 "HTTP/2 200 OK"
2026-09-05 12:52:48,420 INFO HTTP Request: GET https://nzzrpylddectbapxpazo.supabase.co/rest/v1/jobs?select=id&job_url=eq.https%3A%2F%2Fvn.linkedin.com%2Fjobs%2Fview%2Fbackend-developer-bpm-camunda-hanoi-at-mcredit-4463363395 "HTTP/2 200 OK"
2026-09-05 12:52:48,591 INFO HTTP Request: POST https://nzzrpylddectbapxpazo.supabase.co/rest/v1/jobs "HTTP/2 201 Created"
2026-09-05 12:52:48,592 INFO   Saved: Backend Developer - BPM Camunda | HaNoi @ Mcredit
2026-09-05 12:52:52,238 INFO HTTP Request: PATCH https://nzzrpylddectbapxpazo.supabase.co/rest/v1/jobs?id=eq.5b222891-13a9-492a-8741-4354ca051521 "HTTP/2 200 OK"
2026-09-05 12:52:54,122 INFO HTTP Request: GET https://nzzrpylddectbapxpazo.supabase.co/rest/v1/jobs?select=id&job_url=eq.https%3A%2F%2Fvn.linkedin.com%2Fjobs%2Fview%2Fjava-software-engineer-at-newera-inc-4461966371 "HTTP/2 200 OK"
2026-09-05 12:52:54,283 INFO HTTP Request: POST https://nzzrpylddectbapxpazo.supabase.co/rest/v1/jobs "HTTP/2 201 Created"
2026-09-05 12:52:54,284 INFO   Saved: Java Software Engineer @ NewEra Inc
2026-09-05 12:52:57,112 INFO HTTP Request: PATCH https://nzzrpylddectbapxpazo.supabase.co/rest/v1/jobs?id=eq.0b4d0f81-2fc8-489a-ae3e-670460cc1747 "HTTP/2 200 OK"
2026-09-05 12:52:58,852 INFO HTTP Request: GET https://nzzrpylddectbapxpazo.supabase.co/rest/v1/jobs?select=id&job_url=eq.https%3A%2F%2Fjp.linkedin.com%2Fjobs%2Fview%2Fbackend-engineer-paypay-securities-at-paypay-corporation-4413888337 "HTTP/2 200 OK"
2026-09-05 12:52:59,726 INFO HTTP Request: POST https://nzzrpylddectbapxpazo.supabase.co/rest/v1/jobs "HTTP/2 201 Created"
2026-09-05 12:52:59,727 INFO   Saved: Backend Engineer (PayPay Securities) @ PayPay Corporation
2026-09-05 12:53:05,193 INFO HTTP Request: PATCH https://nzzrpylddectbapxpazo.supabase.co/rest/v1/jobs?id=eq.eedcd60d-3f1d-49bc-b379-40b556ad17ac "HTTP/2 200 OK"
2026-09-05 12:53:06,998 INFO HTTP Request: GET https://nzzrpylddectbapxpazo.supabase.co/rest/v1/jobs?select=id&job_url=eq.https%3A%2F%2Flt.linkedin.com%2Fjobs%2Fview%2Fbackend-engineer-mid-senior-go-core-team-at-nord-security-4463371737 "HTTP/2 200 OK"
2026-09-05 12:53:07,185 INFO HTTP Request: POST https://nzzrpylddectbapxpazo.supabase.co/rest/v1/jobs "HTTP/2 201 Created"
2026-09-05 12:53:07,187 INFO   Saved: Backend Engineer | Mid - Senior | Go | Core Team @ Nord Security
2026-09-05 12:53:10,489 INFO HTTP Request: PATCH https://nzzrpylddectbapxpazo.supabase.co/rest/v1/jobs?id=eq.9dd24722-fe4b-4b30-9368-266785e4a400 "HTTP/2 200 OK"
2026-09-05 12:53:12,138 INFO HTTP Request: GET https://nzzrpylddectbapxpazo.supabase.co/rest/v1/jobs?select=id&job_url=eq.https%3A%2F%2Fgr.linkedin.com%2Fjobs%2Fview%2Fsenior-back-end-developer-django-fastapi-at-accenture-greece-4453251910 "HTTP/2 200 OK"
2026-09-05 12:53:12,293 INFO HTTP Request: POST https://nzzrpylddectbapxpazo.supabase.co/rest/v1/jobs "HTTP/2 201 Created"
2026-09-05 12:53:12,295 INFO   Saved: Senior Back-End Developer (Django/FastAPI) @ Accenture Greece
2026-09-05 12:53:16,789 INFO HTTP Request: PATCH https://nzzrpylddectbapxpazo.supabase.co/rest/v1/jobs?id=eq.343c262e-5e34-4c9a-bfa9-cc8bb502949b "HTTP/2 200 OK"
2026-09-05 12:53:18,729 INFO HTTP Request: GET https://nzzrpylddectbapxpazo.supabase.co/rest/v1/jobs?select=id&job_url=eq.https%3A%2F%2Fvn.linkedin.com%2Fjobs%2Fview%2Fsenior-backend-nodejs-at-helius-hcmc-4463320680 "HTTP/2 200 OK"
2026-09-05 12:53:18,926 INFO HTTP Request: POST https://nzzrpylddectbapxpazo.supabase.co/rest/v1/jobs "HTTP/2 201 Created"
2026-09-05 12:53:18,928 INFO   Saved: Senior Backend Nodejs @ Helius_HCMC
2026-09-05 12:53:23,408 INFO HTTP Request: PATCH https://nzzrpylddectbapxpazo.supabase.co/rest/v1/jobs?id=eq.79bfe2b3-dd3f-4bbd-8672-bb55bb06e520 "HTTP/2 200 OK"
2026-09-05 12:53:25,092 INFO HTTP Request: GET https://nzzrpylddectbapxpazo.supabase.co/rest/v1/jobs?select=id&job_url=eq.https%3A%2F%2Fse.linkedin.com%2Fjobs%2Fview%2Fsoftware-developer-at-billogram-4461176271 "HTTP/2 200 OK"
2026-09-05 12:53:25,247 INFO HTTP Request: POST https://nzzrpylddectbapxpazo.supabase.co/rest/v1/jobs "HTTP/2 201 Created"
2026-09-05 12:53:25,249 INFO   Saved: Software Developer @ Billogram
2026-09-05 12:53:29,829 INFO HTTP Request: PATCH https://nzzrpylddectbapxpazo.supabase.co/rest/v1/jobs?id=eq.663a8d87-384c-44af-a9eb-521262973b94 "HTTP/2 200 OK"
2026-09-05 12:53:31,532 INFO HTTP Request: GET https://nzzrpylddectbapxpazo.supabase.co/rest/v1/jobs?select=id&job_url=eq.https%3A%2F%2Fcn.linkedin.com%2Fjobs%2Fview%2Fsoftware-engineer-backend-at-shopback-4208164410 "HTTP/2 200 OK"
2026-09-05 12:53:31,722 INFO HTTP Request: POST https://nzzrpylddectbapxpazo.supabase.co/rest/v1/jobs "HTTP/2 201 Created"
2026-09-05 12:53:31,723 INFO   Saved: Software Engineer - Backend @ ShopBack
2026-09-05 12:53:34,952 INFO HTTP Request: PATCH https://nzzrpylddectbapxpazo.supabase.co/rest/v1/jobs?id=eq.28eaf999-d7de-47c9-8a66-018e7a8c37a7 "HTTP/2 200 OK"
2026-09-05 12:53:37,584 INFO HTTP Request: GET https://nzzrpylddectbapxpazo.supabase.co/rest/v1/jobs?select=id&job_url=eq.https%3A%2F%2Fgr.linkedin.com%2Fjobs%2Fview%2Fsoftware-engineer-backend-at-kaizen-gaming-4435443173 "HTTP/2 200 OK"
2026-09-05 12:53:37,783 INFO HTTP Request: POST https://nzzrpylddectbapxpazo.supabase.co/rest/v1/jobs "HTTP/2 201 Created"
2026-09-05 12:53:37,785 INFO   Saved: Software Engineer (Backend) @ Kaizen Gaming
2026-09-05 12:53:41,784 INFO HTTP Request: PATCH https://nzzrpylddectbapxpazo.supabase.co/rest/v1/jobs?id=eq.4f7cf0bb-e069-46af-81b5-0108d64a7fed "HTTP/2 200 OK"
2026-09-05 12:53:43,457 INFO HTTP Request: GET https://nzzrpylddectbapxpazo.supabase.co/rest/v1/jobs?select=id&job_url=eq.https%3A%2F%2Ftr.linkedin.com%2Fjobs%2Fview%2Fsoftware-engineer-at-good-job-games-4336667267 "HTTP/2 200 OK"
2026-09-05 12:53:43,989 INFO HTTP Request: POST https://nzzrpylddectbapxpazo.supabase.co/rest/v1/jobs "HTTP/2 201 Created"
2026-09-05 12:53:43,990 INFO   Saved: Software Engineer @ Good Job Games
2026-09-05 12:53:47,585 INFO HTTP Request: PATCH https://nzzrpylddectbapxpazo.supabase.co/rest/v1/jobs?id=eq.0bc39220-3d7b-4b50-9103-de14f138bbba "HTTP/2 200 OK"
2026-09-05 12:53:49,365 INFO HTTP Request: GET https://nzzrpylddectbapxpazo.supabase.co/rest/v1/jobs?select=id&job_url=eq.https%3A%2F%2Fro.linkedin.com%2Fjobs%2Fview%2Fsenior-backend-engineer-cluj-napoca-at-crafting-technologies-4461182165 "HTTP/2 200 OK"
2026-09-05 12:53:49,540 INFO HTTP Request: POST https://nzzrpylddectbapxpazo.supabase.co/rest/v1/jobs "HTTP/2 201 Created"
2026-09-05 12:53:49,542 INFO   Saved: Senior Backend Engineer | Cluj-Napoca @ Crafting Technologies
2026-09-05 12:53:52,555 INFO HTTP Request: PATCH https://nzzrpylddectbapxpazo.supabase.co/rest/v1/jobs?id=eq.e4ca5ade-f123-4a68-83d9-d68e78e87b50 "HTTP/2 200 OK"
2026-09-05 12:53:54,058 INFO   Naukri: Software Engineer Python in Hyderabad
2026-09-05 12:54:01,979 INFO   Found 0 cards
2026-09-05 12:54:15,012 INFO   LinkedIn: Software Engineer Python in Hyderabad -> 25 found
2026-09-05 12:54:15,012 INFO   Naukri: Software Engineer Python in Bangalore
2026-09-05 12:54:26,509 INFO   Found 0 cards
2026-09-05 12:54:40,615 INFO   LinkedIn: Software Engineer Python in Bangalore -> 25 found
2026-09-05 12:54:40,616 INFO   Naukri: Software Engineer Python in Remote
2026-09-05 12:54:47,931 INFO   Found 0 cards
2026-09-05 12:55:01,513 INFO   LinkedIn: Software Engineer Python in Remote -> 25 found
2026-09-05 12:55:02,744 WARNING   YC API returned 406
2026-09-05 12:55:03,067 INFO HTTP Request: GET https://nzzrpylddectbapxpazo.supabase.co/rest/v1/jobs?select=id&job_url=eq.https%3A%2F%2Fch.linkedin.com%2Fjobs%2Fview%2Fsoftware-engineer-python-all-genders-at-axa-switzerland-4461120917 "HTTP/2 200 OK"
2026-09-05 12:55:03,218 INFO HTTP Request: GET https://nzzrpylddectbapxpazo.supabase.co/rest/v1/jobs?select=id&job_url=eq.https%3A%2F%2Fde.linkedin.com%2Fjobs%2Fview%2Fbackend-engineer-at-tibber-4461974050 "HTTP/2 200 OK"
2026-09-05 12:55:03,367 INFO HTTP Request: GET https://nzzrpylddectbapxpazo.supabase.co/rest/v1/jobs?select=id&job_url=eq.https%3A%2F%2Fch.linkedin.com%2Fjobs%2Fview%2Fsoftware-engineer-python-all-genders-at-axa-4463335426 "HTTP/2 200 OK"
2026-09-05 12:55:03,518 INFO HTTP Request: GET https://nzzrpylddectbapxpazo.supabase.co/rest/v1/jobs?select=id&job_url=eq.https%3A%2F%2Fuk.linkedin.com%2Fjobs%2Fview%2Fpython-software-engineer-iii-at-jpmorganchase-4454099846 "HTTP/2 200 OK"
2026-09-05 12:55:03,687 INFO HTTP Request: POST https://nzzrpylddectbapxpazo.supabase.co/rest/v1/jobs "HTTP/2 201 Created"
2026-09-05 12:55:03,688 INFO   Saved: Python Software Engineer III @ JPMorganChase
2026-09-05 12:55:06,342 INFO HTTP Request: PATCH https://nzzrpylddectbapxpazo.supabase.co/rest/v1/jobs?id=eq.de818e54-7aa8-4d2b-8ca5-b0df3ae2db32 "HTTP/2 200 OK"
2026-09-05 12:55:08,036 INFO HTTP Request: GET https://nzzrpylddectbapxpazo.supabase.co/rest/v1/jobs?select=id&job_url=eq.https%3A%2F%2Fnl.linkedin.com%2Fjobs%2Fview%2Fpython-software-engineer-knowledge-infrastructure-at-adyen-4462320420 "HTTP/2 200 OK"
2026-09-05 12:55:08,205 INFO HTTP Request: GET https://nzzrpylddectbapxpazo.supabase.co/rest/v1/jobs?select=id&job_url=eq.https%3A%2F%2Fuk.linkedin.com%2Fjobs%2Fview%2Fpython-developer-at-venture-up-4463319707 "HTTP/2 200 OK"
2026-09-05 12:55:08,365 INFO HTTP Request: POST https://nzzrpylddectbapxpazo.supabase.co/rest/v1/jobs "HTTP/2 201 Created"
2026-09-05 12:55:08,367 INFO   Saved: Python Developer @ Venture Up
2026-09-05 12:55:10,973 INFO HTTP Request: PATCH https://nzzrpylddectbapxpazo.supabase.co/rest/v1/jobs?id=eq.8186f143-c7aa-428e-b79f-341a368e7ffe "HTTP/2 200 OK"
2026-09-05 12:55:13,075 INFO HTTP Request: GET https://nzzrpylddectbapxpazo.supabase.co/rest/v1/jobs?select=id&job_url=eq.https%3A%2F%2Fuk.linkedin.com%2Fjobs%2Fview%2Fpython-developer-london-up-to-%25C2%25A3160-000-starting-base-%252B-exceptional-bonuses-benefits-at-hunter-bond-4461155319 "HTTP/2 200 OK"
2026-09-05 12:55:13,294 INFO HTTP Request: POST https://nzzrpylddectbapxpazo.supabase.co/rest/v1/jobs "HTTP/2 201 Created"
2026-09-05 12:55:13,297 INFO   Saved: Python Developer - London - Up to £160,000 Starting Base + Exceptional Bonuses/Benefits @ Hunter Bond
2026-09-05 12:55:15,911 INFO HTTP Request: PATCH https://nzzrpylddectbapxpazo.supabase.co/rest/v1/jobs?id=eq.6aa68651-96c8-42e3-bbe4-3e11ca1b9de6 "HTTP/2 200 OK"
2026-09-05 12:55:17,611 INFO HTTP Request: GET https://nzzrpylddectbapxpazo.supabase.co/rest/v1/jobs?select=id&job_url=eq.https%3A%2F%2Fnl.linkedin.com%2Fjobs%2Fview%2Fplatform-engineer-at-adyen-4453249118 "HTTP/2 200 OK"
2026-09-05 12:55:17,762 INFO HTTP Request: POST https://nzzrpylddectbapxpazo.supabase.co/rest/v1/jobs "HTTP/2 201 Created"
2026-09-05 12:55:17,763 INFO   Saved: Platform Engineer @ Adyen
2026-09-05 12:55:20,588 INFO HTTP Request: PATCH https://nzzrpylddectbapxpazo.supabase.co/rest/v1/jobs?id=eq.7baab283-8adf-464b-be51-d58818fc3bc3 "HTTP/2 200 OK"
2026-09-05 12:55:22,228 INFO HTTP Request: GET https://nzzrpylddectbapxpazo.supabase.co/rest/v1/jobs?select=id&job_url=eq.https%3A%2F%2Fuk.linkedin.com%2Fjobs%2Fview%2Fpython-developer-at-virtuetech-recruitment-group-4461181010 "HTTP/2 200 OK"
2026-09-05 12:55:22,386 INFO HTTP Request: GET https://nzzrpylddectbapxpazo.supabase.co/rest/v1/jobs?select=id&job_url=eq.https%3A%2F%2Fuk.linkedin.com%2Fjobs%2Fview%2Fbackend-engineer-at-formula-4463339402 "HTTP/2 200 OK"
2026-09-05 12:55:22,536 INFO HTTP Request: POST https://nzzrpylddectbapxpazo.supabase.co/rest/v1/jobs "HTTP/2 201 Created"
2026-09-05 12:55:22,539 INFO   Saved: Backend Engineer @ Formula.
2026-09-05 12:55:25,112 INFO HTTP Request: PATCH https://nzzrpylddectbapxpazo.supabase.co/rest/v1/jobs?id=eq.5e1e86db-4428-422d-a53f-6ff7abbec53f "HTTP/2 200 OK"
2026-09-05 12:55:26,778 INFO HTTP Request: GET https://nzzrpylddectbapxpazo.supabase.co/rest/v1/jobs?select=id&job_url=eq.https%3A%2F%2Fuk.linkedin.com%2Fjobs%2Fview%2Fbackend-software-engineer-python-data-r-d-at-client-server-4463313976 "HTTP/2 200 OK"
2026-09-05 12:55:26,931 INFO HTTP Request: POST https://nzzrpylddectbapxpazo.supabase.co/rest/v1/jobs "HTTP/2 201 Created"
2026-09-05 12:55:26,933 INFO   Saved: Backend Software Engineer Python Data R&D @ Client Server
2026-09-05 12:55:29,665 INFO HTTP Request: PATCH https://nzzrpylddectbapxpazo.supabase.co/rest/v1/jobs?id=eq.0930da18-ef34-4657-881c-81b81135f357 "HTTP/2 200 OK"
2026-09-05 12:55:31,614 INFO HTTP Request: GET https://nzzrpylddectbapxpazo.supabase.co/rest/v1/jobs?select=id&job_url=eq.https%3A%2F%2Fuk.linkedin.com%2Fjobs%2Fview%2Fsoftware-engineer-at-platform-recruitment-4461160142 "HTTP/2 200 OK"
2026-09-05 12:55:31,766 INFO HTTP Request: POST https://nzzrpylddectbapxpazo.supabase.co/rest/v1/jobs "HTTP/2 201 Created"
2026-09-05 12:55:31,767 INFO   Saved: Software Engineer @ Platform Recruitment
2026-09-05 12:55:34,273 INFO HTTP Request: PATCH https://nzzrpylddectbapxpazo.supabase.co/rest/v1/jobs?id=eq.59861a77-e677-474e-9ec0-6c60664aabd2 "HTTP/2 200 OK"
2026-09-05 12:55:35,936 INFO HTTP Request: GET https://nzzrpylddectbapxpazo.supabase.co/rest/v1/jobs?select=id&job_url=eq.https%3A%2F%2Fuk.linkedin.com%2Fjobs%2Fview%2Fback-end-engineer-at-renesas-electronics-4417754104 "HTTP/2 200 OK"
2026-09-05 12:55:36,092 INFO HTTP Request: POST https://nzzrpylddectbapxpazo.supabase.co/rest/v1/jobs "HTTP/2 201 Created"
2026-09-05 12:55:36,093 INFO   Saved: Back-end Engineer @ Renesas Electronics
2026-09-05 12:55:39,128 INFO HTTP Request: PATCH https://nzzrpylddectbapxpazo.supabase.co/rest/v1/jobs?id=eq.1cd23c5a-41d1-4f95-9ffc-9b3116b92514 "HTTP/2 200 OK"
2026-09-05 12:55:40,797 INFO HTTP Request: GET https://nzzrpylddectbapxpazo.supabase.co/rest/v1/jobs?select=id&job_url=eq.https%3A%2F%2Fde.linkedin.com%2Fjobs%2Fview%2Fbackend-engineer-python-at-glassflow-4461132558 "HTTP/2 200 OK"
2026-09-05 12:55:40,947 INFO HTTP Request: GET https://nzzrpylddectbapxpazo.supabase.co/rest/v1/jobs?select=id&job_url=eq.https%3A%2F%2Fgr.linkedin.com%2Fjobs%2Fview%2Fbackend-developer-at-metlen-4463316286 "HTTP/2 200 OK"
2026-09-05 12:55:41,098 INFO HTTP Request: GET https://nzzrpylddectbapxpazo.supabase.co/rest/v1/jobs?select=id&job_url=eq.https%3A%2F%2Fse.linkedin.com%2Fjobs%2Fview%2Fbackend-engineer-at-tibber-4461160961 "HTTP/2 200 OK"
2026-09-05 12:55:41,251 INFO HTTP Request: POST https://nzzrpylddectbapxpazo.supabase.co/rest/v1/jobs "HTTP/2 201 Created"
2026-09-05 12:55:41,252 INFO   Saved: Backend Engineer @ Tibber
2026-09-05 12:55:43,758 INFO HTTP Request: PATCH https://nzzrpylddectbapxpazo.supabase.co/rest/v1/jobs?id=eq.6f82cac0-777a-4819-a363-0ffbf9d1a317 "HTTP/2 200 OK"
2026-09-05 12:55:45,437 INFO HTTP Request: GET https://nzzrpylddectbapxpazo.supabase.co/rest/v1/jobs?select=id&job_url=eq.https%3A%2F%2Fuk.linkedin.com%2Fjobs%2Fview%2Fbackend-engineer-up-to-%25C2%25A3120k-at-dex-4463712335 "HTTP/2 200 OK"
2026-09-05 12:55:45,587 INFO HTTP Request: POST https://nzzrpylddectbapxpazo.supabase.co/rest/v1/jobs "HTTP/2 201 Created"
2026-09-05 12:55:45,589 INFO   Saved: Backend Engineer (up to £120k) @ Dex
2026-09-05 12:55:48,088 INFO HTTP Request: PATCH https://nzzrpylddectbapxpazo.supabase.co/rest/v1/jobs?id=eq.69d2f60b-f2be-41d9-bff6-e5b247e11087 "HTTP/2 200 OK"
2026-09-05 12:55:49,736 INFO HTTP Request: GET https://nzzrpylddectbapxpazo.supabase.co/rest/v1/jobs?select=id&job_url=eq.https%3A%2F%2Fit.linkedin.com%2Fjobs%2Fview%2Fsoftware-engineer-at-ticketoo-4462804105 "HTTP/2 200 OK"
2026-09-05 12:55:49,886 INFO HTTP Request: GET https://nzzrpylddectbapxpazo.supabase.co/rest/v1/jobs?select=id&job_url=eq.https%3A%2F%2Fie.linkedin.com%2Fjobs%2Fview%2Ffull-stack-engineer-at-proofpoint-4454048700 "HTTP/2 200 OK"
2026-09-05 12:55:50,035 INFO HTTP Request: POST https://nzzrpylddectbapxpazo.supabase.co/rest/v1/jobs "HTTP/2 201 Created"
2026-09-05 12:55:50,036 INFO   Saved: Full Stack Engineer @ Proofpoint
2026-09-05 12:55:52,602 INFO HTTP Request: PATCH https://nzzrpylddectbapxpazo.supabase.co/rest/v1/jobs?id=eq.d688140f-f7ef-4ae3-afe3-1407c4825f18 "HTTP/2 200 OK"
2026-09-05 12:55:54,277 INFO HTTP Request: GET https://nzzrpylddectbapxpazo.supabase.co/rest/v1/jobs?select=id&job_url=eq.https%3A%2F%2Fuk.linkedin.com%2Fjobs%2Fview%2Fsoftware-engineer-python-sql-market-data-at-client-server-4463340039 "HTTP/2 200 OK"
2026-09-05 12:55:54,436 INFO HTTP Request: POST https://nzzrpylddectbapxpazo.supabase.co/rest/v1/jobs "HTTP/2 201 Created"
2026-09-05 12:55:54,437 INFO   Saved: Software Engineer Python SQL - Market Data @ Client Server
2026-09-05 12:55:57,108 INFO HTTP Request: PATCH https://nzzrpylddectbapxpazo.supabase.co/rest/v1/jobs?id=eq.4a58fc2d-d933-4cd0-8da2-4375f87e0f3e "HTTP/2 200 OK"
2026-09-05 12:55:58,774 INFO HTTP Request: GET https://nzzrpylddectbapxpazo.supabase.co/rest/v1/jobs?select=id&job_url=eq.https%3A%2F%2Fch.linkedin.com%2Fjobs%2Fview%2Fsoftware-engineer-integration-at-cdds-4463394534 "HTTP/2 200 OK"
2026-09-05 12:55:58,928 INFO HTTP Request: POST https://nzzrpylddectbapxpazo.supabase.co/rest/v1/jobs "HTTP/2 201 Created"
2026-09-05 12:55:58,928 INFO   Saved: Software Engineer Integration @ CDDS
2026-09-05 12:56:01,887 INFO HTTP Request: PATCH https://nzzrpylddectbapxpazo.supabase.co/rest/v1/jobs?id=eq.cb82226e-1051-4a9f-91ba-6302044b4df9 "HTTP/2 200 OK"
2026-09-05 12:56:03,551 INFO HTTP Request: GET https://nzzrpylddectbapxpazo.supabase.co/rest/v1/jobs?select=id&job_url=eq.https%3A%2F%2Fuk.linkedin.com%2Fjobs%2Fview%2Fpython-software-engineer-at-validus-risk-management-4463342249 "HTTP/2 200 OK"
2026-09-05 12:56:03,703 INFO HTTP Request: POST https://nzzrpylddectbapxpazo.supabase.co/rest/v1/jobs "HTTP/2 201 Created"
2026-09-05 12:56:03,705 INFO   Saved: Python Software Engineer @ Validus Risk Management
2026-09-05 12:56:06,586 INFO HTTP Request: PATCH https://nzzrpylddectbapxpazo.supabase.co/rest/v1/jobs?id=eq.3240ebaa-d69a-4d83-ba01-9cf49252244c "HTTP/2 200 OK"
2026-09-05 12:56:08,243 INFO HTTP Request: GET https://nzzrpylddectbapxpazo.supabase.co/rest/v1/jobs?select=id&job_url=eq.https%3A%2F%2Fuk.linkedin.com%2Fjobs%2Fview%2Fpython-engineer-beacon-%25E2%2580%2593-gas-power-renewables-technology-at-trafigura-4441802206 "HTTP/2 200 OK"
2026-09-05 12:56:08,401 INFO HTTP Request: POST https://nzzrpylddectbapxpazo.supabase.co/rest/v1/jobs "HTTP/2 201 Created"
2026-09-05 12:56:08,403 INFO   Saved: Python Engineer, Beacon – Gas, Power & Renewables Technology @ Trafigura
2026-09-05 12:56:11,440 INFO HTTP Request: PATCH https://nzzrpylddectbapxpazo.supabase.co/rest/v1/jobs?id=eq.0297cb52-0df9-4d18-b1ff-2e9c5ea1781b "HTTP/2 200 OK"
2026-09-05 12:56:13,108 INFO HTTP Request: GET https://nzzrpylddectbapxpazo.supabase.co/rest/v1/jobs?select=id&job_url=eq.https%3A%2F%2Ffi.linkedin.com%2Fjobs%2Fview%2Fsoftware-engineer-at-engradar-4463600324 "HTTP/2 200 OK"
2026-09-05 12:56:13,267 INFO HTTP Request: POST https://nzzrpylddectbapxpazo.supabase.co/rest/v1/jobs "HTTP/2 201 Created"
2026-09-05 12:56:13,268 INFO   Saved: Software Engineer @ EngRadar
2026-09-05 12:56:16,089 INFO HTTP Request: PATCH https://nzzrpylddectbapxpazo.supabase.co/rest/v1/jobs?id=eq.ab71f97e-0907-4879-8cfe-6a88cc834dad "HTTP/2 200 OK"
2026-09-05 12:56:17,768 INFO HTTP Request: GET https://nzzrpylddectbapxpazo.supabase.co/rest/v1/jobs?select=id&job_url=eq.https%3A%2F%2Fpt.linkedin.com%2Fjobs%2Fview%2Fai-backend-engineer-m-f-d-at-siemens-4443899194 "HTTP/2 200 OK"
2026-09-05 12:56:17,921 INFO HTTP Request: POST https://nzzrpylddectbapxpazo.supabase.co/rest/v1/jobs "HTTP/2 201 Created"
2026-09-05 12:56:17,923 INFO   Saved: AI Backend Engineer (m/f/d) @ Siemens
2026-09-05 12:56:20,993 INFO HTTP Request: PATCH https://nzzrpylddectbapxpazo.supabase.co/rest/v1/jobs?id=eq.7beee59a-b45b-4e52-9741-3eae6c9285cb "HTTP/2 200 OK"
2026-09-05 12:56:22,491 INFO   Naukri: Data Analyst Python in Hyderabad
2026-09-05 12:56:29,764 INFO   Found 0 cards
2026-09-05 12:56:43,722 INFO   LinkedIn: Data Analyst Python in Hyderabad -> 25 found
2026-09-05 12:56:43,722 INFO   Naukri: Data Analyst Python in Bangalore
2026-09-05 12:56:50,889 INFO   Found 0 cards
2026-09-05 12:57:03,735 INFO   LinkedIn: Data Analyst Python in Bangalore -> 25 found
2026-09-05 12:57:03,736 INFO   Naukri: Data Analyst Python in Remote
2026-09-05 12:57:10,873 INFO   Found 0 cards
2026-09-05 12:57:23,535 INFO   LinkedIn: Data Analyst Python in Remote -> 25 found
2026-09-05 12:57:24,698 WARNING   YC API returned 406
2026-09-05 12:57:25,468 INFO HTTP Request: GET https://nzzrpylddectbapxpazo.supabase.co/rest/v1/jobs?select=id&job_url=eq.https%3A%2F%2Fpk.linkedin.com%2Fjobs%2Fview%2Fdata-scientist-python-remote-at-hired-4463697342 "HTTP/2 200 OK"
2026-09-05 12:57:25,652 INFO HTTP Request: POST https://nzzrpylddectbapxpazo.supabase.co/rest/v1/jobs "HTTP/2 201 Created"
2026-09-05 12:57:25,654 INFO   Saved: Data Scientist - Python (Remote) @ Hired
2026-09-05 12:57:28,201 INFO HTTP Request: PATCH https://nzzrpylddectbapxpazo.supabase.co/rest/v1/jobs?id=eq.38c1c8f5-50f7-43fe-82e6-9245c32de7b5 "HTTP/2 200 OK"
2026-09-05 12:57:30,202 INFO HTTP Request: GET https://nzzrpylddectbapxpazo.supabase.co/rest/v1/jobs?select=id&job_url=eq.https%3A%2F%2Fes.linkedin.com%2Fjobs%2Fview%2Fdata-scientist-at-smadex-4461143360 "HTTP/2 200 OK"
2026-09-05 12:57:30,362 INFO HTTP Request: POST https://nzzrpylddectbapxpazo.supabase.co/rest/v1/jobs "HTTP/2 201 Created"
2026-09-05 12:57:30,363 INFO   Saved: Data Scientist @ Smadex
2026-09-05 12:57:33,008 INFO HTTP Request: PATCH https://nzzrpylddectbapxpazo.supabase.co/rest/v1/jobs?id=eq.fa657872-7f42-406c-89df-d55dab0c3b5c "HTTP/2 200 OK"
2026-09-05 12:57:34,668 INFO HTTP Request: GET https://nzzrpylddectbapxpazo.supabase.co/rest/v1/jobs?select=id&job_url=eq.https%3A%2F%2Fes.linkedin.com%2Fjobs%2Fview%2Fdata-analytics-engineer-they-she-he-at-glovo-4461959385 "HTTP/2 200 OK"
2026-09-05 12:57:34,825 INFO HTTP Request: POST https://nzzrpylddectbapxpazo.supabase.co/rest/v1/jobs "HTTP/2 201 Created"
2026-09-05 12:57:34,826 INFO   Saved: Data Analytics Engineer (They/She/He) @ Glovo
2026-09-05 12:57:37,461 INFO HTTP Request: PATCH https://nzzrpylddectbapxpazo.supabase.co/rest/v1/jobs?id=eq.a771a82a-4469-45f9-9187-46d573d20e55 "HTTP/2 200 OK"
2026-09-05 12:57:39,140 INFO HTTP Request: GET https://nzzrpylddectbapxpazo.supabase.co/rest/v1/jobs?select=id&job_url=eq.https%3A%2F%2Fgr.linkedin.com%2Fjobs%2Fview%2Fbi-developer-data-analytics-unit-%2540-thessaloniki-at-deloitte-4445920049 "HTTP/2 200 OK"
2026-09-05 12:57:39,292 INFO HTTP Request: POST https://nzzrpylddectbapxpazo.supabase.co/rest/v1/jobs "HTTP/2 201 Created"
2026-09-05 12:57:39,293 INFO   Saved: BI Developer - Data & Analytics Unit @ Thessaloniki @ Deloitte
2026-09-05 12:57:42,034 INFO HTTP Request: PATCH https://nzzrpylddectbapxpazo.supabase.co/rest/v1/jobs?id=eq.06a0de60-c7c5-4281-8893-ae78d7f13c03 "HTTP/2 200 OK"
2026-09-05 12:57:43,697 INFO HTTP Request: GET https://nzzrpylddectbapxpazo.supabase.co/rest/v1/jobs?select=id&job_url=eq.https%3A%2F%2Fes.linkedin.com%2Fjobs%2Fview%2Fai-engineer-at-volkswagen-group-services-barcelona-4461124962 "HTTP/2 200 OK"
2026-09-05 12:57:43,848 INFO HTTP Request: POST https://nzzrpylddectbapxpazo.supabase.co/rest/v1/jobs "HTTP/2 201 Created"
2026-09-05 12:57:43,849 INFO   Saved: AI Engineer @ Volkswagen Group Services Barcelona
2026-09-05 12:57:46,563 INFO HTTP Request: PATCH https://nzzrpylddectbapxpazo.supabase.co/rest/v1/jobs?id=eq.bcdf30e3-cf6d-45bf-a561-a7a59ae25a5a "HTTP/2 200 OK"
2026-09-05 12:57:48,232 INFO HTTP Request: GET https://nzzrpylddectbapxpazo.supabase.co/rest/v1/jobs?select=id&job_url=eq.https%3A%2F%2Fes.linkedin.com%2Fjobs%2Fview%2Ftechnical-data-analyst-at-mrm-4435135373 "HTTP/2 200 OK"
2026-09-05 12:57:48,383 INFO HTTP Request: POST https://nzzrpylddectbapxpazo.supabase.co/rest/v1/jobs "HTTP/2 201 Created"
2026-09-05 12:57:48,384 INFO   Saved: Technical Data Analyst @ MRM
2026-09-05 12:57:50,960 INFO HTTP Request: PATCH https://nzzrpylddectbapxpazo.supabase.co/rest/v1/jobs?id=eq.e027d8a2-06ae-4957-a048-8b10f2fbb500 "HTTP/2 200 OK"
2026-09-05 12:57:52,628 INFO HTTP Request: GET https://nzzrpylddectbapxpazo.supabase.co/rest/v1/jobs?select=id&job_url=eq.https%3A%2F%2Fgr.linkedin.com%2Fjobs%2Fview%2Fdata-engineer-for-newra-part-of-accenture-at-accenture-greece-4453262028 "HTTP/2 200 OK"
2026-09-05 12:57:52,781 INFO HTTP Request: POST https://nzzrpylddectbapxpazo.supabase.co/rest/v1/jobs "HTTP/2 201 Created"
2026-09-05 12:57:52,782 INFO   Saved: Data Engineer for Newra, Part of Accenture @ Accenture Greece
2026-09-05 12:57:55,330 INFO HTTP Request: PATCH https://nzzrpylddectbapxpazo.supabase.co/rest/v1/jobs?id=eq.65ae7adc-afb7-48de-bbb9-80a8c4d9d9c9 "HTTP/2 200 OK"
2026-09-05 12:57:57,009 INFO HTTP Request: GET https://nzzrpylddectbapxpazo.supabase.co/rest/v1/jobs?select=id&job_url=eq.https%3A%2F%2Fcy.linkedin.com%2Fjobs%2Fview%2Fmachine-learning-analyst-data-science-at-criteo-4454055818 "HTTP/2 200 OK"
2026-09-05 12:57:57,169 INFO HTTP Request: POST https://nzzrpylddectbapxpazo.supabase.co/rest/v1/jobs "HTTP/2 201 Created"
2026-09-05 12:57:57,170 INFO   Saved: Machine Learning Analyst - Data Science @ Criteo
2026-09-05 12:57:59,701 INFO HTTP Request: PATCH https://nzzrpylddectbapxpazo.supabase.co/rest/v1/jobs?id=eq.a5f2f785-5717-4902-9da7-6144dceed8e2 "HTTP/2 200 OK"
2026-09-05 12:58:01,398 INFO HTTP Request: GET https://nzzrpylddectbapxpazo.supabase.co/rest/v1/jobs?select=id&job_url=eq.https%3A%2F%2Fro.linkedin.com%2Fjobs%2Fview%2Fai-data-science-engineer-at-luxoft-4463323466 "HTTP/2 200 OK"
2026-09-05 12:58:01,559 INFO HTTP Request: POST https://nzzrpylddectbapxpazo.supabase.co/rest/v1/jobs "HTTP/2 201 Created"
2026-09-05 12:58:01,561 INFO   Saved: AI Data Science Engineer @ Luxoft
2026-09-05 12:58:04,500 INFO HTTP Request: PATCH https://nzzrpylddectbapxpazo.supabase.co/rest/v1/jobs?id=eq.98c2b97b-4237-4ef7-abc8-fcf1947900bc "HTTP/2 200 OK"
2026-09-05 12:58:06,165 INFO HTTP Request: GET https://nzzrpylddectbapxpazo.supabase.co/rest/v1/jobs?select=id&job_url=eq.https%3A%2F%2Fae.linkedin.com%2Fjobs%2Fview%2Fdata-scientist-python-remote-at-hire-feed-4463689935 "HTTP/2 200 OK"
2026-09-05 12:58:06,327 INFO HTTP Request: POST https://nzzrpylddectbapxpazo.supabase.co/rest/v1/jobs "HTTP/2 201 Created"
2026-09-05 12:58:06,329 INFO   Saved: Data Scientist - Python (Remote) @ Hire Feed
2026-09-05 12:58:09,771 INFO HTTP Request: PATCH https://nzzrpylddectbapxpazo.supabase.co/rest/v1/jobs?id=eq.d26b9cd0-6c00-4784-9384-02998ef09b40 "HTTP/2 200 OK"
2026-09-05 12:58:11,442 INFO HTTP Request: GET https://nzzrpylddectbapxpazo.supabase.co/rest/v1/jobs?select=id&job_url=eq.https%3A%2F%2Fcy.linkedin.com%2Fjobs%2Fview%2Fmachine-learning-analyst-data-science-at-criteo-deutschland-4461169481 "HTTP/2 200 OK"
2026-09-05 12:58:11,602 INFO HTTP Request: POST https://nzzrpylddectbapxpazo.supabase.co/rest/v1/jobs "HTTP/2 201 Created"
2026-09-05 12:58:11,606 INFO   Saved: Machine Learning Analyst - Data Science @ Criteo Deutschland
2026-09-05 12:58:15,305 INFO HTTP Request: PATCH https://nzzrpylddectbapxpazo.supabase.co/rest/v1/jobs?id=eq.05251034-5a45-4531-9f37-35e6e42cca6a "HTTP/2 200 OK"
2026-09-05 12:58:16,977 INFO HTTP Request: GET https://nzzrpylddectbapxpazo.supabase.co/rest/v1/jobs?select=id&job_url=eq.https%3A%2F%2Fes.linkedin.com%2Fjobs%2Fview%2Fjunior-pyspark-developer-machine-learning-at-bcnc-group-4461740937 "HTTP/2 200 OK"
2026-09-05 12:58:17,145 INFO HTTP Request: POST https://nzzrpylddectbapxpazo.supabase.co/rest/v1/jobs "HTTP/2 201 Created"
2026-09-05 12:58:17,147 INFO   Saved: Junior PySpark Developer | Machine Learning @ BCNC GROUP
2026-09-05 12:58:20,822 INFO HTTP Request: PATCH https://nzzrpylddectbapxpazo.supabase.co/rest/v1/jobs?id=eq.03072534-c131-4c5b-a883-4d75110a4312 "HTTP/2 200 OK"
2026-09-05 12:58:22,486 INFO HTTP Request: GET https://nzzrpylddectbapxpazo.supabase.co/rest/v1/jobs?select=id&job_url=eq.https%3A%2F%2Fes.linkedin.com%2Fjobs%2Fview%2Fdata-scientist-deutsche-telekom-m-f-d-at-t-systems-iberia-4410707248 "HTTP/2 200 OK"
2026-09-05 12:58:22,648 INFO HTTP Request: POST https://nzzrpylddectbapxpazo.supabase.co/rest/v1/jobs "HTTP/2 201 Created"
2026-09-05 12:58:22,649 INFO   Saved: Data Scientist Deutsche Telekom (m/f/d) @ T-Systems Iberia
2026-09-05 12:58:25,769 INFO HTTP Request: PATCH https://nzzrpylddectbapxpazo.supabase.co/rest/v1/jobs?id=eq.cd60fdaa-bfeb-412d-bf70-233111ece422 "HTTP/2 200 OK"
2026-09-05 12:58:27,716 INFO HTTP Request: GET https://nzzrpylddectbapxpazo.supabase.co/rest/v1/jobs?select=id&job_url=eq.https%3A%2F%2Flt.linkedin.com%2Fjobs%2Fview%2Fdata-engineer-f-m-d-at-ignitis-group-4463327426 "HTTP/2 200 OK"
2026-09-05 12:58:27,878 INFO HTTP Request: POST https://nzzrpylddectbapxpazo.supabase.co/rest/v1/jobs "HTTP/2 201 Created"
2026-09-05 12:58:27,879 INFO   Saved: DATA ENGINEER (F/M/D) @ Ignitis Group
2026-09-05 12:58:31,485 INFO HTTP Request: PATCH https://nzzrpylddectbapxpazo.supabase.co/rest/v1/jobs?id=eq.836132d3-f40b-4e03-9ed5-28245e8bb5a6 "HTTP/2 200 OK"
2026-09-05 12:58:33,166 INFO HTTP Request: GET https://nzzrpylddectbapxpazo.supabase.co/rest/v1/jobs?select=id&job_url=eq.https%3A%2F%2Fpt.linkedin.com%2Fjobs%2Fview%2Fdata-scientist-at-wbrain-4463336345 "HTTP/2 200 OK"
2026-09-05 12:58:33,326 INFO HTTP Request: POST https://nzzrpylddectbapxpazo.supabase.co/rest/v1/jobs "HTTP/2 201 Created"
2026-09-05 12:58:33,328 INFO   Saved: Data Scientist @ wBrain
2026-09-05 12:58:36,525 INFO HTTP Request: PATCH https://nzzrpylddectbapxpazo.supabase.co/rest/v1/jobs?id=eq.4fb97d59-7178-4380-8e95-435240953be9 "HTTP/2 200 OK"
2026-09-05 12:58:38,177 INFO HTTP Request: GET https://nzzrpylddectbapxpazo.supabase.co/rest/v1/jobs?select=id&job_url=eq.https%3A%2F%2Fes.linkedin.com%2Fjobs%2Fview%2Fdata-scientist-at-gamblingcareers-com-4463694033 "HTTP/2 200 OK"
2026-09-05 12:58:38,335 INFO HTTP Request: POST https://nzzrpylddectbapxpazo.supabase.co/rest/v1/jobs "HTTP/2 201 Created"
2026-09-05 12:58:38,337 INFO   Saved: Data Scientist @ GamblingCareers.com
2026-09-05 12:58:42,206 INFO HTTP Request: PATCH https://nzzrpylddectbapxpazo.supabase.co/rest/v1/jobs?id=eq.35bf931f-fc94-41cc-837b-ab85ce210507 "HTTP/2 200 OK"
2026-09-05 12:58:43,892 INFO HTTP Request: GET https://nzzrpylddectbapxpazo.supabase.co/rest/v1/jobs?select=id&job_url=eq.https%3A%2F%2Fro.linkedin.com%2Fjobs%2Fview%2Fai-data-science-engineer-at-luxoft-romania-4441977685 "HTTP/2 200 OK"
2026-09-05 12:58:44,053 INFO HTTP Request: POST https://nzzrpylddectbapxpazo.supabase.co/rest/v1/jobs "HTTP/2 201 Created"
2026-09-05 12:58:44,055 INFO   Saved: AI Data Science Engineer @ Luxoft Romania
2026-09-05 12:58:46,775 INFO HTTP Request: PATCH https://nzzrpylddectbapxpazo.supabase.co/rest/v1/jobs?id=eq.c930ad06-0cc1-4f64-be98-eb8696ee5d92 "HTTP/2 200 OK"
2026-09-05 12:58:48,441 INFO HTTP Request: GET https://nzzrpylddectbapxpazo.supabase.co/rest/v1/jobs?select=id&job_url=eq.https%3A%2F%2Fuy.linkedin.com%2Fjobs%2Fview%2Fdata-engineer-at-tata-consultancy-services-4463614724 "HTTP/2 200 OK"
2026-09-05 12:58:48,613 INFO HTTP Request: POST https://nzzrpylddectbapxpazo.supabase.co/rest/v1/jobs "HTTP/2 201 Created"
2026-09-05 12:58:48,615 INFO   Saved: Data Engineer @ Tata Consultancy Services
2026-09-05 12:58:51,394 INFO HTTP Request: PATCH https://nzzrpylddectbapxpazo.supabase.co/rest/v1/jobs?id=eq.56d1b95d-d43a-4f0c-9063-cc4f6fb56614 "HTTP/2 200 OK"
2026-09-05 12:58:53,049 INFO HTTP Request: GET https://nzzrpylddectbapxpazo.supabase.co/rest/v1/jobs?select=id&job_url=eq.https%3A%2F%2Flk.linkedin.com%2Fjobs%2Fview%2Fdata-ops-engineer-python-dev-exp-at-ivedha-inc-4463627772 "HTTP/2 200 OK"
2026-09-05 12:58:53,205 INFO HTTP Request: POST https://nzzrpylddectbapxpazo.supabase.co/rest/v1/jobs "HTTP/2 201 Created"
2026-09-05 12:58:53,207 INFO   Saved: Data Ops Engineer - Python Dev Exp @ iVedha Inc.
2026-09-05 12:58:55,930 INFO HTTP Request: PATCH https://nzzrpylddectbapxpazo.supabase.co/rest/v1/jobs?id=eq.5d3074a8-b0c7-4f8b-8a28-bb381d9f1109 "HTTP/2 200 OK"
2026-09-05 12:58:57,590 INFO HTTP Request: GET https://nzzrpylddectbapxpazo.supabase.co/rest/v1/jobs?select=id&job_url=eq.https%3A%2F%2Fes.linkedin.com%2Fjobs%2Fview%2Fmid-backend-engineer-data-focused-python-etl-%25E2%2582%25AC35k-%25E2%2582%25AC50k-at-joppy-4463321581 "HTTP/2 200 OK"
2026-09-05 12:58:57,749 INFO HTTP Request: POST https://nzzrpylddectbapxpazo.supabase.co/rest/v1/jobs "HTTP/2 201 Created"
2026-09-05 12:58:57,751 INFO   Saved: Mid Backend Engineer (Data-focused) (Python / ETL) | €35K - €50K @ Joppy
2026-09-05 12:59:00,467 INFO HTTP Request: PATCH https://nzzrpylddectbapxpazo.supabase.co/rest/v1/jobs?id=eq.aa8c2eb1-a948-4521-8914-427884828b0e "HTTP/2 200 OK"
2026-09-05 12:59:02,149 INFO HTTP Request: GET https://nzzrpylddectbapxpazo.supabase.co/rest/v1/jobs?select=id&job_url=eq.https%3A%2F%2Fmt.linkedin.com%2Fjobs%2Fview%2Fdata-engineer-at-comeon-group-4463305526 "HTTP/2 200 OK"
2026-09-05 12:59:02,303 INFO HTTP Request: POST https://nzzrpylddectbapxpazo.supabase.co/rest/v1/jobs "HTTP/2 201 Created"
2026-09-05 12:59:02,304 INFO   Saved: Data Engineer @ ComeOn Group
2026-09-05 12:59:05,112 INFO HTTP Request: PATCH https://nzzrpylddectbapxpazo.supabase.co/rest/v1/jobs?id=eq.bd1a7bc6-049f-4494-9b43-9f63ab64b960 "HTTP/2 200 OK"
2026-09-05 12:59:06,781 INFO HTTP Request: GET https://nzzrpylddectbapxpazo.supabase.co/rest/v1/jobs?select=id&job_url=eq.https%3A%2F%2Fvn.linkedin.com%2Fjobs%2Fview%2Fbackend-dev-python-at-rikkeisoft-4463337112 "HTTP/2 200 OK"
2026-09-05 12:59:06,945 INFO HTTP Request: GET https://nzzrpylddectbapxpazo.supabase.co/rest/v1/jobs?select=id&job_url=eq.https%3A%2F%2Fes.linkedin.com%2Fjobs%2Fview%2Fai-developer-at-reclut-4462301657 "HTTP/2 200 OK"
2026-09-05 12:59:07,097 INFO HTTP Request: POST https://nzzrpylddectbapxpazo.supabase.co/rest/v1/jobs "HTTP/2 201 Created"
2026-09-05 12:59:07,098 INFO   Saved: AI Developer @ Reclut
2026-09-05 12:59:10,074 INFO HTTP Request: PATCH https://nzzrpylddectbapxpazo.supabase.co/rest/v1/jobs?id=eq.7f181502-b778-4b74-b4a1-3ae736058599 "HTTP/2 200 OK"
2026-09-05 12:59:11,762 INFO HTTP Request: GET https://nzzrpylddectbapxpazo.supabase.co/rest/v1/jobs?select=id&job_url=eq.https%3A%2F%2Fes.linkedin.com%2Fjobs%2Fview%2Fanalytics-engineer-at-qualifyze-4449758304 "HTTP/2 200 OK"
2026-09-05 12:59:11,921 INFO HTTP Request: POST https://nzzrpylddectbapxpazo.supabase.co/rest/v1/jobs "HTTP/2 201 Created"
2026-09-05 12:59:11,922 INFO   Saved: Analytics Engineer @ Qualifyze
2026-09-05 12:59:15,044 INFO HTTP Request: PATCH https://nzzrpylddectbapxpazo.supabase.co/rest/v1/jobs?id=eq.04357b63-cabc-4bfe-b447-7fb37ed9917f "HTTP/2 200 OK"
2026-09-05 12:59:16,731 INFO HTTP Request: GET https://nzzrpylddectbapxpazo.supabase.co/rest/v1/jobs?select=id&job_url=eq.https%3A%2F%2Fgr.linkedin.com%2Fjobs%2Fview%2Fdata-scientist-industrial-systems-at-everllence-4461961553 "HTTP/2 200 OK"
2026-09-05 12:59:16,885 INFO HTTP Request: POST https://nzzrpylddectbapxpazo.supabase.co/rest/v1/jobs "HTTP/2 201 Created"
2026-09-05 12:59:16,887 INFO   Saved: Data Scientist - Industrial systems @ Everllence
2026-09-05 12:59:19,659 INFO HTTP Request: PATCH https://nzzrpylddectbapxpazo.supabase.co/rest/v1/jobs?id=eq.537d8531-d101-44d9-86c6-8ded411172c8 "HTTP/2 200 OK"
2026-09-05 12:59:21,386 INFO 
[OK] Scraping complete: 106 new jobs saved
2026-09-05 12:59:21,553 INFO HTTP Request: POST https://nzzrpylddectbapxpazo.supabase.co/rest/v1/daily_run_logs "HTTP/2 201 Created"
2026-09-05 12:59:21,567 INFO      [OK] Scraped 106 new jobs
2026-09-05 12:59:21,567 INFO 
[2/5] [ATS]  Running ATS matching...
2026-09-05 12:59:22,604 INFO HTTP Request: GET https://nzzrpylddectbapxpazo.supabase.co/rest/v1/jobs?select=id%2Ctitle%2Ccompany%2Cdescription_raw&status=eq.scraped&description_raw=not.is.null&limit=50 "HTTP/2 200 OK"
2026-09-05 12:59:29,197 ERROR      [ERR] ATS matching failed: API error 503: {
  "error": {
    "code": 503,
    "message": "This model is currently experiencing high demand. Spikes in demand are usually temporary. Please try again later.",
    "status": "UNAVAILABLE"
  }
}

2026-09-05 12:59:29,200 INFO 
[3/5] [APPLY]  Auto-applying to top matches...
2026-09-05 12:59:29,476 INFO HTTP Request: GET https://nzzrpylddectbapxpazo.supabase.co/rest/v1/jobs?select=id%2Ctitle%2Ccompany%2Cats_score%2Capply_url%2Cplatform&status=eq.matched&ats_score=gte.75&order=ats_score.desc&limit=20 "HTTP/2 200 OK"
2026-09-05 12:59:29,477 INFO      [OK] Auto-applied to 0 jobs
2026-09-05 12:59:29,477 INFO 
[4/5] [EMAIL]  Sending cold outreach emails...
2026-09-05 12:59:30,208 INFO HTTP Request: GET https://nzzrpylddectbapxpazo.supabase.co/rest/v1/outreach_logs?select=id&status=eq.sent&sent_at=gte.2026-09-05T00%3A00%3A00 "HTTP/2 200 OK"
2026-09-05 12:59:30,373 INFO HTTP Request: GET https://nzzrpylddectbapxpazo.supabase.co/rest/v1/jobs?select=id%2Ctitle%2Ccompany%2Ccompany_domain%2Clocation%2Cdescription_raw%2Cats_score%2Capply_url%2Cmatched_keywords&status=in.%28matched%2Cauto_applied%29&ats_score=gte.70&order=ats_score.desc&limit=15 "HTTP/2 200 OK"
2026-09-05 12:59:30,374 INFO [MAIL] Outreach done: 0 emails sent
2026-09-05 12:59:30,375 INFO      [OK] Sent 0 cold emails
2026-09-05 12:59:30,375 INFO 
[5/5] [POST]  Publishing LinkedIn posts...
2026-09-05 12:59:31,119 INFO HTTP Request: GET https://nzzrpylddectbapxpazo.supabase.co/rest/v1/linkedin_posts?select=%2A&status=in.%28scheduled%29&scheduled_for=lte.2026-09-05T07%3A29%3A30.679326%2B00%3A00 "HTTP/2 200 OK"
2026-09-05 12:59:31,120 INFO Published 0 due posts
2026-09-05 12:59:31,279 INFO HTTP Request: POST https://nzzrpylddectbapxpazo.supabase.co/rest/v1/daily_run_logs?on_conflict=run_date "HTTP/2 200 OK"
2026-09-05 12:59:31,280 INFO      [OK] Published 0 LinkedIn posts
2026-09-05 12:59:31,438 INFO HTTP Request: POST https://nzzrpylddectbapxpazo.supabase.co/rest/v1/daily_run_logs?on_conflict=run_date "HTTP/2 200 OK"
2026-09-05 12:59:31,440 INFO 
[NOTIFY] Sending daily summary notification...
2026-09-05 12:59:31,597 INFO HTTP Request: GET https://nzzrpylddectbapxpazo.supabase.co/rest/v1/daily_run_logs?select=%2A&run_date=eq.2026-09-05 "HTTP/2 200 OK"
2026-09-05 12:59:31,759 INFO HTTP Request: GET https://nzzrpylddectbapxpazo.supabase.co/rest/v1/applications?select=%2A%2Cjobs%28title%2Ccompany%2Clocation%2Cats_score%29&applied_at=gte.2026-09-05T00%3A00%3A00&order=applied_at.desc&limit=5 "HTTP/2 200 OK"
2026-09-05 12:59:31,917 INFO HTTP Request: GET https://nzzrpylddectbapxpazo.supabase.co/rest/v1/outreach_logs?select=%2A%2Crecruiters%28name%2Ccompany%29&status=eq.sent&sent_at=gte.2026-09-05T00%3A00%3A00 "HTTP/2 200 OK"
2026-09-05 12:59:32,076 INFO HTTP Request: GET https://nzzrpylddectbapxpazo.supabase.co/rest/v1/jobs?select=title%2Ccompany%2Cats_score%2Capply_url&status=eq.matched&ats_score=gte.80&limit=5 "HTTP/2 200 OK"
2026-09-05 12:59:32,869 INFO   [NOTIFY] Telegram notification sent
2026-09-05 12:59:32,870 INFO 
============================================================
2026-09-05 12:59:32,871 INFO [OK] DAILY RUN COMPLETE
2026-09-05 12:59:32,871 INFO    Scraped: 106 | Matched: 0
2026-09-05 12:59:32,871 INFO    Applied: 0 | Emailed: 0
2026-09-05 12:59:32,871 INFO    Errors: 1
2026-09-05 12:59:32,872 INFO ============================================================
2026-09-05 15:19:40,626 INFO ============================================================
2026-09-05 15:19:40,627 INFO [START] DAILY JOB ENGINE RUN — 2026-09-05T09:49:40.627255+00:00
2026-09-05 15:19:40,627 INFO ============================================================
2026-09-05 15:19:40,627 INFO 
[1/5] [SCRAPE]  Scraping job boards...
2026-09-05 15:19:41,527 INFO   Naukri: Python Developer in Hyderabad
2026-09-05 15:19:51,459 INFO   Found 0 cards
2026-09-05 15:20:04,499 INFO   LinkedIn: Python Developer in Hyderabad -> 25 found
2026-09-05 15:20:04,499 INFO   Naukri: Python Developer in Bangalore
2026-09-05 15:20:11,692 INFO   Found 0 cards
2026-09-05 15:20:26,968 INFO   LinkedIn: Python Developer in Bangalore -> 25 found
2026-09-05 15:20:26,970 INFO   Naukri: Python Developer in Remote
2026-09-05 15:20:34,285 INFO   Found 0 cards
2026-09-05 15:20:49,799 INFO   LinkedIn: Python Developer in Remote -> 25 found
2026-09-05 15:20:51,232 WARNING   YC API returned 406
2026-09-05 15:20:53,951 INFO HTTP Request: GET https://nzzrpylddectbapxpazo.supabase.co/rest/v1/jobs?select=id&job_url=eq.https%3A%2F%2Fbg.linkedin.com%2Fjobs%2Fview%2Fmid-level-python-developer-backend-at-sopra-steria-4458210757 "HTTP/2 200 OK"
2026-09-05 15:20:54,200 INFO HTTP Request: GET https://nzzrpylddectbapxpazo.supabase.co/rest/v1/jobs?select=id&job_url=eq.https%3A%2F%2Fvn.linkedin.com%2Fjobs%2Fview%2Fbackend-dev-python-at-rikkeisoft-4463337112 "HTTP/2 200 OK"
2026-09-05 15:20:54,405 INFO HTTP Request: GET https://nzzrpylddectbapxpazo.supabase.co/rest/v1/jobs?select=id&job_url=eq.https%3A%2F%2Fin.linkedin.com%2Fjobs%2Fview%2Fpython-development-%252B-crew-planning-irc302252-at-globallogic-4453521955 "HTTP/2 200 OK"
2026-09-05 15:20:54,610 INFO HTTP Request: GET https://nzzrpylddectbapxpazo.supabase.co/rest/v1/jobs?select=id&job_url=eq.https%3A%2F%2Fin.linkedin.com%2Fjobs%2Fview%2Fpython-developer-at-genpact-4461410053 "HTTP/2 200 OK"
2026-09-05 15:20:54,918 INFO HTTP Request: GET https://nzzrpylddectbapxpazo.supabase.co/rest/v1/jobs?select=id&job_url=eq.https%3A%2F%2Fin.linkedin.com%2Fjobs%2Fview%2Fpython-developer-at-straive-4461149664 "HTTP/2 200 OK"
2026-09-05 15:20:55,123 INFO HTTP Request: GET https://nzzrpylddectbapxpazo.supabase.co/rest/v1/jobs?select=id&job_url=eq.https%3A%2F%2Fnl.linkedin.com%2Fjobs%2Fview%2Fpython-software-engineer-knowledge-infrastructure-at-adyen-4462320420 "HTTP/2 200 OK"
2026-09-05 15:20:55,327 INFO HTTP Request: GET https://nzzrpylddectbapxpazo.supabase.co/rest/v1/jobs?select=id&job_url=eq.https%3A%2F%2Fin.linkedin.com%2Fjobs%2Fview%2Fpython-backend-developer-at-infobeans-4463721144 "HTTP/2 200 OK"
2026-09-05 15:20:55,533 INFO HTTP Request: GET https://nzzrpylddectbapxpazo.supabase.co/rest/v1/jobs?select=id&job_url=eq.https%3A%2F%2Fde.linkedin.com%2Fjobs%2Fview%2Fbackend-engineer-at-tibber-4461974050 "HTTP/2 200 OK"
2026-09-05 15:20:55,688 INFO HTTP Request: GET https://nzzrpylddectbapxpazo.supabase.co/rest/v1/jobs?select=id&job_url=eq.https%3A%2F%2Fch.linkedin.com%2Fjobs%2Fview%2Fsoftware-engineer-python-all-genders-at-axa-4463335426 "HTTP/2 200 OK"
2026-09-05 15:20:55,846 INFO HTTP Request: GET https://nzzrpylddectbapxpazo.supabase.co/rest/v1/jobs?select=id&job_url=eq.https%3A%2F%2Fbg.linkedin.com%2Fjobs%2Fview%2Fmid-level-python-developer-genai-at-sopra-steria-4458229485 "HTTP/2 200 OK"
2026-09-05 15:20:56,043 INFO HTTP Request: GET https://nzzrpylddectbapxpazo.supabase.co/rest/v1/jobs?select=id&job_url=eq.https%3A%2F%2Fro.linkedin.com%2Fjobs%2Fview%2Fsenior-python-developer-at-luxoft-4463335075 "HTTP/2 200 OK"
2026-09-05 15:20:56,237 INFO HTTP Request: GET https://nzzrpylddectbapxpazo.supabase.co/rest/v1/jobs?select=id&job_url=eq.https%3A%2F%2Fuk.linkedin.com%2Fjobs%2Fview%2Fpython-developer-at-virtuetech-recruitment-group-4461181010 "HTTP/2 200 OK"
2026-09-05 15:20:56,458 INFO HTTP Request: GET https://nzzrpylddectbapxpazo.supabase.co/rest/v1/jobs?select=id&job_url=eq.https%3A%2F%2Fin.linkedin.com%2Fjobs%2Fview%2Fsenior-python-developer-at-itc-infotech-4461947520 "HTTP/2 200 OK"
2026-09-05 15:20:56,659 INFO HTTP Request: GET https://nzzrpylddectbapxpazo.supabase.co/rest/v1/jobs?select=id&job_url=eq.https%3A%2F%2Fin.linkedin.com%2Fjobs%2Fview%2Fpython-developer-at-talentgigs-4461983124 "HTTP/2 200 OK"
2026-09-05 15:20:56,865 INFO HTTP Request: GET https://nzzrpylddectbapxpazo.supabase.co/rest/v1/jobs?select=id&job_url=eq.https%3A%2F%2Fin.linkedin.com%2Fjobs%2Fview%2Fpython-unix-developer-at-people-prime-worldwide-4463608116 "HTTP/2 200 OK"
2026-09-05 15:20:57,068 INFO HTTP Request: GET https://nzzrpylddectbapxpazo.supabase.co/rest/v1/jobs?select=id&job_url=eq.https%3A%2F%2Fca.linkedin.com%2Fjobs%2Fview%2Fpython-developer-at-ust-4461412111 "HTTP/2 200 OK"
2026-09-05 15:20:57,272 INFO HTTP Request: GET https://nzzrpylddectbapxpazo.supabase.co/rest/v1/jobs?select=id&job_url=eq.https%3A%2F%2Fpl.linkedin.com%2Fjobs%2Fview%2Fpython-data-platform-engineer-at-cisco-4463334063 "HTTP/2 200 OK"
2026-09-05 15:20:57,460 INFO HTTP Request: GET https://nzzrpylddectbapxpazo.supabase.co/rest/v1/jobs?select=id&job_url=eq.https%3A%2F%2Fin.linkedin.com%2Fjobs%2Fview%2Fpython-developer-at-vysystems-4463724398 "HTTP/2 200 OK"
2026-09-05 15:20:57,688 INFO HTTP Request: POST https://nzzrpylddectbapxpazo.supabase.co/rest/v1/jobs "HTTP/2 201 Created"
2026-09-05 15:20:57,691 INFO   Saved: Python Developer @ VySystems
2026-09-05 15:21:00,755 INFO HTTP Request: PATCH https://nzzrpylddectbapxpazo.supabase.co/rest/v1/jobs?id=eq.d299c9eb-4ba1-4bad-ab47-19fd630ad26f "HTTP/2 200 OK"
2026-09-05 15:21:02,484 INFO HTTP Request: GET https://nzzrpylddectbapxpazo.supabase.co/rest/v1/jobs?select=id&job_url=eq.https%3A%2F%2Fca.linkedin.com%2Fjobs%2Fview%2Fpython-and-aws-developer-at-apptoza-inc-4459555697 "HTTP/2 200 OK"
2026-09-05 15:21:02,710 INFO HTTP Request: POST https://nzzrpylddectbapxpazo.supabase.co/rest/v1/jobs "HTTP/2 201 Created"
2026-09-05 15:21:02,725 INFO   Saved: Python and AWS Developer @ Apptoza Inc.
2026-09-05 15:21:05,672 INFO HTTP Request: PATCH https://nzzrpylddectbapxpazo.supabase.co/rest/v1/jobs?id=eq.8c6f84f3-41a2-4592-a4f2-ccf8fbfb618c "HTTP/2 200 OK"
2026-09-05 15:21:07,412 INFO HTTP Request: GET https://nzzrpylddectbapxpazo.supabase.co/rest/v1/jobs?select=id&job_url=eq.https%3A%2F%2Fca.linkedin.com%2Fjobs%2Fview%2Fpython-developer-at-insight-global-4462329013 "HTTP/2 200 OK"
2026-09-05 15:21:07,569 INFO HTTP Request: POST https://nzzrpylddectbapxpazo.supabase.co/rest/v1/jobs "HTTP/2 201 Created"
2026-09-05 15:21:07,573 INFO   Saved: Python Developer @ Insight Global
2026-09-05 15:21:10,586 INFO HTTP Request: PATCH https://nzzrpylddectbapxpazo.supabase.co/rest/v1/jobs?id=eq.1f1f14fb-b806-4139-81d6-ec936082d648 "HTTP/2 200 OK"
2026-09-05 15:21:12,240 INFO HTTP Request: GET https://nzzrpylddectbapxpazo.supabase.co/rest/v1/jobs?select=id&job_url=eq.https%3A%2F%2Fwww.linkedin.com%2Fjobs%2Fview%2Fpython-software-developer-at-advatix-latam-4462361684 "HTTP/2 200 OK"
2026-09-05 15:21:12,396 INFO HTTP Request: GET https://nzzrpylddectbapxpazo.supabase.co/rest/v1/jobs?select=id&job_url=eq.https%3A%2F%2Fuk.linkedin.com%2Fjobs%2Fview%2Fpython-developer-sql-market-data-at-client-server-4463338637 "HTTP/2 200 OK"
2026-09-05 15:21:12,552 INFO HTTP Request: POST https://nzzrpylddectbapxpazo.supabase.co/rest/v1/jobs "HTTP/2 201 Created"
2026-09-05 15:21:12,554 INFO   Saved: Python Developer SQL - Market Data @ Client Server
2026-09-05 15:21:15,419 INFO HTTP Request: PATCH https://nzzrpylddectbapxpazo.supabase.co/rest/v1/jobs?id=eq.eb6a3e9d-7adb-4b99-8cad-31d61c8f4267 "HTTP/2 200 OK"
2026-09-05 15:21:17,095 INFO HTTP Request: GET https://nzzrpylddectbapxpazo.supabase.co/rest/v1/jobs?select=id&job_url=eq.https%3A%2F%2Fde.linkedin.com%2Fjobs%2Fview%2Fsenior-software-engineer-python-at-nelly-solutions-4434332752 "HTTP/2 200 OK"
2026-09-05 15:21:17,252 INFO HTTP Request: POST https://nzzrpylddectbapxpazo.supabase.co/rest/v1/jobs "HTTP/2 201 Created"
2026-09-05 15:21:17,255 INFO   Saved: Senior Software Engineer, Python @ Nelly Solutions
2026-09-05 15:21:20,158 INFO HTTP Request: PATCH https://nzzrpylddectbapxpazo.supabase.co/rest/v1/jobs?id=eq.926b7653-fe51-4a2a-b941-5bcf76d81273 "HTTP/2 200 OK"
2026-09-05 15:21:21,857 INFO HTTP Request: GET https://nzzrpylddectbapxpazo.supabase.co/rest/v1/jobs?select=id&job_url=eq.https%3A%2F%2Fro.linkedin.com%2Fjobs%2Fview%2Fsenior-python-developer-at-accenture-romania-4453256865 "HTTP/2 200 OK"
2026-09-05 15:21:22,017 INFO HTTP Request: POST https://nzzrpylddectbapxpazo.supabase.co/rest/v1/jobs "HTTP/2 201 Created"
2026-09-05 15:21:22,019 INFO   Saved: Senior Python Developer @ Accenture Romania
2026-09-05 15:21:25,004 INFO HTTP Request: PATCH https://nzzrpylddectbapxpazo.supabase.co/rest/v1/jobs?id=eq.8d14663c-ffb5-4f10-920a-4bafc27d7105 "HTTP/2 200 OK"
2026-09-05 15:21:26,666 INFO HTTP Request: GET https://nzzrpylddectbapxpazo.supabase.co/rest/v1/jobs?select=id&job_url=eq.https%3A%2F%2Fwww.linkedin.com%2Fjobs%2Fview%2Fpython-developer-at-photon-4457621822 "HTTP/2 200 OK"
2026-09-05 15:21:26,833 INFO HTTP Request: POST https://nzzrpylddectbapxpazo.supabase.co/rest/v1/jobs "HTTP/2 201 Created"
2026-09-05 15:21:26,836 INFO   Saved: Python Developer @ Photon
2026-09-05 15:21:30,553 INFO HTTP Request: PATCH https://nzzrpylddectbapxpazo.supabase.co/rest/v1/jobs?id=eq.ee02ec32-67ad-40c4-86e9-dcb7e8ccf8e9 "HTTP/2 200 OK"
2026-09-05 15:21:32,048 INFO   Naukri: Django Developer in Hyderabad
2026-09-05 15:21:39,350 INFO   Found 0 cards
2026-09-05 15:21:55,376 INFO   LinkedIn: Django Developer in Hyderabad -> 25 found
2026-09-05 15:21:55,377 INFO   Naukri: Django Developer in Bangalore
2026-09-05 15:22:02,765 INFO   Found 0 cards
2026-09-05 15:22:18,660 INFO   LinkedIn: Django Developer in Bangalore -> 25 found
2026-09-05 15:22:18,660 INFO   Naukri: Django Developer in Remote
2026-09-05 15:22:25,927 INFO   Found 0 cards
2026-09-05 15:22:41,599 INFO   LinkedIn: Django Developer in Remote -> 24 found
2026-09-05 15:22:42,864 WARNING   YC API returned 406
2026-09-05 15:22:43,534 INFO HTTP Request: GET https://nzzrpylddectbapxpazo.supabase.co/rest/v1/jobs?select=id&job_url=eq.https%3A%2F%2Fin.linkedin.com%2Fjobs%2Fview%2Fpython-developer-at-straive-4461149664 "HTTP/2 200 OK"
2026-09-05 15:22:43,686 INFO HTTP Request: GET https://nzzrpylddectbapxpazo.supabase.co/rest/v1/jobs?select=id&job_url=eq.https%3A%2F%2Fin.linkedin.com%2Fjobs%2Fview%2Fpython-developer-at-talentgigs-4461983124 "HTTP/2 200 OK"
2026-09-05 15:22:43,837 INFO HTTP Request: GET https://nzzrpylddectbapxpazo.supabase.co/rest/v1/jobs?select=id&job_url=eq.https%3A%2F%2Fin.linkedin.com%2Fjobs%2Fview%2Fpython-developer-at-people-prime-worldwide-4463607105 "HTTP/2 200 OK"
2026-09-05 15:22:43,990 INFO HTTP Request: GET https://nzzrpylddectbapxpazo.supabase.co/rest/v1/jobs?select=id&job_url=eq.https%3A%2F%2Fin.linkedin.com%2Fjobs%2Fview%2Fpython-backend-developer-at-wissen-technology-4461963315 "HTTP/2 200 OK"
2026-09-05 15:22:44,139 INFO HTTP Request: GET https://nzzrpylddectbapxpazo.supabase.co/rest/v1/jobs?select=id&job_url=eq.https%3A%2F%2Fin.linkedin.com%2Fjobs%2Fview%2Fjr-204092-python-developer-middle-at-customertimes-4461978337 "HTTP/2 200 OK"
2026-09-05 15:22:44,287 INFO HTTP Request: GET https://nzzrpylddectbapxpazo.supabase.co/rest/v1/jobs?select=id&job_url=eq.https%3A%2F%2Fau.linkedin.com%2Fjobs%2Fview%2Fsoftware-engineer-ii-python-django-at-kraken-4461947499 "HTTP/2 200 OK"
2026-09-05 15:22:44,437 INFO HTTP Request: GET https://nzzrpylddectbapxpazo.supabase.co/rest/v1/jobs?select=id&job_url=eq.https%3A%2F%2Fin.linkedin.com%2Fjobs%2Fview%2Fsenior-python-developer-at-zigsaw-4462359935 "HTTP/2 200 OK"
2026-09-05 15:22:44,726 INFO HTTP Request: POST https://nzzrpylddectbapxpazo.supabase.co/rest/v1/jobs "HTTP/2 201 Created"
2026-09-05 15:22:44,730 INFO   Saved: Senior Python Developer @ Zigsaw
2026-09-05 15:22:47,922 INFO HTTP Request: PATCH https://nzzrpylddectbapxpazo.supabase.co/rest/v1/jobs?id=eq.dd5cf4d9-402a-4235-9b23-b11456a9ece3 "HTTP/2 200 OK"
2026-09-05 15:22:49,610 INFO HTTP Request: GET https://nzzrpylddectbapxpazo.supabase.co/rest/v1/jobs?select=id&job_url=eq.https%3A%2F%2Fin.linkedin.com%2Fjobs%2Fview%2Fsoftware-engineer-sr-software-engineer-python-at-leegality-4461159988 "HTTP/2 200 OK"
2026-09-05 15:22:49,759 INFO HTTP Request: GET https://nzzrpylddectbapxpazo.supabase.co/rest/v1/jobs?select=id&job_url=eq.https%3A%2F%2Fin.linkedin.com%2Fjobs%2Fview%2Fpython-full-stack-engineer-at-info-origin-inc-4461968363 "HTTP/2 200 OK"
2026-09-05 15:22:50,017 INFO HTTP Request: GET https://nzzrpylddectbapxpazo.supabase.co/rest/v1/jobs?select=id&job_url=eq.https%3A%2F%2Fin.linkedin.com%2Fjobs%2Fview%2Fsenior-python-developer-at-itc-infotech-4461947520 "HTTP/2 200 OK"
2026-09-05 15:22:50,235 INFO HTTP Request: GET https://nzzrpylddectbapxpazo.supabase.co/rest/v1/jobs?select=id&job_url=eq.https%3A%2F%2Fuk.linkedin.com%2Fjobs%2Fview%2Fpython-developer-at-virtuetech-recruitment-group-4461181010 "HTTP/2 200 OK"
2026-09-05 15:22:50,455 INFO HTTP Request: GET https://nzzrpylddectbapxpazo.supabase.co/rest/v1/jobs?select=id&job_url=eq.https%3A%2F%2Fwww.linkedin.com%2Fjobs%2Fview%2Fpython-developer-with-django-at-value-innovation-labs-4461328722 "HTTP/2 200 OK"
2026-09-05 15:22:50,645 INFO HTTP Request: GET https://nzzrpylddectbapxpazo.supabase.co/rest/v1/jobs?select=id&job_url=eq.https%3A%2F%2Fin.linkedin.com%2Fjobs%2Fview%2Fanalyst-at-eclerx-4463342720 "HTTP/2 200 OK"
2026-09-05 15:22:50,789 INFO HTTP Request: GET https://nzzrpylddectbapxpazo.supabase.co/rest/v1/jobs?select=id&job_url=eq.https%3A%2F%2Fwww.linkedin.com%2Fjobs%2Fview%2Fpython-developer-at-formativgroup-4463605333 "HTTP/2 200 OK"
2026-09-05 15:22:51,020 INFO HTTP Request: GET https://nzzrpylddectbapxpazo.supabase.co/rest/v1/jobs?select=id&job_url=eq.https%3A%2F%2Fin.linkedin.com%2Fjobs%2Fview%2Fsenior-backend-developer-at-miba-group-4461752859 "HTTP/2 200 OK"
2026-09-05 15:22:51,164 INFO HTTP Request: GET https://nzzrpylddectbapxpazo.supabase.co/rest/v1/jobs?select=id&job_url=eq.https%3A%2F%2Fin.linkedin.com%2Fjobs%2Fview%2Fsr-python-developer-at-psych-x86-technologies-4461946847 "HTTP/2 200 OK"
2026-09-05 15:22:51,305 INFO HTTP Request: GET https://nzzrpylddectbapxpazo.supabase.co/rest/v1/jobs?select=id&job_url=eq.https%3A%2F%2Fin.linkedin.com%2Fjobs%2Fview%2Fpython-developer-at-fetchjobs-co-4463706866 "HTTP/2 200 OK"
2026-09-05 15:22:51,535 INFO HTTP Request: GET https://nzzrpylddectbapxpazo.supabase.co/rest/v1/jobs?select=id&job_url=eq.https%3A%2F%2Fwww.linkedin.com%2Fjobs%2Fview%2Ffull-stack-software-engineer-python-django-at-schnabel-engineering-4461424172 "HTTP/2 200 OK"
2026-09-05 15:22:51,683 INFO HTTP Request: GET https://nzzrpylddectbapxpazo.supabase.co/rest/v1/jobs?select=id&job_url=eq.https%3A%2F%2Fua.linkedin.com%2Fjobs%2Fview%2Fsenior-python-django-backend-engineer-at-spd-technology-4463379426 "HTTP/2 200 OK"
2026-09-05 15:22:51,835 INFO HTTP Request: GET https://nzzrpylddectbapxpazo.supabase.co/rest/v1/jobs?select=id&job_url=eq.https%3A%2F%2Fit.linkedin.com%2Fjobs%2Fview%2Fsoftware-engineer-at-ticketoo-4462804105 "HTTP/2 200 OK"
2026-09-05 15:22:51,983 INFO HTTP Request: GET https://nzzrpylddectbapxpazo.supabase.co/rest/v1/jobs?select=id&job_url=eq.https%3A%2F%2Fwww.linkedin.com%2Fjobs%2Fview%2Fpython-software-developer-at-advatix-latam-4462361684 "HTTP/2 200 OK"
2026-09-05 15:22:52,132 INFO HTTP Request: GET https://nzzrpylddectbapxpazo.supabase.co/rest/v1/jobs?select=id&job_url=eq.https%3A%2F%2Fin.linkedin.com%2Fjobs%2Fview%2Ffull-stack-engineer-at-sourcingxpress-4461737289 "HTTP/2 200 OK"
2026-09-05 15:22:52,279 INFO HTTP Request: GET https://nzzrpylddectbapxpazo.supabase.co/rest/v1/jobs?select=id&job_url=eq.https%3A%2F%2Fin.linkedin.com%2Fjobs%2Fview%2Fsenior-python-backend-developer-at-wissen-technology-4461959484 "HTTP/2 200 OK"
2026-09-05 15:22:52,424 INFO HTTP Request: GET https://nzzrpylddectbapxpazo.supabase.co/rest/v1/jobs?select=id&job_url=eq.https%3A%2F%2Fin.linkedin.com%2Fjobs%2Fview%2Fsenior-backend-engineer-at-securityhq-4463333238 "HTTP/2 200 OK"
2026-09-05 15:22:52,425 INFO   Naukri: Backend Developer in Hyderabad
2026-09-05 15:22:59,695 INFO   Found 0 cards
2026-09-05 15:23:12,520 INFO   LinkedIn: Backend Developer in Hyderabad -> 25 found
2026-09-05 15:23:12,520 INFO   Naukri: Backend Developer in Bangalore
2026-09-05 15:23:19,691 INFO   Found 0 cards
2026-09-05 15:23:32,533 INFO   LinkedIn: Backend Developer in Bangalore -> 24 found
2026-09-05 15:23:32,533 INFO   Naukri: Backend Developer in Remote
2026-09-05 15:23:39,709 INFO   Found 0 cards
2026-09-05 15:23:52,848 INFO   LinkedIn: Backend Developer in Remote -> 24 found
2026-09-05 15:23:54,016 WARNING   YC API returned 406
2026-09-05 15:23:54,426 INFO HTTP Request: GET https://nzzrpylddectbapxpazo.supabase.co/rest/v1/jobs?select=id&job_url=eq.https%3A%2F%2Fbg.linkedin.com%2Fjobs%2Fview%2Fengineer-backend-at-danfoss-4463397367 "HTTP/2 200 OK"
2026-09-05 15:23:54,634 INFO HTTP Request: GET https://nzzrpylddectbapxpazo.supabase.co/rest/v1/jobs?select=id&job_url=eq.https%3A%2F%2Fil.linkedin.com%2Fjobs%2Fview%2Fbackend-engineer-at-appsflyer-4440754567 "HTTP/2 200 OK"
2026-09-05 15:23:54,938 INFO HTTP Request: GET https://nzzrpylddectbapxpazo.supabase.co/rest/v1/jobs?select=id&job_url=eq.https%3A%2F%2Flt.linkedin.com%2Fjobs%2Fview%2Fbackend-developer-golang-at-oxylabs-io-4463607287 "HTTP/2 200 OK"
2026-09-05 15:23:55,143 INFO HTTP Request: GET https://nzzrpylddectbapxpazo.supabase.co/rest/v1/jobs?select=id&job_url=eq.https%3A%2F%2Fnl.linkedin.com%2Fjobs%2Fview%2Fmedior-backend-developer-kotlin-at-albert-heijn-4463629211 "HTTP/2 200 OK"
2026-09-05 15:23:55,347 INFO HTTP Request: GET https://nzzrpylddectbapxpazo.supabase.co/rest/v1/jobs?select=id&job_url=eq.https%3A%2F%2Fbg.linkedin.com%2Fjobs%2Fview%2Fmid-level-python-developer-backend-at-sopra-steria-4458210757 "HTTP/2 200 OK"
2026-09-05 15:23:55,553 INFO HTTP Request: GET https://nzzrpylddectbapxpazo.supabase.co/rest/v1/jobs?select=id&job_url=eq.https%3A%2F%2Fvn.linkedin.com%2Fjobs%2Fview%2Fbackend-engineer-java-spring-boot-at-eastgate-software-4463340085 "HTTP/2 200 OK"
2026-09-05 15:23:55,761 INFO HTTP Request: GET https://nzzrpylddectbapxpazo.supabase.co/rest/v1/jobs?select=id&job_url=eq.https%3A%2F%2Fil.linkedin.com%2Fjobs%2Fview%2Fsenior-backend-engineer-at-melio-4443861537 "HTTP/2 200 OK"
2026-09-05 15:23:56,066 INFO HTTP Request: GET https://nzzrpylddectbapxpazo.supabase.co/rest/v1/jobs?select=id&job_url=eq.https%3A%2F%2Fsk.linkedin.com%2Fjobs%2Fview%2Fsoftware-engineer-at-cisco-4453507678 "HTTP/2 200 OK"
2026-09-05 15:23:56,269 INFO HTTP Request: GET https://nzzrpylddectbapxpazo.supabase.co/rest/v1/jobs?select=id&job_url=eq.https%3A%2F%2Flt.linkedin.com%2Fjobs%2Fview%2Fbackend-engineer-mid-senior-go-core-team-at-nord-security-4463382041 "HTTP/2 200 OK"
2026-09-05 15:23:56,427 INFO HTTP Request: GET https://nzzrpylddectbapxpazo.supabase.co/rest/v1/jobs?select=id&job_url=eq.https%3A%2F%2Fvn.linkedin.com%2Fjobs%2Fview%2Fbackend-developer-bpm-camunda-hanoi-at-mcredit-4463363395 "HTTP/2 200 OK"
2026-09-05 15:23:56,578 INFO HTTP Request: GET https://nzzrpylddectbapxpazo.supabase.co/rest/v1/jobs?select=id&job_url=eq.https%3A%2F%2Fvn.linkedin.com%2Fjobs%2Fview%2Fjava-software-engineer-at-newera-inc-4461966371 "HTTP/2 200 OK"
2026-09-05 15:23:56,784 INFO HTTP Request: GET https://nzzrpylddectbapxpazo.supabase.co/rest/v1/jobs?select=id&job_url=eq.https%3A%2F%2Flt.linkedin.com%2Fjobs%2Fview%2Fbackend-engineer-mid-senior-go-core-team-at-nord-security-4463371737 "HTTP/2 200 OK"
2026-09-05 15:23:57,203 INFO HTTP Request: GET https://nzzrpylddectbapxpazo.supabase.co/rest/v1/jobs?select=id&job_url=eq.https%3A%2F%2Fgr.linkedin.com%2Fjobs%2Fview%2Fsenior-back-end-developer-django-fastapi-at-accenture-greece-4453251910 "HTTP/2 200 OK"
2026-09-05 15:23:57,357 INFO HTTP Request: GET https://nzzrpylddectbapxpazo.supabase.co/rest/v1/jobs?select=id&job_url=eq.https%3A%2F%2Fse.linkedin.com%2Fjobs%2Fview%2Fsoftware-developer-at-billogram-4461176271 "HTTP/2 200 OK"
2026-09-05 15:23:57,601 INFO HTTP Request: GET https://nzzrpylddectbapxpazo.supabase.co/rest/v1/jobs?select=id&job_url=eq.https%3A%2F%2Fcn.linkedin.com%2Fjobs%2Fview%2Fsoftware-engineer-backend-at-shopback-4208164410 "HTTP/2 200 OK"
2026-09-05 15:23:57,809 INFO HTTP Request: GET https://nzzrpylddectbapxpazo.supabase.co/rest/v1/jobs?select=id&job_url=eq.https%3A%2F%2Fgr.linkedin.com%2Fjobs%2Fview%2Fsoftware-engineer-backend-at-kaizen-gaming-4435443173 "HTTP/2 200 OK"
2026-09-05 15:23:58,044 INFO HTTP Request: GET https://nzzrpylddectbapxpazo.supabase.co/rest/v1/jobs?select=id&job_url=eq.https%3A%2F%2Fro.linkedin.com%2Fjobs%2Fview%2Fsenior-backend-engineer-cluj-napoca-at-crafting-technologies-4461182165 "HTTP/2 200 OK"
2026-09-05 15:23:58,217 INFO HTTP Request: GET https://nzzrpylddectbapxpazo.supabase.co/rest/v1/jobs?select=id&job_url=eq.https%3A%2F%2Fbg.linkedin.com%2Fjobs%2Fview%2Fsoftware-engineer-at-resaro-4457511508 "HTTP/2 200 OK"
2026-09-05 15:23:58,419 INFO HTTP Request: POST https://nzzrpylddectbapxpazo.supabase.co/rest/v1/jobs "HTTP/2 201 Created"
2026-09-05 15:23:58,421 INFO   Saved: Software Engineer @ Resaro
2026-09-05 15:24:01,302 INFO HTTP Request: PATCH https://nzzrpylddectbapxpazo.supabase.co/rest/v1/jobs?id=eq.a4f64360-b184-4605-ae1a-d6336bbc8a49 "HTTP/2 200 OK"
2026-09-05 15:24:03,131 INFO HTTP Request: GET https://nzzrpylddectbapxpazo.supabase.co/rest/v1/jobs?select=id&job_url=eq.https%3A%2F%2Ftr.linkedin.com%2Fjobs%2Fview%2Fbackend-developer-web-platform-at-meatec-battery-intelligence-4461180959 "HTTP/2 200 OK"
2026-09-05 15:24:03,335 INFO HTTP Request: POST https://nzzrpylddectbapxpazo.supabase.co/rest/v1/jobs "HTTP/2 201 Created"
2026-09-05 15:24:03,336 INFO   Saved: Backend Developer - Web Platform @ MEAtec - Battery Intelligence
2026-09-05 15:24:05,999 INFO HTTP Request: PATCH https://nzzrpylddectbapxpazo.supabase.co/rest/v1/jobs?id=eq.55ec3fe5-dd90-4714-8c10-0a762ae2793e "HTTP/2 200 OK"
2026-09-05 15:24:07,739 INFO HTTP Request: GET https://nzzrpylddectbapxpazo.supabase.co/rest/v1/jobs?select=id&job_url=eq.https%3A%2F%2Fvn.linkedin.com%2Fjobs%2Fview%2Fsenior-backend-engineer-go-java-at-sun-group-4462368474 "HTTP/2 200 OK"
2026-09-05 15:24:07,953 INFO HTTP Request: POST https://nzzrpylddectbapxpazo.supabase.co/rest/v1/jobs "HTTP/2 201 Created"
2026-09-05 15:24:07,955 INFO   Saved: Senior Backend Engineer (Go/Java) @ Sun Group
2026-09-05 15:24:11,221 INFO HTTP Request: PATCH https://nzzrpylddectbapxpazo.supabase.co/rest/v1/jobs?id=eq.6f1b55fa-d030-4176-931a-0ca992971297 "HTTP/2 200 OK"
2026-09-05 15:24:12,966 INFO HTTP Request: GET https://nzzrpylddectbapxpazo.supabase.co/rest/v1/jobs?select=id&job_url=eq.https%3A%2F%2Fde.linkedin.com%2Fjobs%2Fview%2Fsoftware-engineer-backend-at-helsing-4349479925 "HTTP/2 200 OK"
2026-09-05 15:24:13,166 INFO HTTP Request: POST https://nzzrpylddectbapxpazo.supabase.co/rest/v1/jobs "HTTP/2 201 Created"
2026-09-05 15:24:13,168 INFO   Saved: Software Engineer - Backend @ Helsing
2026-09-05 15:24:16,443 INFO HTTP Request: PATCH https://nzzrpylddectbapxpazo.supabase.co/rest/v1/jobs?id=eq.105e962f-106b-43a9-913e-b4d008d1f85d "HTTP/2 200 OK"
2026-09-05 15:24:18,183 INFO HTTP Request: GET https://nzzrpylddectbapxpazo.supabase.co/rest/v1/jobs?select=id&job_url=eq.https%3A%2F%2Fde.linkedin.com%2Fjobs%2Fview%2Fsenior-backend-engineer-platform-team-at-kombo-4463640053 "HTTP/2 200 OK"
2026-09-05 15:24:18,345 INFO HTTP Request: POST https://nzzrpylddectbapxpazo.supabase.co/rest/v1/jobs "HTTP/2 201 Created"
2026-09-05 15:24:18,346 INFO   Saved: Senior Backend Engineer (Platform Team) @ Kombo
2026-09-05 15:24:21,359 INFO HTTP Request: PATCH https://nzzrpylddectbapxpazo.supabase.co/rest/v1/jobs?id=eq.ec212b19-6e4f-463c-af5f-932be86c49f9 "HTTP/2 200 OK"
2026-09-05 15:24:23,100 INFO HTTP Request: GET https://nzzrpylddectbapxpazo.supabase.co/rest/v1/jobs?select=id&job_url=eq.https%3A%2F%2Fnl.linkedin.com%2Fjobs%2Fview%2Fbackend-developer-at-on-that-ass-4432566558 "HTTP/2 200 OK"
2026-09-05 15:24:23,303 INFO HTTP Request: POST https://nzzrpylddectbapxpazo.supabase.co/rest/v1/jobs "HTTP/2 201 Created"
2026-09-05 15:24:23,305 INFO   Saved: Backend Developer @ ON THAT ASS
2026-09-05 15:24:26,277 INFO HTTP Request: PATCH https://nzzrpylddectbapxpazo.supabase.co/rest/v1/jobs?id=eq.10c2960a-9746-46da-b0ac-2db038b3fb58 "HTTP/2 200 OK"
2026-09-05 15:24:28,015 INFO HTTP Request: GET https://nzzrpylddectbapxpazo.supabase.co/rest/v1/jobs?select=id&job_url=eq.https%3A%2F%2Fil.linkedin.com%2Fjobs%2Fview%2Fbackend-engineer-ai-team-paradox-at-workday-4450142611 "HTTP/2 200 OK"
2026-09-05 15:24:28,321 INFO HTTP Request: POST https://nzzrpylddectbapxpazo.supabase.co/rest/v1/jobs "HTTP/2 201 Created"
2026-09-05 15:24:28,323 INFO   Saved: Backend Engineer - AI Team - Paradox @ Workday
2026-09-05 15:24:31,769 INFO HTTP Request: PATCH https://nzzrpylddectbapxpazo.supabase.co/rest/v1/jobs?id=eq.818ef63a-c839-4082-bc02-49a92b1e1d79 "HTTP/2 200 OK"
2026-09-05 15:24:33,275 INFO   Naukri: Software Engineer Python in Hyderabad
2026-09-05 15:24:40,651 INFO   Found 0 cards
2026-09-05 15:24:53,473 INFO   LinkedIn: Software Engineer Python in Hyderabad -> 25 found
2026-09-05 15:24:53,474 INFO   Naukri: Software Engineer Python in Bangalore
2026-09-05 15:25:00,629 INFO   Found 0 cards
2026-09-05 15:25:13,638 INFO   LinkedIn: Software Engineer Python in Bangalore -> 25 found
2026-09-05 15:25:13,638 INFO   Naukri: Software Engineer Python in Remote
2026-09-05 15:25:20,778 INFO   Found 0 cards
2026-09-05 15:25:36,605 INFO   LinkedIn: Software Engineer Python in Remote -> 25 found
2026-09-05 15:25:37,953 WARNING   YC API returned 406
2026-09-05 15:25:38,364 INFO HTTP Request: GET https://nzzrpylddectbapxpazo.supabase.co/rest/v1/jobs?select=id&job_url=eq.https%3A%2F%2Fuk.linkedin.com%2Fjobs%2Fview%2Fsoftware-engineer-ii-python-at-jpmorganchase-4454839882 "HTTP/2 200 OK"
2026-09-05 15:25:38,568 INFO HTTP Request: POST https://nzzrpylddectbapxpazo.supabase.co/rest/v1/jobs "HTTP/2 201 Created"
2026-09-05 15:25:38,570 INFO   Saved: Software Engineer II - Python @ JPMorganChase
2026-09-05 15:25:41,576 INFO HTTP Request: PATCH https://nzzrpylddectbapxpazo.supabase.co/rest/v1/jobs?id=eq.1d97d340-1de4-4629-8937-4affe5920cad "HTTP/2 200 OK"
2026-09-05 15:25:43,278 INFO HTTP Request: GET https://nzzrpylddectbapxpazo.supabase.co/rest/v1/jobs?select=id&job_url=eq.https%3A%2F%2Fde.linkedin.com%2Fjobs%2Fview%2Fbackend-engineer-at-tibber-4461974050 "HTTP/2 200 OK"
2026-09-05 15:25:43,483 INFO HTTP Request: GET https://nzzrpylddectbapxpazo.supabase.co/rest/v1/jobs?select=id&job_url=eq.https%3A%2F%2Fch.linkedin.com%2Fjobs%2Fview%2Fsoftware-engineer-python-all-genders-at-axa-4463335426 "HTTP/2 200 OK"
2026-09-05 15:25:43,789 INFO HTTP Request: GET https://nzzrpylddectbapxpazo.supabase.co/rest/v1/jobs?select=id&job_url=eq.https%3A%2F%2Fnl.linkedin.com%2Fjobs%2Fview%2Fpython-software-engineer-knowledge-infrastructure-at-adyen-4462320420 "HTTP/2 200 OK"
2026-09-05 15:25:44,098 INFO HTTP Request: GET https://nzzrpylddectbapxpazo.supabase.co/rest/v1/jobs?select=id&job_url=eq.https%3A%2F%2Fuk.linkedin.com%2Fjobs%2Fview%2Fpython-developer-london-up-to-%25C2%25A3160-000-starting-base-%252B-exceptional-bonuses-benefits-at-hunter-bond-4461155319 "HTTP/2 200 OK"
2026-09-05 15:25:44,305 INFO HTTP Request: GET https://nzzrpylddectbapxpazo.supabase.co/rest/v1/jobs?select=id&job_url=eq.https%3A%2F%2Fnl.linkedin.com%2Fjobs%2Fview%2Fplatform-engineer-at-adyen-4453249118 "HTTP/2 200 OK"
2026-09-05 15:25:44,489 INFO HTTP Request: GET https://nzzrpylddectbapxpazo.supabase.co/rest/v1/jobs?select=id&job_url=eq.https%3A%2F%2Fuk.linkedin.com%2Fjobs%2Fview%2Fpython-developer-at-virtuetech-recruitment-group-4461181010 "HTTP/2 200 OK"
2026-09-05 15:25:44,715 INFO HTTP Request: GET https://nzzrpylddectbapxpazo.supabase.co/rest/v1/jobs?select=id&job_url=eq.https%3A%2F%2Fuk.linkedin.com%2Fjobs%2Fview%2Fbackend-engineer-at-formula-4463339402 "HTTP/2 200 OK"
2026-09-05 15:25:44,918 INFO HTTP Request: GET https://nzzrpylddectbapxpazo.supabase.co/rest/v1/jobs?select=id&job_url=eq.https%3A%2F%2Fuk.linkedin.com%2Fjobs%2Fview%2Fback-end-engineer-at-renesas-electronics-4417754104 "HTTP/2 200 OK"
2026-09-05 15:25:45,121 INFO HTTP Request: GET https://nzzrpylddectbapxpazo.supabase.co/rest/v1/jobs?select=id&job_url=eq.https%3A%2F%2Fse.linkedin.com%2Fjobs%2Fview%2Fbackend-engineer-at-tibber-4461160961 "HTTP/2 200 OK"
2026-09-05 15:25:45,328 INFO HTTP Request: GET https://nzzrpylddectbapxpazo.supabase.co/rest/v1/jobs?select=id&job_url=eq.https%3A%2F%2Fuk.linkedin.com%2Fjobs%2Fview%2Fbackend-engineer-up-to-%25C2%25A3120k-at-dex-4463712335 "HTTP/2 200 OK"
2026-09-05 15:25:45,484 INFO HTTP Request: GET https://nzzrpylddectbapxpazo.supabase.co/rest/v1/jobs?select=id&job_url=eq.https%3A%2F%2Fit.linkedin.com%2Fjobs%2Fview%2Fsoftware-engineer-at-ticketoo-4462804105 "HTTP/2 200 OK"
2026-09-05 15:25:45,740 INFO HTTP Request: GET https://nzzrpylddectbapxpazo.supabase.co/rest/v1/jobs?select=id&job_url=eq.https%3A%2F%2Fuk.linkedin.com%2Fjobs%2Fview%2Fsoftware-engineer-python-sql-market-data-at-client-server-4463340039 "HTTP/2 200 OK"
2026-09-05 15:25:45,894 INFO HTTP Request: GET https://nzzrpylddectbapxpazo.supabase.co/rest/v1/jobs?select=id&job_url=eq.https%3A%2F%2Fch.linkedin.com%2Fjobs%2Fview%2Fsoftware-engineer-integration-at-cdds-4463394534 "HTTP/2 200 OK"
2026-09-05 15:25:46,045 INFO HTTP Request: GET https://nzzrpylddectbapxpazo.supabase.co/rest/v1/jobs?select=id&job_url=eq.https%3A%2F%2Fuk.linkedin.com%2Fjobs%2Fview%2Fpython-software-engineer-at-validus-risk-management-4463342249 "HTTP/2 200 OK"
2026-09-05 15:25:46,249 INFO HTTP Request: GET https://nzzrpylddectbapxpazo.supabase.co/rest/v1/jobs?select=id&job_url=eq.https%3A%2F%2Fuk.linkedin.com%2Fjobs%2Fview%2Fpython-engineer-beacon-%25E2%2580%2593-gas-power-renewables-technology-at-trafigura-4441802206 "HTTP/2 200 OK"
2026-09-05 15:25:46,452 INFO HTTP Request: GET https://nzzrpylddectbapxpazo.supabase.co/rest/v1/jobs?select=id&job_url=eq.https%3A%2F%2Ffi.linkedin.com%2Fjobs%2Fview%2Fsoftware-engineer-at-engradar-4463600324 "HTTP/2 200 OK"
2026-09-05 15:25:46,660 INFO HTTP Request: GET https://nzzrpylddectbapxpazo.supabase.co/rest/v1/jobs?select=id&job_url=eq.https%3A%2F%2Fpt.linkedin.com%2Fjobs%2Fview%2Fai-backend-engineer-m-f-d-at-siemens-4443899194 "HTTP/2 200 OK"
2026-09-05 15:25:46,866 INFO HTTP Request: GET https://nzzrpylddectbapxpazo.supabase.co/rest/v1/jobs?select=id&job_url=eq.https%3A%2F%2Fbg.linkedin.com%2Fjobs%2Fview%2Fsoftware-engineer-at-resaro-4457511508 "HTTP/2 200 OK"
2026-09-05 15:25:47,068 INFO HTTP Request: GET https://nzzrpylddectbapxpazo.supabase.co/rest/v1/jobs?select=id&job_url=eq.https%3A%2F%2Fuk.linkedin.com%2Fjobs%2Fview%2Ffull-stack-engineer-at-hook-4451193600 "HTTP/2 200 OK"
2026-09-05 15:25:47,315 INFO HTTP Request: POST https://nzzrpylddectbapxpazo.supabase.co/rest/v1/jobs "HTTP/2 201 Created"
2026-09-05 15:25:47,317 INFO   Saved: Full Stack Engineer @ Hook
2026-09-05 15:25:50,384 INFO HTTP Request: PATCH https://nzzrpylddectbapxpazo.supabase.co/rest/v1/jobs?id=eq.53df6267-0003-4f21-b0c8-5b6bbaf1c8fa "HTTP/2 200 OK"
2026-09-05 15:25:52,085 INFO HTTP Request: GET https://nzzrpylddectbapxpazo.supabase.co/rest/v1/jobs?select=id&job_url=eq.https%3A%2F%2Fuk.linkedin.com%2Fjobs%2Fview%2Fpython-developer-sql-market-data-at-client-server-4463338637 "HTTP/2 200 OK"
2026-09-05 15:25:52,290 INFO HTTP Request: GET https://nzzrpylddectbapxpazo.supabase.co/rest/v1/jobs?select=id&job_url=eq.https%3A%2F%2Fuk.linkedin.com%2Fjobs%2Fview%2Ffull-stack-software-engineer-at-faculty-4461180468 "HTTP/2 200 OK"
2026-09-05 15:25:52,597 INFO HTTP Request: POST https://nzzrpylddectbapxpazo.supabase.co/rest/v1/jobs "HTTP/2 201 Created"
2026-09-05 15:25:52,599 INFO   Saved: Full Stack Software Engineer @ Faculty
2026-09-05 15:25:55,464 INFO HTTP Request: PATCH https://nzzrpylddectbapxpazo.supabase.co/rest/v1/jobs?id=eq.f63b22cd-a45f-4540-93f4-d791f3327a72 "HTTP/2 200 OK"
2026-09-05 15:25:57,206 INFO HTTP Request: GET https://nzzrpylddectbapxpazo.supabase.co/rest/v1/jobs?select=id&job_url=eq.https%3A%2F%2Fch.linkedin.com%2Fjobs%2Fview%2Fsenior-backend-engineer-python-at-localbini-4463619029 "HTTP/2 200 OK"
2026-09-05 15:25:57,410 INFO HTTP Request: POST https://nzzrpylddectbapxpazo.supabase.co/rest/v1/jobs "HTTP/2 201 Created"
2026-09-05 15:25:57,411 INFO   Saved: Senior Backend Engineer (Python) @ LocalBini
2026-09-05 15:26:00,295 INFO HTTP Request: PATCH https://nzzrpylddectbapxpazo.supabase.co/rest/v1/jobs?id=eq.37fc7e45-5d9b-4d88-980d-c9541360cc8d "HTTP/2 200 OK"
2026-09-05 15:26:02,034 INFO HTTP Request: GET https://nzzrpylddectbapxpazo.supabase.co/rest/v1/jobs?select=id&job_url=eq.https%3A%2F%2Fuk.linkedin.com%2Fjobs%2Fview%2Fpython-software-engineer-iii-at-jpmorganchase-4444454666 "HTTP/2 200 OK"
2026-09-05 15:26:02,291 INFO HTTP Request: POST https://nzzrpylddectbapxpazo.supabase.co/rest/v1/jobs "HTTP/2 201 Created"
2026-09-05 15:26:02,292 INFO   Saved: Python Software Engineer III @ JPMorganChase
2026-09-05 15:26:05,484 INFO HTTP Request: PATCH https://nzzrpylddectbapxpazo.supabase.co/rest/v1/jobs?id=eq.895531e6-ddcd-49fd-943b-ca822013efd9 "HTTP/2 200 OK"
2026-09-05 15:26:07,239 INFO HTTP Request: GET https://nzzrpylddectbapxpazo.supabase.co/rest/v1/jobs?select=id&job_url=eq.https%3A%2F%2Fuk.linkedin.com%2Fjobs%2Fview%2Fcloud-engineer-python-at-lightfoot-4461175923 "HTTP/2 200 OK"
2026-09-05 15:26:07,391 INFO HTTP Request: POST https://nzzrpylddectbapxpazo.supabase.co/rest/v1/jobs "HTTP/2 201 Created"
2026-09-05 15:26:07,393 INFO   Saved: Cloud Engineer (Python) @ Lightfoot
2026-09-05 15:26:10,417 INFO HTTP Request: PATCH https://nzzrpylddectbapxpazo.supabase.co/rest/v1/jobs?id=eq.5a4faa2e-56ac-4083-a8ca-de3bc263a197 "HTTP/2 200 OK"
2026-09-05 15:26:11,922 INFO   Naukri: Data Analyst Python in Hyderabad
2026-09-05 15:26:19,162 INFO   Found 0 cards
2026-09-05 15:26:34,546 INFO   LinkedIn: Data Analyst Python in Hyderabad -> 25 found
2026-09-05 15:26:34,547 INFO   Naukri: Data Analyst Python in Bangalore
2026-09-05 15:26:41,796 INFO   Found 0 cards
2026-09-05 15:26:57,253 INFO   LinkedIn: Data Analyst Python in Bangalore -> 25 found
2026-09-05 15:26:57,256 INFO   Naukri: Data Analyst Python in Remote
2026-09-05 15:27:04,479 INFO   Found 0 cards
2026-09-05 15:27:19,380 INFO   LinkedIn: Data Analyst Python in Remote -> 25 found
2026-09-05 15:27:23,040 WARNING   YC API returned 406
2026-09-05 15:27:27,421 INFO HTTP Request: GET https://nzzrpylddectbapxpazo.supabase.co/rest/v1/jobs?select=id&job_url=eq.https%3A%2F%2Fpk.linkedin.com%2Fjobs%2Fview%2Fdata-scientist-python-remote-at-hired-4463697342 "HTTP/2 200 OK"
2026-09-05 15:27:27,608 INFO HTTP Request: GET https://nzzrpylddectbapxpazo.supabase.co/rest/v1/jobs?select=id&job_url=eq.https%3A%2F%2Fes.linkedin.com%2Fjobs%2Fview%2Fdata-analytics-engineer-they-she-he-at-glovo-4461959385 "HTTP/2 200 OK"
2026-09-05 15:27:27,833 INFO HTTP Request: GET https://nzzrpylddectbapxpazo.supabase.co/rest/v1/jobs?select=id&job_url=eq.https%3A%2F%2Fes.linkedin.com%2Fjobs%2Fview%2Ftechnical-data-analyst-at-mrm-4435135373 "HTTP/2 200 OK"
2026-09-05 15:27:28,049 INFO HTTP Request: GET https://nzzrpylddectbapxpazo.supabase.co/rest/v1/jobs?select=id&job_url=eq.https%3A%2F%2Fgr.linkedin.com%2Fjobs%2Fview%2Fdata-engineer-for-newra-part-of-accenture-at-accenture-greece-4453262028 "HTTP/2 200 OK"
2026-09-05 15:27:28,275 INFO HTTP Request: GET https://nzzrpylddectbapxpazo.supabase.co/rest/v1/jobs?select=id&job_url=eq.https%3A%2F%2Fcy.linkedin.com%2Fjobs%2Fview%2Fmachine-learning-analyst-data-science-at-criteo-4454055818 "HTTP/2 200 OK"
2026-09-05 15:27:28,673 INFO HTTP Request: GET https://nzzrpylddectbapxpazo.supabase.co/rest/v1/jobs?select=id&job_url=eq.https%3A%2F%2Fae.linkedin.com%2Fjobs%2Fview%2Fdata-scientist-python-remote-at-hire-feed-4463689935 "HTTP/2 200 OK"
2026-09-05 15:27:29,152 INFO HTTP Request: GET https://nzzrpylddectbapxpazo.supabase.co/rest/v1/jobs?select=id&job_url=eq.https%3A%2F%2Fcy.linkedin.com%2Fjobs%2Fview%2Fmachine-learning-analyst-data-science-at-criteo-deutschland-4461169481 "HTTP/2 200 OK"
2026-09-05 15:27:29,614 INFO HTTP Request: GET https://nzzrpylddectbapxpazo.supabase.co/rest/v1/jobs?select=id&job_url=eq.https%3A%2F%2Fes.linkedin.com%2Fjobs%2Fview%2Fdata-scientist-deutsche-telekom-m-f-d-at-t-systems-iberia-4410707248 "HTTP/2 200 OK"
2026-09-05 15:27:31,637 INFO HTTP Request: GET https://nzzrpylddectbapxpazo.supabase.co/rest/v1/jobs?select=id&job_url=eq.https%3A%2F%2Flt.linkedin.com%2Fjobs%2Fview%2Fdata-engineer-f-m-d-at-ignitis-group-4463327426 "HTTP/2 200 OK"
2026-09-05 15:27:32,218 INFO HTTP Request: GET https://nzzrpylddectbapxpazo.supabase.co/rest/v1/jobs?select=id&job_url=eq.https%3A%2F%2Fpt.linkedin.com%2Fjobs%2Fview%2Fdata-scientist-at-wbrain-4463336345 "HTTP/2 200 OK"
2026-09-05 15:27:33,332 INFO HTTP Request: GET https://nzzrpylddectbapxpazo.supabase.co/rest/v1/jobs?select=id&job_url=eq.https%3A%2F%2Fes.linkedin.com%2Fjobs%2Fview%2Fdata-scientist-at-gamblingcareers-com-4463694033 "HTTP/2 200 OK"
2026-09-05 15:27:33,632 INFO HTTP Request: GET https://nzzrpylddectbapxpazo.supabase.co/rest/v1/jobs?select=id&job_url=eq.https%3A%2F%2Fro.linkedin.com%2Fjobs%2Fview%2Fai-data-science-engineer-at-luxoft-romania-4441977685 "HTTP/2 200 OK"
2026-09-05 15:27:33,987 INFO HTTP Request: GET https://nzzrpylddectbapxpazo.supabase.co/rest/v1/jobs?select=id&job_url=eq.https%3A%2F%2Fuy.linkedin.com%2Fjobs%2Fview%2Fdata-engineer-at-tata-consultancy-services-4463614724 "HTTP/2 200 OK"
2026-09-05 15:27:34,451 INFO HTTP Request: GET https://nzzrpylddectbapxpazo.supabase.co/rest/v1/jobs?select=id&job_url=eq.https%3A%2F%2Flk.linkedin.com%2Fjobs%2Fview%2Fdata-ops-engineer-python-dev-exp-at-ivedha-inc-4463627772 "HTTP/2 200 OK"
2026-09-05 15:27:35,169 INFO HTTP Request: GET https://nzzrpylddectbapxpazo.supabase.co/rest/v1/jobs?select=id&job_url=eq.https%3A%2F%2Fvn.linkedin.com%2Fjobs%2Fview%2Fbackend-dev-python-at-rikkeisoft-4463337112 "HTTP/2 200 OK"
2026-09-05 15:27:35,476 INFO HTTP Request: GET https://nzzrpylddectbapxpazo.supabase.co/rest/v1/jobs?select=id&job_url=eq.https%3A%2F%2Fes.linkedin.com%2Fjobs%2Fview%2Fai-developer-at-reclut-4462301657 "HTTP/2 200 OK"
2026-09-05 15:27:35,717 INFO HTTP Request: GET https://nzzrpylddectbapxpazo.supabase.co/rest/v1/jobs?select=id&job_url=eq.https%3A%2F%2Fes.linkedin.com%2Fjobs%2Fview%2Fanalytics-engineer-at-qualifyze-4449758304 "HTTP/2 200 OK"
2026-09-05 15:27:36,021 INFO HTTP Request: GET https://nzzrpylddectbapxpazo.supabase.co/rest/v1/jobs?select=id&job_url=eq.https%3A%2F%2Fgr.linkedin.com%2Fjobs%2Fview%2Fdata-scientist-industrial-systems-at-everllence-4461961553 "HTTP/2 200 OK"
2026-09-05 15:27:36,190 INFO HTTP Request: GET https://nzzrpylddectbapxpazo.supabase.co/rest/v1/jobs?select=id&job_url=eq.https%3A%2F%2Fpl.linkedin.com%2Fjobs%2Fview%2Fdata-operations-analyst-python-sql-at-hays-4461163853 "HTTP/2 200 OK"
2026-09-05 15:27:36,534 INFO HTTP Request: POST https://nzzrpylddectbapxpazo.supabase.co/rest/v1/jobs "HTTP/2 201 Created"
2026-09-05 15:27:36,535 INFO   Saved: Data Operations Analyst (Python & SQL) @ Hays
2026-09-05 15:27:40,443 INFO HTTP Request: PATCH https://nzzrpylddectbapxpazo.supabase.co/rest/v1/jobs?id=eq.6da071a9-f16a-43dd-8bf3-7d54db5ee2e2 "HTTP/2 200 OK"
2026-09-05 15:27:42,573 INFO HTTP Request: GET https://nzzrpylddectbapxpazo.supabase.co/rest/v1/jobs?select=id&job_url=eq.https%3A%2F%2Fpk.linkedin.com%2Fjobs%2Fview%2Fdata-analyst-%25E2%2580%2593-ml-credit-risk-analytics-at-ibex-4461973080 "HTTP/2 200 OK"
2026-09-05 15:27:42,762 INFO HTTP Request: POST https://nzzrpylddectbapxpazo.supabase.co/rest/v1/jobs "HTTP/2 201 Created"
2026-09-05 15:27:42,766 INFO   Saved: Data Analyst – ML & Credit Risk Analytics @ ibex
2026-09-05 15:27:46,313 INFO HTTP Request: PATCH https://nzzrpylddectbapxpazo.supabase.co/rest/v1/jobs?id=eq.2278457d-fa84-438d-981f-3aeccf2131a3 "HTTP/2 200 OK"
2026-09-05 15:27:48,477 INFO HTTP Request: GET https://nzzrpylddectbapxpazo.supabase.co/rest/v1/jobs?select=id&job_url=eq.https%3A%2F%2Fin.linkedin.com%2Fjobs%2Fview%2Fdata-engineer-at-tata-consultancy-services-4463701953 "HTTP/2 200 OK"
2026-09-05 15:27:48,770 INFO HTTP Request: POST https://nzzrpylddectbapxpazo.supabase.co/rest/v1/jobs "HTTP/2 201 Created"
2026-09-05 15:27:48,783 INFO   Saved: Data Engineer @ Tata Consultancy Services
2026-09-05 15:27:55,909 INFO HTTP Request: PATCH https://nzzrpylddectbapxpazo.supabase.co/rest/v1/jobs?id=eq.56a242a3-6c69-43aa-a015-5898540a73fc "HTTP/2 200 OK"
2026-09-05 15:27:59,293 INFO HTTP Request: GET https://nzzrpylddectbapxpazo.supabase.co/rest/v1/jobs?select=id&job_url=eq.https%3A%2F%2Fde.linkedin.com%2Fjobs%2Fview%2Fdata-engineer-data-scientist-m-f-x-at-targomo-4461175384 "HTTP/2 200 OK"
2026-09-05 15:27:59,652 INFO HTTP Request: POST https://nzzrpylddectbapxpazo.supabase.co/rest/v1/jobs "HTTP/2 201 Created"
2026-09-05 15:27:59,660 INFO   Saved: Data Engineer / Data Scientist (m/f/x) @ Targomo
2026-09-05 15:28:03,658 INFO HTTP Request: PATCH https://nzzrpylddectbapxpazo.supabase.co/rest/v1/jobs?id=eq.6cb10ef0-3804-4f0e-9730-a9883eadd6e2 "HTTP/2 200 OK"
2026-09-05 15:28:09,875 INFO HTTP Request: GET https://nzzrpylddectbapxpazo.supabase.co/rest/v1/jobs?select=id&job_url=eq.https%3A%2F%2Fid.linkedin.com%2Fjobs%2Fview%2Fdata-scientist-python-remote-at-hire-feed-4463705228 "HTTP/2 200 OK"
2026-09-05 15:28:10,911 INFO HTTP Request: POST https://nzzrpylddectbapxpazo.supabase.co/rest/v1/jobs "HTTP/2 201 Created"
2026-09-05 15:28:10,914 INFO   Saved: Data Scientist - Python (Remote) @ Hire Feed
2026-09-05 15:28:18,609 INFO HTTP Request: PATCH https://nzzrpylddectbapxpazo.supabase.co/rest/v1/jobs?id=eq.671c1b2c-177b-48d5-a74a-8aaddb86d9e6 "HTTP/2 200 OK"
2026-09-05 15:28:20,470 INFO HTTP Request: GET https://nzzrpylddectbapxpazo.supabase.co/rest/v1/jobs?select=id&job_url=eq.https%3A%2F%2Fmk.linkedin.com%2Fjobs%2Fview%2Fdata-engineer-at-nion-4461420177 "HTTP/2 200 OK"
2026-09-05 15:28:20,835 INFO HTTP Request: POST https://nzzrpylddectbapxpazo.supabase.co/rest/v1/jobs "HTTP/2 201 Created"
2026-09-05 15:28:20,838 INFO   Saved: Data engineer @ Nion
2026-09-05 15:28:25,070 INFO HTTP Request: PATCH https://nzzrpylddectbapxpazo.supabase.co/rest/v1/jobs?id=eq.b266cf62-4067-4ab9-b475-e9ac03d157ea "HTTP/2 200 OK"
2026-09-05 15:28:27,042 INFO HTTP Request: GET https://nzzrpylddectbapxpazo.supabase.co/rest/v1/jobs?select=id&job_url=eq.https%3A%2F%2Fes.linkedin.com%2Fjobs%2Fview%2Fdata-engineer-at-product-pulse-4462329453 "HTTP/2 200 OK"
2026-09-05 15:28:27,380 INFO HTTP Request: POST https://nzzrpylddectbapxpazo.supabase.co/rest/v1/jobs "HTTP/2 201 Created"
2026-09-05 15:28:27,383 INFO   Saved: Data Engineer @ Product Pulse
2026-09-05 15:28:31,701 INFO HTTP Request: PATCH https://nzzrpylddectbapxpazo.supabase.co/rest/v1/jobs?id=eq.8416fc36-449c-413d-8b1f-50aac97df433 "HTTP/2 200 OK"
2026-09-05 15:28:33,635 INFO 
[OK] Scraping complete: 28 new jobs saved
2026-09-05 15:28:33,879 INFO HTTP Request: POST https://nzzrpylddectbapxpazo.supabase.co/rest/v1/daily_run_logs "HTTP/2 409 Conflict"
2026-09-05 15:28:33,895 ERROR      [ERR] Scraping failed: {'message': 'duplicate key value violates unique constraint "daily_run_logs_run_date_key"', 'code': '23505', 'hint': None, 'details': 'Key (run_date)=(2026-09-05) already exists.'}
2026-09-05 15:28:33,897 INFO 
[2/5] [ATS]  Running ATS matching...
2026-09-05 15:28:37,713 INFO HTTP Request: GET https://nzzrpylddectbapxpazo.supabase.co/rest/v1/jobs?select=id%2Ctitle%2Ccompany%2Cdescription_raw&status=eq.scraped&description_raw=not.is.null&limit=50 "HTTP/2 200 OK"
2026-09-05 15:28:39,093 ERROR      [ERR] ATS matching failed: cannot access local variable 'time' where it is not associated with a value
2026-09-05 15:28:39,093 INFO 
[3/5] [APPLY]  Auto-applying to top matches...
2026-09-05 15:28:39,282 INFO HTTP Request: GET https://nzzrpylddectbapxpazo.supabase.co/rest/v1/jobs?select=id%2Ctitle%2Ccompany%2Cats_score%2Capply_url%2Cplatform&status=eq.matched&ats_score=gte.75&order=ats_score.desc&limit=20 "HTTP/2 200 OK"
2026-09-05 15:28:39,284 INFO      [OK] Auto-applied to 0 jobs
2026-09-05 15:28:39,284 INFO 
[4/5] [EMAIL]  Sending cold outreach emails...
2026-09-05 15:28:41,282 INFO HTTP Request: GET https://nzzrpylddectbapxpazo.supabase.co/rest/v1/outreach_logs?select=id&status=eq.sent&sent_at=gte.2026-09-05T00%3A00%3A00 "HTTP/2 200 OK"
2026-09-05 15:28:41,682 INFO HTTP Request: GET https://nzzrpylddectbapxpazo.supabase.co/rest/v1/jobs?select=id%2Ctitle%2Ccompany%2Ccompany_domain%2Clocation%2Cdescription_raw%2Cats_score%2Capply_url%2Cmatched_keywords&status=in.%28matched%2Cauto_applied%29&ats_score=gte.70&order=ats_score.desc&limit=15 "HTTP/2 200 OK"
2026-09-05 15:28:41,683 INFO [MAIL] Outreach done: 0 emails sent
2026-09-05 15:28:41,683 INFO      [OK] Sent 0 cold emails
2026-09-05 15:28:41,683 INFO 
[5/5] [POST]  Publishing LinkedIn posts...
2026-09-05 15:28:42,597 INFO HTTP Request: GET https://nzzrpylddectbapxpazo.supabase.co/rest/v1/linkedin_posts?select=%2A&status=in.%28scheduled%29&scheduled_for=lte.2026-09-05T09%3A58%3A41.928986%2B00%3A00 "HTTP/2 200 OK"
2026-09-05 15:28:42,598 INFO Published 0 due posts
2026-09-05 15:28:42,905 INFO HTTP Request: POST https://nzzrpylddectbapxpazo.supabase.co/rest/v1/daily_run_logs?on_conflict=run_date "HTTP/2 200 OK"
2026-09-05 15:28:42,906 INFO      [OK] Published 0 LinkedIn posts
2026-09-05 15:28:43,287 INFO HTTP Request: POST https://nzzrpylddectbapxpazo.supabase.co/rest/v1/daily_run_logs?on_conflict=run_date "HTTP/2 200 OK"
2026-09-05 15:28:43,289 INFO 
[NOTIFY] Sending daily summary notification...
2026-09-05 15:28:43,708 INFO HTTP Request: GET https://nzzrpylddectbapxpazo.supabase.co/rest/v1/daily_run_logs?select=%2A&run_date=eq.2026-09-05 "HTTP/2 200 OK"
2026-09-05 15:28:44,871 INFO HTTP Request: GET https://nzzrpylddectbapxpazo.supabase.co/rest/v1/applications?select=%2A%2Cjobs%28title%2Ccompany%2Clocation%2Cats_score%29&applied_at=gte.2026-09-05T00%3A00%3A00&order=applied_at.desc&limit=5 "HTTP/2 200 OK"
2026-09-05 15:28:45,216 INFO HTTP Request: GET https://nzzrpylddectbapxpazo.supabase.co/rest/v1/outreach_logs?select=%2A%2Crecruiters%28name%2Ccompany%29&status=eq.sent&sent_at=gte.2026-09-05T00%3A00%3A00 "HTTP/2 200 OK"
2026-09-05 15:28:45,366 INFO HTTP Request: GET https://nzzrpylddectbapxpazo.supabase.co/rest/v1/jobs?select=title%2Ccompany%2Cats_score%2Capply_url&status=eq.matched&ats_score=gte.80&limit=5 "HTTP/2 200 OK"
2026-09-05 15:28:47,624 INFO   [NOTIFY] Telegram notification sent
2026-09-05 15:28:47,626 INFO 
============================================================
2026-09-05 15:28:47,627 INFO [OK] DAILY RUN COMPLETE
2026-09-05 15:28:47,627 INFO    Scraped: 0 | Matched: 0
2026-09-05 15:28:47,628 INFO    Applied: 0 | Emailed: 0
2026-09-05 15:28:47,628 INFO    Errors: 2
2026-09-05 15:28:47,628 INFO ============================================================
2026-09-05 15:32:11,535 INFO ============================================================
2026-09-05 15:32:11,535 INFO [START] DAILY JOB ENGINE RUN — 2026-09-05T10:02:11.535233+00:00
2026-09-05 15:32:11,536 INFO ============================================================
2026-09-05 15:32:11,536 INFO 
[1/5] [SCRAPE]  Scraping job boards...
2026-09-05 15:32:12,450 INFO   Naukri: Python Developer in Hyderabad
2026-09-05 15:32:19,631 INFO   Found 0 cards
2026-09-05 15:32:32,553 INFO   LinkedIn: Python Developer in Hyderabad -> 25 found
2026-09-05 15:32:32,554 INFO   Naukri: Python Developer in Bangalore
2026-09-05 15:32:39,738 INFO   Found 0 cards
2026-09-05 15:32:52,515 INFO   LinkedIn: Python Developer in Bangalore -> 25 found
2026-09-05 15:32:52,516 INFO   Naukri: Python Developer in Remote
2026-09-05 15:32:59,674 INFO   Found 0 cards
2026-09-05 15:33:12,566 INFO   LinkedIn: Python Developer in Remote -> 25 found
2026-09-05 15:33:13,801 WARNING   YC API returned 406
2026-09-05 15:33:15,074 INFO HTTP Request: GET https://nzzrpylddectbapxpazo.supabase.co/rest/v1/jobs?select=id&job_url=eq.https%3A%2F%2Fin.linkedin.com%2Fjobs%2Fview%2Fpython-backend-developer-at-wissen-technology-4461963315 "HTTP/2 200 OK"
2026-09-05 15:33:15,277 INFO HTTP Request: GET https://nzzrpylddectbapxpazo.supabase.co/rest/v1/jobs?select=id&job_url=eq.https%3A%2F%2Ffr.linkedin.com%2Fjobs%2Fview%2Fd%25C3%25A9veloppeur-python-cdi-h-f-at-meritis-4461154320 "HTTP/2 200 OK"
2026-09-05 15:33:15,492 INFO HTTP Request: POST https://nzzrpylddectbapxpazo.supabase.co/rest/v1/jobs "HTTP/2 201 Created"
2026-09-05 15:33:15,496 INFO   Saved: Développeur Python - CDI (H/F) @ MERITIS
2026-09-05 15:33:18,454 INFO HTTP Request: PATCH https://nzzrpylddectbapxpazo.supabase.co/rest/v1/jobs?id=eq.d65b9c1e-d62c-402a-b24f-a5cf1a89d034 "HTTP/2 200 OK"
2026-09-05 15:33:20,517 INFO HTTP Request: GET https://nzzrpylddectbapxpazo.supabase.co/rest/v1/jobs?select=id&job_url=eq.https%3A%2F%2Fin.linkedin.com%2Fjobs%2Fview%2Fsenior-python-backend-developer-at-wissen-technology-4461959484 "HTTP/2 200 OK"
2026-09-05 15:33:20,809 INFO HTTP Request: GET https://nzzrpylddectbapxpazo.supabase.co/rest/v1/jobs?select=id&job_url=eq.https%3A%2F%2Fwww.linkedin.com%2Fjobs%2Fview%2Fpython-software-developer-at-advatix-latam-4462361684 "HTTP/2 200 OK"
2026-09-05 15:33:21,022 INFO HTTP Request: GET https://nzzrpylddectbapxpazo.supabase.co/rest/v1/jobs?select=id&job_url=eq.https%3A%2F%2Fro.linkedin.com%2Fjobs%2Fview%2Fsenior-python-developer-at-accenture-romania-4453256865 "HTTP/2 200 OK"
2026-09-05 15:33:21,474 INFO HTTP Request: GET https://nzzrpylddectbapxpazo.supabase.co/rest/v1/jobs?select=id&job_url=eq.https%3A%2F%2Fuk.linkedin.com%2Fjobs%2Fview%2Fpython-developer-at-virtuetech-recruitment-group-4461181010 "HTTP/2 200 OK"
2026-09-05 15:33:21,832 INFO HTTP Request: GET https://nzzrpylddectbapxpazo.supabase.co/rest/v1/jobs?select=id&job_url=eq.https%3A%2F%2Fes.linkedin.com%2Fjobs%2Fview%2Fingeniero-a-backend-python-senior-ciberdefensa-barcelona-h%25C3%25ADbrido-at-indra-group-4461160714 "HTTP/2 200 OK"
2026-09-05 15:33:22,039 INFO HTTP Request: POST https://nzzrpylddectbapxpazo.supabase.co/rest/v1/jobs "HTTP/2 201 Created"
2026-09-05 15:33:22,040 INFO   Saved: Ingeniero/a Backend Python Senior | CiberDefensa | Barcelona (Híbrido) @ Indra Group
2026-09-05 15:33:24,770 INFO HTTP Request: PATCH https://nzzrpylddectbapxpazo.supabase.co/rest/v1/jobs?id=eq.d2084f0a-be04-491a-9cec-479705a5714d "HTTP/2 200 OK"
2026-09-05 15:33:26,453 INFO HTTP Request: GET https://nzzrpylddectbapxpazo.supabase.co/rest/v1/jobs?select=id&job_url=eq.https%3A%2F%2Ftr.linkedin.com%2Fjobs%2Fview%2Fsenior-python-engineer-at-accenture-4453241960 "HTTP/2 200 OK"
2026-09-05 15:33:26,617 INFO HTTP Request: POST https://nzzrpylddectbapxpazo.supabase.co/rest/v1/jobs "HTTP/2 201 Created"
2026-09-05 15:33:26,619 INFO   Saved: Senior Python Engineer @ Accenture
2026-09-05 15:33:29,818 INFO HTTP Request: PATCH https://nzzrpylddectbapxpazo.supabase.co/rest/v1/jobs?id=eq.b43ea824-c973-49f3-b83f-c38b352dbcd0 "HTTP/2 200 OK"
2026-09-05 15:33:31,561 INFO HTTP Request: GET https://nzzrpylddectbapxpazo.supabase.co/rest/v1/jobs?select=id&job_url=eq.https%3A%2F%2Fin.linkedin.com%2Fjobs%2Fview%2Fpython-developer-at-talentgigs-4461983124 "HTTP/2 200 OK"
2026-09-05 15:33:31,764 INFO HTTP Request: GET https://nzzrpylddectbapxpazo.supabase.co/rest/v1/jobs?select=id&job_url=eq.https%3A%2F%2Fau.linkedin.com%2Fjobs%2Fview%2Fsoftware-engineer-ii-python-django-at-kraken-4461947499 "HTTP/2 200 OK"
2026-09-05 15:33:31,969 INFO HTTP Request: GET https://nzzrpylddectbapxpazo.supabase.co/rest/v1/jobs?select=id&job_url=eq.https%3A%2F%2Fwww.linkedin.com%2Fjobs%2Fview%2Fpython-developer-iii-at-bank-of-america-4454812137 "HTTP/2 200 OK"
2026-09-05 15:33:32,276 INFO HTTP Request: POST https://nzzrpylddectbapxpazo.supabase.co/rest/v1/jobs "HTTP/2 201 Created"
2026-09-05 15:33:32,278 INFO   Saved: Python Developer III @ Bank of America
2026-09-05 15:33:35,041 INFO HTTP Request: PATCH https://nzzrpylddectbapxpazo.supabase.co/rest/v1/jobs?id=eq.72ed93b2-9cd7-4c1f-9bd5-b591623eea5f "HTTP/2 200 OK"
2026-09-05 15:33:36,785 INFO HTTP Request: GET https://nzzrpylddectbapxpazo.supabase.co/rest/v1/jobs?select=id&job_url=eq.https%3A%2F%2Fin.linkedin.com%2Fjobs%2Fview%2Fpython-backend-developer-at-infobeans-4463721144 "HTTP/2 200 OK"
2026-09-05 15:33:36,933 INFO HTTP Request: GET https://nzzrpylddectbapxpazo.supabase.co/rest/v1/jobs?select=id&job_url=eq.https%3A%2F%2Fin.linkedin.com%2Fjobs%2Fview%2Fbackend-engineer-python-fast-api-mumbai-at-tata-consultancy-services-4462369493 "HTTP/2 200 OK"
2026-09-05 15:33:37,202 INFO HTTP Request: POST https://nzzrpylddectbapxpazo.supabase.co/rest/v1/jobs "HTTP/2 201 Created"
2026-09-05 15:33:37,204 INFO   Saved: Backend Engineer (Python,Fast API)_Mumbai @ Tata Consultancy Services
2026-09-05 15:33:40,161 INFO HTTP Request: PATCH https://nzzrpylddectbapxpazo.supabase.co/rest/v1/jobs?id=eq.a30ee766-1639-46b2-a9cc-13047d89a850 "HTTP/2 200 OK"
2026-09-05 15:33:41,901 INFO HTTP Request: GET https://nzzrpylddectbapxpazo.supabase.co/rest/v1/jobs?select=id&job_url=eq.https%3A%2F%2Fmx.linkedin.com%2Fjobs%2Fview%2Fmid-level-python-developer-colombia-at-ci-t-4463715311 "HTTP/2 200 OK"
2026-09-05 15:33:42,207 INFO HTTP Request: POST https://nzzrpylddectbapxpazo.supabase.co/rest/v1/jobs "HTTP/2 201 Created"
2026-09-05 15:33:42,208 INFO   Saved: Mid Level Python Developer , Colombia @ CI&T
2026-09-05 15:33:45,077 INFO HTTP Request: PATCH https://nzzrpylddectbapxpazo.supabase.co/rest/v1/jobs?id=eq.036f3e0a-90c7-4e03-be32-a39377c0f589 "HTTP/2 200 OK"
2026-09-05 15:33:46,817 INFO HTTP Request: GET https://nzzrpylddectbapxpazo.supabase.co/rest/v1/jobs?select=id&job_url=eq.https%3A%2F%2Fin.linkedin.com%2Fjobs%2Fview%2Fsoftware-engineer-sr-software-engineer-python-at-leegality-4461159988 "HTTP/2 200 OK"
2026-09-05 15:33:47,024 INFO HTTP Request: GET https://nzzrpylddectbapxpazo.supabase.co/rest/v1/jobs?select=id&job_url=eq.https%3A%2F%2Fwww.linkedin.com%2Fjobs%2Fview%2Fpython-developer-iii-at-bank-of-america-4454559022 "HTTP/2 200 OK"
2026-09-05 15:33:47,227 INFO HTTP Request: POST https://nzzrpylddectbapxpazo.supabase.co/rest/v1/jobs "HTTP/2 201 Created"
2026-09-05 15:33:47,229 INFO   Saved: Python Developer III @ Bank of America
2026-09-05 15:33:49,992 INFO HTTP Request: PATCH https://nzzrpylddectbapxpazo.supabase.co/rest/v1/jobs?id=eq.d152e5a7-0895-47c3-95a1-4641eb341992 "HTTP/2 200 OK"
2026-09-05 15:33:51,732 INFO HTTP Request: GET https://nzzrpylddectbapxpazo.supabase.co/rest/v1/jobs?select=id&job_url=eq.https%3A%2F%2Far.linkedin.com%2Fjobs%2Fview%2Fpython-senior-developer-at-accenture-argentina-4435025830 "HTTP/2 200 OK"
2026-09-05 15:33:51,889 INFO HTTP Request: POST https://nzzrpylddectbapxpazo.supabase.co/rest/v1/jobs "HTTP/2 201 Created"
2026-09-05 15:33:51,890 INFO   Saved: Python Senior Developer @ Accenture Argentina
2026-09-05 15:33:54,682 INFO HTTP Request: PATCH https://nzzrpylddectbapxpazo.supabase.co/rest/v1/jobs?id=eq.f6f1d6df-03b9-49a3-91b6-d73ee58a027b "HTTP/2 200 OK"
2026-09-05 15:33:56,444 INFO HTTP Request: GET https://nzzrpylddectbapxpazo.supabase.co/rest/v1/jobs?select=id&job_url=eq.https%3A%2F%2Fin.linkedin.com%2Fjobs%2Fview%2Fsenior-backend-developer-at-miba-group-4461752859 "HTTP/2 200 OK"
2026-09-05 15:33:56,649 INFO HTTP Request: GET https://nzzrpylddectbapxpazo.supabase.co/rest/v1/jobs?select=id&job_url=eq.https%3A%2F%2Fvn.linkedin.com%2Fjobs%2Fview%2Fbackend-dev-python-at-rikkeisoft-4463337112 "HTTP/2 200 OK"
2026-09-05 15:33:56,852 INFO HTTP Request: GET https://nzzrpylddectbapxpazo.supabase.co/rest/v1/jobs?select=id&job_url=eq.https%3A%2F%2Fwww.linkedin.com%2Fjobs%2Fview%2Fbackend-python-engineer-clearance-required-at-bti360-4372140116 "HTTP/2 200 OK"
2026-09-05 15:33:57,057 INFO HTTP Request: POST https://nzzrpylddectbapxpazo.supabase.co/rest/v1/jobs "HTTP/2 201 Created"
2026-09-05 15:33:57,059 INFO   Saved: Backend Python Engineer - Clearance Required @ BTI360
2026-09-05 15:33:59,765 INFO HTTP Request: PATCH https://nzzrpylddectbapxpazo.supabase.co/rest/v1/jobs?id=eq.b0fb5b7a-5345-4588-8b24-4b1bfc24b96e "HTTP/2 200 OK"
2026-09-05 15:34:01,463 INFO HTTP Request: GET https://nzzrpylddectbapxpazo.supabase.co/rest/v1/jobs?select=id&job_url=eq.https%3A%2F%2Fin.linkedin.com%2Fjobs%2Fview%2Fsenior-python-developer-at-itc-infotech-4461947520 "HTTP/2 200 OK"
2026-09-05 15:34:01,626 INFO HTTP Request: GET https://nzzrpylddectbapxpazo.supabase.co/rest/v1/jobs?select=id&job_url=eq.https%3A%2F%2Fwww.linkedin.com%2Fjobs%2Fview%2Fsenior-python-engineer-at-epam-systems-4461989634 "HTTP/2 200 OK"
2026-09-05 15:34:01,871 INFO HTTP Request: POST https://nzzrpylddectbapxpazo.supabase.co/rest/v1/jobs "HTTP/2 201 Created"
2026-09-05 15:34:01,871 INFO   Saved: Senior Python Engineer @ EPAM Systems
2026-09-05 15:34:04,848 INFO HTTP Request: PATCH https://nzzrpylddectbapxpazo.supabase.co/rest/v1/jobs?id=eq.9b6a0313-db0c-4bf9-b071-1866963b420b "HTTP/2 200 OK"
2026-09-05 15:34:06,579 INFO HTTP Request: GET https://nzzrpylddectbapxpazo.supabase.co/rest/v1/jobs?select=id&job_url=eq.https%3A%2F%2Fin.linkedin.com%2Fjobs%2Fview%2Fpython-developer-at-straive-4461149664 "HTTP/2 200 OK"
2026-09-05 15:34:06,785 INFO HTTP Request: GET https://nzzrpylddectbapxpazo.supabase.co/rest/v1/jobs?select=id&job_url=eq.https%3A%2F%2Fwww.linkedin.com%2Fjobs%2Fview%2Fsenior-python-developer-at-data-capital-incorporation-4462331145 "HTTP/2 200 OK"
2026-09-05 15:34:06,990 INFO HTTP Request: POST https://nzzrpylddectbapxpazo.supabase.co/rest/v1/jobs "HTTP/2 201 Created"
2026-09-05 15:34:06,992 INFO   Saved: Senior Python Developer @ Data Capital Incorporation
2026-09-05 15:34:09,653 INFO HTTP Request: PATCH https://nzzrpylddectbapxpazo.supabase.co/rest/v1/jobs?id=eq.ca7bd844-001d-41b4-b9c2-1f9391958580 "HTTP/2 200 OK"
2026-09-05 15:34:11,393 INFO HTTP Request: GET https://nzzrpylddectbapxpazo.supabase.co/rest/v1/jobs?select=id&job_url=eq.https%3A%2F%2Fgr.linkedin.com%2Fjobs%2Fview%2Fsenior-back-end-developer-django-fastapi-at-accenture-greece-4453251910 "HTTP/2 200 OK"
2026-09-05 15:34:11,394 INFO   Naukri: Django Developer in Hyderabad
2026-09-05 15:34:18,586 INFO   Found 0 cards
2026-09-05 15:34:31,336 INFO   LinkedIn: Django Developer in Hyderabad -> 25 found
2026-09-05 15:34:31,336 INFO   Naukri: Django Developer in Bangalore
2026-09-05 15:34:38,509 INFO   Found 0 cards
2026-09-05 15:34:51,172 INFO   LinkedIn: Django Developer in Bangalore -> 25 found
2026-09-05 15:34:51,172 INFO   Naukri: Django Developer in Remote
2026-09-05 15:34:58,327 INFO   Found 0 cards
2026-09-05 15:35:11,162 INFO   LinkedIn: Django Developer in Remote -> 24 found
2026-09-05 15:35:12,430 WARNING   YC API returned 406
2026-09-05 15:35:12,941 INFO HTTP Request: GET https://nzzrpylddectbapxpazo.supabase.co/rest/v1/jobs?select=id&job_url=eq.https%3A%2F%2Fwww.linkedin.com%2Fjobs%2Fview%2Fsenior-backend-engineer-agents-at-scribe-4463618575 "HTTP/2 200 OK"
2026-09-05 15:35:13,145 INFO HTTP Request: POST https://nzzrpylddectbapxpazo.supabase.co/rest/v1/jobs "HTTP/2 201 Created"
2026-09-05 15:35:13,147 INFO   Saved: Senior Backend Engineer, Agents @ Scribe
2026-09-05 15:35:16,318 INFO HTTP Request: PATCH https://nzzrpylddectbapxpazo.supabase.co/rest/v1/jobs?id=eq.04004969-7df9-4014-a3d7-6057375dd1db "HTTP/2 200 OK"
2026-09-05 15:35:18,061 INFO HTTP Request: GET https://nzzrpylddectbapxpazo.supabase.co/rest/v1/jobs?select=id&job_url=eq.https%3A%2F%2Fgr.linkedin.com%2Fjobs%2Fview%2Fsenior-back-end-developer-django-fastapi-at-accenture-greece-4453251910 "HTTP/2 200 OK"
2026-09-05 15:35:18,265 INFO HTTP Request: GET https://nzzrpylddectbapxpazo.supabase.co/rest/v1/jobs?select=id&job_url=eq.https%3A%2F%2Fit.linkedin.com%2Fjobs%2Fview%2Fsoftware-engineer-at-ticketoo-4462804105 "HTTP/2 200 OK"
2026-09-05 15:35:18,473 INFO HTTP Request: GET https://nzzrpylddectbapxpazo.supabase.co/rest/v1/jobs?select=id&job_url=eq.https%3A%2F%2Fin.linkedin.com%2Fjobs%2Fview%2Fpython-backend-developer-at-wissen-technology-4461963315 "HTTP/2 200 OK"
2026-09-05 15:35:18,676 INFO HTTP Request: GET https://nzzrpylddectbapxpazo.supabase.co/rest/v1/jobs?select=id&job_url=eq.https%3A%2F%2Fua.linkedin.com%2Fjobs%2Fview%2Fsenior-python-django-backend-engineer-at-spd-technology-4463379426 "HTTP/2 200 OK"
2026-09-05 15:35:18,848 INFO HTTP Request: GET https://nzzrpylddectbapxpazo.supabase.co/rest/v1/jobs?select=id&job_url=eq.https%3A%2F%2Fin.linkedin.com%2Fjobs%2Fview%2Fpython-developer-at-talentgigs-4461983124 "HTTP/2 200 OK"
2026-09-05 15:35:19,085 INFO HTTP Request: GET https://nzzrpylddectbapxpazo.supabase.co/rest/v1/jobs?select=id&job_url=eq.https%3A%2F%2Fro.linkedin.com%2Fjobs%2Fview%2Fsenior-python-developer-at-accenture-romania-4453256865 "HTTP/2 200 OK"
2026-09-05 15:35:19,292 INFO HTTP Request: GET https://nzzrpylddectbapxpazo.supabase.co/rest/v1/jobs?select=id&job_url=eq.https%3A%2F%2Fin.linkedin.com%2Fjobs%2Fview%2Fsoftware-engineer-sr-software-engineer-python-at-leegality-4461159988 "HTTP/2 200 OK"
2026-09-05 15:35:19,496 INFO HTTP Request: GET https://nzzrpylddectbapxpazo.supabase.co/rest/v1/jobs?select=id&job_url=eq.https%3A%2F%2Fau.linkedin.com%2Fjobs%2Fview%2Fsoftware-engineer-ii-python-django-at-kraken-4461947499 "HTTP/2 200 OK"
2026-09-05 15:35:19,700 INFO HTTP Request: GET https://nzzrpylddectbapxpazo.supabase.co/rest/v1/jobs?select=id&job_url=eq.https%3A%2F%2Fau.linkedin.com%2Fjobs%2Fview%2Fsenior-system-developer-django-python-at-peoplebank-4463720036 "HTTP/2 200 OK"
2026-09-05 15:35:19,847 INFO HTTP Request: POST https://nzzrpylddectbapxpazo.supabase.co/rest/v1/jobs "HTTP/2 201 Created"
2026-09-05 15:35:19,848 INFO   Saved: Senior System Developer - Django, python @ Peoplebank
2026-09-05 15:35:22,669 INFO HTTP Request: PATCH https://nzzrpylddectbapxpazo.supabase.co/rest/v1/jobs?id=eq.ac06c5f2-2f36-4de0-aea8-6bf80adbe954 "HTTP/2 200 OK"
2026-09-05 15:35:24,625 INFO HTTP Request: GET https://nzzrpylddectbapxpazo.supabase.co/rest/v1/jobs?select=id&job_url=eq.https%3A%2F%2Fin.linkedin.com%2Fjobs%2Fview%2Fpython-developer-at-people-prime-worldwide-4463607105 "HTTP/2 200 OK"
2026-09-05 15:35:24,819 INFO HTTP Request: GET https://nzzrpylddectbapxpazo.supabase.co/rest/v1/jobs?select=id&job_url=eq.https%3A%2F%2Fmx.linkedin.com%2Fjobs%2Fview%2Fmid-level-python-developer-colombia-at-ci-t-4463715311 "HTTP/2 200 OK"
2026-09-05 15:35:24,967 INFO HTTP Request: GET https://nzzrpylddectbapxpazo.supabase.co/rest/v1/jobs?select=id&job_url=eq.https%3A%2F%2Fca.linkedin.com%2Fjobs%2Fview%2Fbackend-programmer-at-kreatipedia-inc-4463654677 "HTTP/2 200 OK"
2026-09-05 15:35:25,108 INFO HTTP Request: POST https://nzzrpylddectbapxpazo.supabase.co/rest/v1/jobs "HTTP/2 201 Created"
2026-09-05 15:35:25,109 INFO   Saved: Backend Programmer @ Kreatipedia Inc.
2026-09-05 15:35:27,995 INFO HTTP Request: PATCH https://nzzrpylddectbapxpazo.supabase.co/rest/v1/jobs?id=eq.a807f6a7-b9cc-4b6a-a1fd-ecd5943f3344 "HTTP/2 200 OK"
2026-09-05 15:35:29,846 INFO HTTP Request: GET https://nzzrpylddectbapxpazo.supabase.co/rest/v1/jobs?select=id&job_url=eq.https%3A%2F%2Fes.linkedin.com%2Fjobs%2Fview%2Fingeniero-a-backend-python-senior-ciberdefensa-barcelona-h%25C3%25ADbrido-at-indra-group-4461160714 "HTTP/2 200 OK"
2026-09-05 15:35:30,257 INFO HTTP Request: GET https://nzzrpylddectbapxpazo.supabase.co/rest/v1/jobs?select=id&job_url=eq.https%3A%2F%2Fin.linkedin.com%2Fjobs%2Fview%2Fsenior-backend-developer-at-miba-group-4461752859 "HTTP/2 200 OK"
2026-09-05 15:35:30,418 INFO HTTP Request: GET https://nzzrpylddectbapxpazo.supabase.co/rest/v1/jobs?select=id&job_url=eq.https%3A%2F%2Fin.linkedin.com%2Fjobs%2Fview%2Fpython-developer-at-straive-4461149664 "HTTP/2 200 OK"
2026-09-05 15:35:30,569 INFO HTTP Request: GET https://nzzrpylddectbapxpazo.supabase.co/rest/v1/jobs?select=id&job_url=eq.https%3A%2F%2Fnp.linkedin.com%2Fjobs%2Fview%2Fsenior-python-developer-at-dogma-group-4460967309 "HTTP/2 200 OK"
2026-09-05 15:35:30,759 INFO HTTP Request: POST https://nzzrpylddectbapxpazo.supabase.co/rest/v1/jobs "HTTP/2 201 Created"
2026-09-05 15:35:30,762 INFO   Saved: Senior Python Developer @ Dogma Group
2026-09-05 15:35:33,626 INFO HTTP Request: PATCH https://nzzrpylddectbapxpazo.supabase.co/rest/v1/jobs?id=eq.728651bd-f4a2-4345-bf94-79e9959af7cf "HTTP/2 200 OK"
2026-09-05 15:35:35,323 INFO HTTP Request: GET https://nzzrpylddectbapxpazo.supabase.co/rest/v1/jobs?select=id&job_url=eq.https%3A%2F%2Fco.linkedin.com%2Fjobs%2Fview%2Fmid-level-python-developer-colombia-at-ci-t-4463697816 "HTTP/2 200 OK"
2026-09-05 15:35:35,475 INFO HTTP Request: POST https://nzzrpylddectbapxpazo.supabase.co/rest/v1/jobs "HTTP/2 201 Created"
2026-09-05 15:35:35,476 INFO   Saved: Mid Level Python Developer , Colombia @ CI&T
2026-09-05 15:35:38,357 INFO HTTP Request: PATCH https://nzzrpylddectbapxpazo.supabase.co/rest/v1/jobs?id=eq.e6a78f42-41eb-423e-ac3e-ee9f645f69ef "HTTP/2 200 OK"
2026-09-05 15:35:39,990 INFO HTTP Request: GET https://nzzrpylddectbapxpazo.supabase.co/rest/v1/jobs?select=id&job_url=eq.https%3A%2F%2Ffr.linkedin.com%2Fjobs%2Fview%2Fback-end-developer-at-bao-4463378379 "HTTP/2 200 OK"
2026-09-05 15:35:40,134 INFO HTTP Request: POST https://nzzrpylddectbapxpazo.supabase.co/rest/v1/jobs "HTTP/2 201 Created"
2026-09-05 15:35:40,135 INFO   Saved: Back End Developer @ BAO
2026-09-05 15:35:42,959 INFO HTTP Request: PATCH https://nzzrpylddectbapxpazo.supabase.co/rest/v1/jobs?id=eq.7316a711-8188-4c26-bc2b-287baa889672 "HTTP/2 200 OK"
2026-09-05 15:35:44,687 INFO HTTP Request: GET https://nzzrpylddectbapxpazo.supabase.co/rest/v1/jobs?select=id&job_url=eq.https%3A%2F%2Fwww.linkedin.com%2Fjobs%2Fview%2Fsr-software-engineer-at-general-dynamics-information-technology-4463650416 "HTTP/2 200 OK"
2026-09-05 15:35:44,843 INFO HTTP Request: POST https://nzzrpylddectbapxpazo.supabase.co/rest/v1/jobs "HTTP/2 201 Created"
2026-09-05 15:35:44,845 INFO   Saved: Sr Software Engineer @ General Dynamics Information Technology
2026-09-05 15:35:47,452 INFO HTTP Request: PATCH https://nzzrpylddectbapxpazo.supabase.co/rest/v1/jobs?id=eq.e39f406a-5c08-472a-b2d9-2b7a299f0a1d "HTTP/2 200 OK"
2026-09-05 15:35:49,191 INFO HTTP Request: GET https://nzzrpylddectbapxpazo.supabase.co/rest/v1/jobs?select=id&job_url=eq.https%3A%2F%2Fin.linkedin.com%2Fjobs%2Fview%2Fanalyst-at-eclerx-4463342720 "HTTP/2 200 OK"
2026-09-05 15:35:49,397 INFO HTTP Request: GET https://nzzrpylddectbapxpazo.supabase.co/rest/v1/jobs?select=id&job_url=eq.https%3A%2F%2Fit.linkedin.com%2Fjobs%2Fview%2Fsoftware-engineer-at-iliad-4461700377 "HTTP/2 200 OK"
2026-09-05 15:35:49,714 INFO HTTP Request: POST https://nzzrpylddectbapxpazo.supabase.co/rest/v1/jobs "HTTP/2 201 Created"
2026-09-05 15:35:49,716 INFO   Saved: Software Engineer @ iliad
2026-09-05 15:35:52,793 INFO HTTP Request: PATCH https://nzzrpylddectbapxpazo.supabase.co/rest/v1/jobs?id=eq.182504bd-e413-429e-a10d-ddf66242cf57 "HTTP/2 200 OK"
2026-09-05 15:35:54,616 INFO HTTP Request: GET https://nzzrpylddectbapxpazo.supabase.co/rest/v1/jobs?select=id&job_url=eq.https%3A%2F%2Fwww.linkedin.com%2Fjobs%2Fview%2Fpython-software-developer-at-advatix-latam-4462361684 "HTTP/2 200 OK"
2026-09-05 15:35:54,857 INFO HTTP Request: GET https://nzzrpylddectbapxpazo.supabase.co/rest/v1/jobs?select=id&job_url=eq.https%3A%2F%2Feg.linkedin.com%2Fjobs%2Fview%2Fsenior-python-developer-at-nile-bits-llc-4461439508 "HTTP/2 200 OK"
2026-09-05 15:35:55,128 INFO HTTP Request: POST https://nzzrpylddectbapxpazo.supabase.co/rest/v1/jobs "HTTP/2 201 Created"
2026-09-05 15:35:55,131 INFO   Saved: Senior Python Developer @ Nile Bits, LLC.
2026-09-05 15:35:57,927 INFO HTTP Request: PATCH https://nzzrpylddectbapxpazo.supabase.co/rest/v1/jobs?id=eq.8887ce9c-3c53-4894-bcca-b7d2c1a8c5b2 "HTTP/2 200 OK"
2026-09-05 15:35:59,442 INFO   Naukri: Backend Developer in Hyderabad
2026-09-05 15:36:06,639 INFO   Found 0 cards
2026-09-05 15:36:20,325 INFO   LinkedIn: Backend Developer in Hyderabad -> 25 found
2026-09-05 15:36:20,325 INFO   Naukri: Backend Developer in Bangalore
2026-09-05 15:36:27,551 INFO   Found 0 cards
2026-09-05 15:36:41,699 INFO   LinkedIn: Backend Developer in Bangalore -> 24 found
2026-09-05 15:36:41,699 INFO   Naukri: Backend Developer in Remote
2026-09-05 15:36:48,940 INFO   Found 0 cards
2026-09-05 15:37:03,153 INFO   LinkedIn: Backend Developer in Remote -> 25 found
2026-09-05 15:37:04,357 WARNING   YC API returned 406
2026-09-05 15:37:04,669 INFO HTTP Request: GET https://nzzrpylddectbapxpazo.supabase.co/rest/v1/jobs?select=id&job_url=eq.https%3A%2F%2Fpt.linkedin.com%2Fjobs%2Fview%2Fsenior-java-backend-engineer-at-we-are-meta-4463371378 "HTTP/2 200 OK"
2026-09-05 15:37:04,869 INFO HTTP Request: POST https://nzzrpylddectbapxpazo.supabase.co/rest/v1/jobs "HTTP/2 201 Created"
2026-09-05 15:37:04,870 INFO   Saved: Senior Java Backend Engineer @ We Are META
2026-09-05 15:37:07,738 INFO HTTP Request: PATCH https://nzzrpylddectbapxpazo.supabase.co/rest/v1/jobs?id=eq.70fd0d0a-9609-4153-adad-b759d5084637 "HTTP/2 200 OK"
2026-09-05 15:37:09,479 INFO HTTP Request: GET https://nzzrpylddectbapxpazo.supabase.co/rest/v1/jobs?select=id&job_url=eq.https%3A%2F%2Fbr.linkedin.com%2Fjobs%2Fview%2Fdesenvolvedor-a-backend-java-microservi%25C3%25A7os-%252B-aws-%25E2%2580%2593-ingl%25C3%25AAs-avan%25C3%25A7ado-at-accenture-brasil-4453255702 "HTTP/2 200 OK"
2026-09-05 15:37:09,682 INFO HTTP Request: POST https://nzzrpylddectbapxpazo.supabase.co/rest/v1/jobs "HTTP/2 201 Created"
2026-09-05 15:37:09,685 INFO   Saved: Desenvolvedor(a) Backend Java Microserviços + AWS – Inglês Avançado @ Accenture Brasil
2026-09-05 15:37:12,677 INFO HTTP Request: PATCH https://nzzrpylddectbapxpazo.supabase.co/rest/v1/jobs?id=eq.88dbba87-b9f4-4efa-a1d4-d2f412fb9d3e "HTTP/2 200 OK"
2026-09-05 15:37:14,327 INFO HTTP Request: GET https://nzzrpylddectbapxpazo.supabase.co/rest/v1/jobs?select=id&job_url=eq.https%3A%2F%2Fkr.linkedin.com%2Fjobs%2Fview%2F%25EC%25BD%2594%25EC%2596%25B4%25ED%2594%258C%25EB%259E%25AB%25ED%258F%25BC%25EC%259C%25A0%25EB%258B%259B-back-end-%25EA%25B0%259C%25EB%25B0%259C%25EC%25B1%2584%25EC%259A%25A9-at-cj-olive-young-4426596895 "HTTP/2 200 OK"
2026-09-05 15:37:14,471 INFO HTTP Request: POST https://nzzrpylddectbapxpazo.supabase.co/rest/v1/jobs "HTTP/2 201 Created"
2026-09-05 15:37:17,417 INFO HTTP Request: PATCH https://nzzrpylddectbapxpazo.supabase.co/rest/v1/jobs?id=eq.d22ea802-261c-4849-83a5-2793bac47c30 "HTTP/2 200 OK"
2026-09-05 15:37:19,081 INFO HTTP Request: GET https://nzzrpylddectbapxpazo.supabase.co/rest/v1/jobs?select=id&job_url=eq.https%3A%2F%2Fbr.linkedin.com%2Fjobs%2Fview%2Fdesenvolvedor-back-end-at-jobbol-4463378010 "HTTP/2 200 OK"
2026-09-05 15:37:19,629 INFO HTTP Request: POST https://nzzrpylddectbapxpazo.supabase.co/rest/v1/jobs "HTTP/2 201 Created"
2026-09-05 15:37:19,629 INFO   Saved: Desenvolvedor Back-End @ Jobbol
2026-09-05 15:37:22,112 INFO HTTP Request: PATCH https://nzzrpylddectbapxpazo.supabase.co/rest/v1/jobs?id=eq.88eacc89-a15a-465b-9127-2b3874aaf05c "HTTP/2 200 OK"
2026-09-05 15:37:23,759 INFO HTTP Request: GET https://nzzrpylddectbapxpazo.supabase.co/rest/v1/jobs?select=id&job_url=eq.https%3A%2F%2Fsg.linkedin.com%2Fjobs%2Fview%2Fsenior-software-engineer-%25E2%2580%2593-back-end-c%2523-at-tp-icap-4433160634 "HTTP/2 200 OK"
2026-09-05 15:37:23,906 INFO HTTP Request: POST https://nzzrpylddectbapxpazo.supabase.co/rest/v1/jobs "HTTP/2 201 Created"
2026-09-05 15:37:23,907 INFO   Saved: Senior Software Engineer – Back End (C#) @ TP ICAP
2026-09-05 15:37:26,636 INFO HTTP Request: PATCH https://nzzrpylddectbapxpazo.supabase.co/rest/v1/jobs?id=eq.b1124555-1d50-47d0-bdb3-f2ebc7b5ca7d "HTTP/2 200 OK"
2026-09-05 15:37:28,299 INFO HTTP Request: GET https://nzzrpylddectbapxpazo.supabase.co/rest/v1/jobs?select=id&job_url=eq.https%3A%2F%2Fmx.linkedin.com%2Fjobs%2Fview%2Fsr-backend-engineer-at-peek-4453038128 "HTTP/2 200 OK"
2026-09-05 15:37:28,446 INFO HTTP Request: POST https://nzzrpylddectbapxpazo.supabase.co/rest/v1/jobs "HTTP/2 201 Created"
2026-09-05 15:37:28,448 INFO   Saved: Sr. Backend Engineer @ Peek
2026-09-05 15:37:31,263 INFO HTTP Request: PATCH https://nzzrpylddectbapxpazo.supabase.co/rest/v1/jobs?id=eq.3dc7ccac-9d34-45e6-ba3a-7f96ded7ef8e "HTTP/2 200 OK"
2026-09-05 15:37:32,931 INFO HTTP Request: GET https://nzzrpylddectbapxpazo.supabase.co/rest/v1/jobs?select=id&job_url=eq.https%3A%2F%2Flt.linkedin.com%2Fjobs%2Fview%2Fbackend-developer-golang-at-oxylabs-io-4463607287 "HTTP/2 200 OK"
2026-09-05 15:37:33,075 INFO HTTP Request: GET https://nzzrpylddectbapxpazo.supabase.co/rest/v1/jobs?select=id&job_url=eq.https%3A%2F%2Fin.linkedin.com%2Fjobs%2Fview%2Fsenior-software-engineer-backend-services-at-truveta-4434634946 "HTTP/2 200 OK"
2026-09-05 15:37:33,225 INFO HTTP Request: POST https://nzzrpylddectbapxpazo.supabase.co/rest/v1/jobs "HTTP/2 201 Created"
2026-09-05 15:37:33,227 INFO   Saved: Senior Software Engineer - Backend Services @ Truveta
2026-09-05 15:37:36,074 INFO HTTP Request: PATCH https://nzzrpylddectbapxpazo.supabase.co/rest/v1/jobs?id=eq.8b57302d-b7cc-4009-bbf4-6393fb1f0579 "HTTP/2 200 OK"
2026-09-05 15:37:37,744 INFO HTTP Request: GET https://nzzrpylddectbapxpazo.supabase.co/rest/v1/jobs?select=id&job_url=eq.https%3A%2F%2Fmy.linkedin.com%2Fjobs%2Fview%2Fsenior-software-engineer-backend-at-grab-4459756515 "HTTP/2 200 OK"
2026-09-05 15:37:37,895 INFO HTTP Request: POST https://nzzrpylddectbapxpazo.supabase.co/rest/v1/jobs "HTTP/2 201 Created"
2026-09-05 15:37:37,896 INFO   Saved: Senior Software Engineer, Backend @ Grab
2026-09-05 15:37:40,405 INFO HTTP Request: PATCH https://nzzrpylddectbapxpazo.supabase.co/rest/v1/jobs?id=eq.55d85e3f-30ce-49d0-bb28-fc452d2c5d1d "HTTP/2 200 OK"
2026-09-05 15:37:42,104 INFO HTTP Request: GET https://nzzrpylddectbapxpazo.supabase.co/rest/v1/jobs?select=id&job_url=eq.https%3A%2F%2Far.linkedin.com%2Fjobs%2Fview%2Fsenior-java-server-side-engineer-at-epam-systems-4461985786 "HTTP/2 200 OK"
2026-09-05 15:37:42,353 INFO HTTP Request: POST https://nzzrpylddectbapxpazo.supabase.co/rest/v1/jobs "HTTP/2 201 Created"
2026-09-05 15:37:42,354 INFO   Saved: Senior Java Server-side Engineer @ EPAM Systems
2026-09-05 15:37:45,110 INFO HTTP Request: PATCH https://nzzrpylddectbapxpazo.supabase.co/rest/v1/jobs?id=eq.5f237a72-988d-4fbb-bae0-07e343f49546 "HTTP/2 200 OK"
2026-09-05 15:37:46,860 INFO HTTP Request: GET https://nzzrpylddectbapxpazo.supabase.co/rest/v1/jobs?select=id&job_url=eq.https%3A%2F%2Fbr.linkedin.com%2Fjobs%2Fview%2Fdesenvolvedor-backend-s%25C3%25AAnior-at-jobbol-4463167602 "HTTP/2 200 OK"
2026-09-05 15:37:47,062 INFO HTTP Request: POST https://nzzrpylddectbapxpazo.supabase.co/rest/v1/jobs "HTTP/2 201 Created"
2026-09-05 15:37:47,064 INFO   Saved: Desenvolvedor Backend Sênior @ Jobbol
2026-09-05 15:37:49,726 INFO HTTP Request: PATCH https://nzzrpylddectbapxpazo.supabase.co/rest/v1/jobs?id=eq.8926fba9-96f4-4b31-a0f2-e652e0d1766f "HTTP/2 200 OK"
2026-09-05 15:37:51,465 INFO HTTP Request: GET https://nzzrpylddectbapxpazo.supabase.co/rest/v1/jobs?select=id&job_url=eq.https%3A%2F%2Fgr.linkedin.com%2Fjobs%2Fview%2Fsenior-back-end-developer-django-fastapi-at-accenture-greece-4453251910 "HTTP/2 200 OK"
2026-09-05 15:37:51,670 INFO HTTP Request: GET https://nzzrpylddectbapxpazo.supabase.co/rest/v1/jobs?select=id&job_url=eq.https%3A%2F%2Fid.linkedin.com%2Fjobs%2Fview%2Fsenior-software-engineer-backend-at-grab-4443116892 "HTTP/2 200 OK"
2026-09-05 15:37:51,876 INFO HTTP Request: POST https://nzzrpylddectbapxpazo.supabase.co/rest/v1/jobs "HTTP/2 201 Created"
2026-09-05 15:37:51,877 INFO   Saved: Senior Software Engineer, Backend @ Grab
2026-09-05 15:37:54,559 INFO HTTP Request: PATCH https://nzzrpylddectbapxpazo.supabase.co/rest/v1/jobs?id=eq.913ccd80-1c28-4977-b56b-26bc627a2a92 "HTTP/2 200 OK"
2026-09-05 15:37:56,280 INFO HTTP Request: GET https://nzzrpylddectbapxpazo.supabase.co/rest/v1/jobs?select=id&job_url=eq.https%3A%2F%2Fin.linkedin.com%2Fjobs%2Fview%2Fsenior-backend-developer-at-miba-group-4461752859 "HTTP/2 200 OK"
2026-09-05 15:37:56,460 INFO HTTP Request: GET https://nzzrpylddectbapxpazo.supabase.co/rest/v1/jobs?select=id&job_url=eq.https%3A%2F%2Fbr.linkedin.com%2Fjobs%2Fview%2Fdesenvolvedor-backend-net-pleno-at-blite-tecnologia-4461415157 "HTTP/2 200 OK"
2026-09-05 15:37:56,689 INFO HTTP Request: POST https://nzzrpylddectbapxpazo.supabase.co/rest/v1/jobs "HTTP/2 201 Created"
2026-09-05 15:37:56,691 INFO   Saved: Desenvolvedor Backend .NET - Pleno @ Blite Tecnologia
2026-09-05 15:37:59,461 INFO HTTP Request: PATCH https://nzzrpylddectbapxpazo.supabase.co/rest/v1/jobs?id=eq.ba041cb0-b37b-4418-8287-3d2cd895d26f "HTTP/2 200 OK"
2026-09-05 15:38:01,218 INFO HTTP Request: GET https://nzzrpylddectbapxpazo.supabase.co/rest/v1/jobs?select=id&job_url=eq.https%3A%2F%2Ffr.linkedin.com%2Fjobs%2Fview%2Fsenior-backend-software-engineer-core-squad-at-diabolocom-4441526658 "HTTP/2 200 OK"
2026-09-05 15:38:01,409 INFO HTTP Request: POST https://nzzrpylddectbapxpazo.supabase.co/rest/v1/jobs "HTTP/2 201 Created"
2026-09-05 15:38:01,411 INFO   Saved: Senior Backend Software Engineer, Core Squad @ Diabolocom
2026-09-05 15:38:04,472 INFO HTTP Request: PATCH https://nzzrpylddectbapxpazo.supabase.co/rest/v1/jobs?id=eq.a012b361-7fe7-4534-ae95-004922815ac6 "HTTP/2 200 OK"
2026-09-05 15:38:06,212 INFO HTTP Request: GET https://nzzrpylddectbapxpazo.supabase.co/rest/v1/jobs?select=id&job_url=eq.https%3A%2F%2Fin.linkedin.com%2Fjobs%2Fview%2Fsoftware-engineer-backend-services-at-truveta-4434639696 "HTTP/2 200 OK"
2026-09-05 15:38:06,516 INFO HTTP Request: POST https://nzzrpylddectbapxpazo.supabase.co/rest/v1/jobs "HTTP/2 201 Created"
2026-09-05 15:38:06,519 INFO   Saved: Software Engineer - Backend Services @ Truveta
2026-09-05 15:38:09,219 INFO HTTP Request: PATCH https://nzzrpylddectbapxpazo.supabase.co/rest/v1/jobs?id=eq.1e575d8c-9172-473d-9ce1-756f4990208f "HTTP/2 200 OK"
2026-09-05 15:38:10,923 INFO HTTP Request: GET https://nzzrpylddectbapxpazo.supabase.co/rest/v1/jobs?select=id&job_url=eq.https%3A%2F%2Fpl.linkedin.com%2Fjobs%2Fview%2F%25F0%259F%2594%258Esenior-java-backend-developer%25F0%259F%2594%258E-at-luxoft-poland-4463375253 "HTTP/2 200 OK"
2026-09-05 15:38:11,104 INFO HTTP Request: POST https://nzzrpylddectbapxpazo.supabase.co/rest/v1/jobs "HTTP/2 201 Created"
2026-09-05 15:38:13,832 INFO HTTP Request: PATCH https://nzzrpylddectbapxpazo.supabase.co/rest/v1/jobs?id=eq.737022f7-f091-4bb0-8063-f27b8412f734 "HTTP/2 200 OK"
2026-09-05 15:38:15,471 INFO HTTP Request: GET https://nzzrpylddectbapxpazo.supabase.co/rest/v1/jobs?select=id&job_url=eq.https%3A%2F%2Fbr.linkedin.com%2Fjobs%2Fview%2Fbackend-software-engineer-at-worldpay-4454363132 "HTTP/2 200 OK"
2026-09-05 15:38:15,630 INFO HTTP Request: POST https://nzzrpylddectbapxpazo.supabase.co/rest/v1/jobs "HTTP/2 201 Created"
2026-09-05 15:38:15,631 INFO   Saved: Backend Software Engineer @ Worldpay
2026-09-05 15:38:18,733 INFO HTTP Request: PATCH https://nzzrpylddectbapxpazo.supabase.co/rest/v1/jobs?id=eq.d3c81401-6100-4b46-b94b-33cdbb3881c6 "HTTP/2 200 OK"
2026-09-05 15:38:20,857 INFO HTTP Request: GET https://nzzrpylddectbapxpazo.supabase.co/rest/v1/jobs?select=id&job_url=eq.https%3A%2F%2Fvn.linkedin.com%2Fjobs%2Fview%2Fsenior-backend-engineer-go-java-at-sun-group-4462368474 "HTTP/2 200 OK"
2026-09-05 15:38:21,109 INFO HTTP Request: GET https://nzzrpylddectbapxpazo.supabase.co/rest/v1/jobs?select=id&job_url=eq.https%3A%2F%2Fwww.linkedin.com%2Fjobs%2Fview%2Fsenior-backend-engineer-at-otter-4434673602 "HTTP/2 200 OK"
2026-09-05 15:38:21,266 INFO HTTP Request: POST https://nzzrpylddectbapxpazo.supabase.co/rest/v1/jobs "HTTP/2 201 Created"
2026-09-05 15:38:21,268 INFO   Saved: Senior Backend Engineer @ Otter
2026-09-05 15:38:24,141 INFO HTTP Request: PATCH https://nzzrpylddectbapxpazo.supabase.co/rest/v1/jobs?id=eq.3334342f-f7bd-4c90-9b1b-0e49abefc354 "HTTP/2 200 OK"
2026-09-05 15:38:25,875 INFO HTTP Request: GET https://nzzrpylddectbapxpazo.supabase.co/rest/v1/jobs?select=id&job_url=eq.https%3A%2F%2Fpe.linkedin.com%2Fjobs%2Fview%2Fback-end-java-developer-programaci%25C3%25B3n-reactiva-at-stefanini-latam-4461998919 "HTTP/2 200 OK"
2026-09-05 15:38:26,022 INFO HTTP Request: POST https://nzzrpylddectbapxpazo.supabase.co/rest/v1/jobs "HTTP/2 201 Created"
2026-09-05 15:38:26,024 INFO   Saved: Back End Java Developer (programación reactiva) @ Stefanini LATAM
2026-09-05 15:38:28,844 INFO HTTP Request: PATCH https://nzzrpylddectbapxpazo.supabase.co/rest/v1/jobs?id=eq.d8372950-b87b-4ff6-a467-08f141266364 "HTTP/2 200 OK"
2026-09-05 15:38:30,549 INFO HTTP Request: GET https://nzzrpylddectbapxpazo.supabase.co/rest/v1/jobs?select=id&job_url=eq.https%3A%2F%2Fin.linkedin.com%2Fjobs%2Fview%2Fback-end-developer-at-norwin-technologies-4461141984 "HTTP/2 200 OK"
2026-09-05 15:38:30,971 INFO HTTP Request: POST https://nzzrpylddectbapxpazo.supabase.co/rest/v1/jobs "HTTP/2 201 Created"
2026-09-05 15:38:30,973 INFO   Saved: Back End Developer @ Norwin Technologies
2026-09-05 15:38:33,621 INFO HTTP Request: PATCH https://nzzrpylddectbapxpazo.supabase.co/rest/v1/jobs?id=eq.1d0bafaa-ef2a-4395-b860-4e27c8b4884c "HTTP/2 200 OK"
2026-09-05 15:38:35,541 INFO HTTP Request: GET https://nzzrpylddectbapxpazo.supabase.co/rest/v1/jobs?select=id&job_url=eq.https%3A%2F%2Fcl.linkedin.com%2Fjobs%2Fview%2Fdesarrollador-a-backend-api-at-acl-4461169792 "HTTP/2 200 OK"
2026-09-05 15:38:35,706 INFO HTTP Request: POST https://nzzrpylddectbapxpazo.supabase.co/rest/v1/jobs "HTTP/2 201 Created"
2026-09-05 15:38:35,707 INFO   Saved: Desarrollador/a Backend API @ ACL
2026-09-05 15:38:38,456 INFO HTTP Request: PATCH https://nzzrpylddectbapxpazo.supabase.co/rest/v1/jobs?id=eq.c0af945f-9df5-499a-8eb8-206d7adec237 "HTTP/2 200 OK"
2026-09-05 15:38:40,123 INFO HTTP Request: GET https://nzzrpylddectbapxpazo.supabase.co/rest/v1/jobs?select=id&job_url=eq.https%3A%2F%2Fbr.linkedin.com%2Fjobs%2Fview%2Fdesenvolvedor-backend-java-pleno-at-fcamara-4461450234 "HTTP/2 200 OK"
2026-09-05 15:38:40,270 INFO HTTP Request: POST https://nzzrpylddectbapxpazo.supabase.co/rest/v1/jobs "HTTP/2 201 Created"
2026-09-05 15:38:40,271 INFO   Saved: Desenvolvedor Backend Java - Pleno @ FCamara
2026-09-05 15:38:43,174 INFO HTTP Request: PATCH https://nzzrpylddectbapxpazo.supabase.co/rest/v1/jobs?id=eq.3900a692-7f6d-49c0-ad7d-4121fa6f7d80 "HTTP/2 200 OK"
2026-09-05 15:38:44,694 INFO   Naukri: Software Engineer Python in Hyderabad
2026-09-05 15:38:51,904 INFO   Found 0 cards
2026-09-05 15:39:05,104 INFO   LinkedIn: Software Engineer Python in Hyderabad -> 25 found
2026-09-05 15:39:05,104 INFO   Naukri: Software Engineer Python in Bangalore
2026-09-05 15:39:12,281 INFO   Found 0 cards
2026-09-05 15:39:25,173 INFO   LinkedIn: Software Engineer Python in Bangalore -> 25 found
2026-09-05 15:39:25,174 INFO   Naukri: Software Engineer Python in Remote
2026-09-05 15:39:32,489 INFO   Found 0 cards
2026-09-05 15:39:45,567 INFO   LinkedIn: Software Engineer Python in Remote -> 25 found
2026-09-05 15:39:47,687 WARNING   YC API returned 406
2026-09-05 15:39:50,166 INFO HTTP Request: GET https://nzzrpylddectbapxpazo.supabase.co/rest/v1/jobs?select=id&job_url=eq.https%3A%2F%2Ftr.linkedin.com%2Fjobs%2Fview%2Fsenior-python-engineer-at-accenture-4453241960 "HTTP/2 200 OK"
2026-09-05 15:39:50,462 INFO HTTP Request: GET https://nzzrpylddectbapxpazo.supabase.co/rest/v1/jobs?select=id&job_url=eq.https%3A%2F%2Fes.linkedin.com%2Fjobs%2Fview%2Fingeniero-a-backend-python-senior-ciberdefensa-barcelona-h%25C3%25ADbrido-at-indra-group-4461160714 "HTTP/2 200 OK"
2026-09-05 15:39:50,687 INFO HTTP Request: GET https://nzzrpylddectbapxpazo.supabase.co/rest/v1/jobs?select=id&job_url=eq.https%3A%2F%2Fuk.linkedin.com%2Fjobs%2Fview%2Fpython-developer-at-virtuetech-recruitment-group-4461181010 "HTTP/2 200 OK"
2026-09-05 15:39:50,834 INFO HTTP Request: GET https://nzzrpylddectbapxpazo.supabase.co/rest/v1/jobs?select=id&job_url=eq.https%3A%2F%2Fin.linkedin.com%2Fjobs%2Fview%2Fbackend-engineer-python-fast-api-mumbai-at-tata-consultancy-services-4462369493 "HTTP/2 200 OK"
2026-09-05 15:39:50,983 INFO HTTP Request: GET https://nzzrpylddectbapxpazo.supabase.co/rest/v1/jobs?select=id&job_url=eq.https%3A%2F%2Fin.linkedin.com%2Fjobs%2Fview%2Fsenior-python-backend-developer-at-wissen-technology-4461959484 "HTTP/2 200 OK"
2026-09-05 15:39:51,138 INFO HTTP Request: GET https://nzzrpylddectbapxpazo.supabase.co/rest/v1/jobs?select=id&job_url=eq.https%3A%2F%2Fin.linkedin.com%2Fjobs%2Fview%2Fsoftware-engineer-sr-software-engineer-python-at-leegality-4461159988 "HTTP/2 200 OK"
2026-09-05 15:39:51,446 INFO HTTP Request: GET https://nzzrpylddectbapxpazo.supabase.co/rest/v1/jobs?select=id&job_url=eq.https%3A%2F%2Fro.linkedin.com%2Fjobs%2Fview%2Fsenior-python-developer-at-accenture-romania-4453256865 "HTTP/2 200 OK"
2026-09-05 15:39:51,859 INFO HTTP Request: GET https://nzzrpylddectbapxpazo.supabase.co/rest/v1/jobs?select=id&job_url=eq.https%3A%2F%2Fin.linkedin.com%2Fjobs%2Fview%2Fpython-backend-developer-at-wissen-technology-4461963315 "HTTP/2 200 OK"
2026-09-05 15:39:52,110 INFO HTTP Request: GET https://nzzrpylddectbapxpazo.supabase.co/rest/v1/jobs?select=id&job_url=eq.https%3A%2F%2Fwww.linkedin.com%2Fjobs%2Fview%2Fpython-software-developer-at-advatix-latam-4462361684 "HTTP/2 200 OK"
2026-09-05 15:39:52,305 INFO HTTP Request: GET https://nzzrpylddectbapxpazo.supabase.co/rest/v1/jobs?select=id&job_url=eq.https%3A%2F%2Fwww.linkedin.com%2Fjobs%2Fview%2Fsenior-python-engineer-at-epam-systems-4461989634 "HTTP/2 200 OK"
2026-09-05 15:39:52,545 INFO HTTP Request: GET https://nzzrpylddectbapxpazo.supabase.co/rest/v1/jobs?select=id&job_url=eq.https%3A%2F%2Fau.linkedin.com%2Fjobs%2Fview%2Fsoftware-engineer-ii-python-django-at-kraken-4461947499 "HTTP/2 200 OK"
2026-09-05 15:39:52,693 INFO HTTP Request: GET https://nzzrpylddectbapxpazo.supabase.co/rest/v1/jobs?select=id&job_url=eq.https%3A%2F%2Fpl.linkedin.com%2Fjobs%2Fview%2Fsenior-python-engineer-at-software-mind-4463389924 "HTTP/2 200 OK"
2026-09-05 15:39:52,861 INFO HTTP Request: POST https://nzzrpylddectbapxpazo.supabase.co/rest/v1/jobs "HTTP/2 201 Created"
2026-09-05 15:39:52,862 INFO   Saved: Senior Python Engineer @ Software Mind
2026-09-05 15:39:56,058 INFO HTTP Request: PATCH https://nzzrpylddectbapxpazo.supabase.co/rest/v1/jobs?id=eq.3d18b6c5-39a4-43f3-96b4-b51fd0a857e6 "HTTP/2 200 OK"
2026-09-05 15:39:57,877 INFO HTTP Request: GET https://nzzrpylddectbapxpazo.supabase.co/rest/v1/jobs?select=id&job_url=eq.https%3A%2F%2Fwww.linkedin.com%2Fjobs%2Fview%2Fpython-developer-iii-at-bank-of-america-4454812137 "HTTP/2 200 OK"
2026-09-05 15:39:58,257 INFO HTTP Request: GET https://nzzrpylddectbapxpazo.supabase.co/rest/v1/jobs?select=id&job_url=eq.https%3A%2F%2Fde.linkedin.com%2Fjobs%2Fview%2Fsenior-software-engineer-python-at-nelly-solutions-4434332752 "HTTP/2 200 OK"
2026-09-05 15:39:58,618 INFO HTTP Request: GET https://nzzrpylddectbapxpazo.supabase.co/rest/v1/jobs?select=id&job_url=eq.https%3A%2F%2Fmx.linkedin.com%2Fjobs%2Fview%2Fmid-level-python-developer-colombia-at-ci-t-4463715311 "HTTP/2 200 OK"
2026-09-05 15:39:58,769 INFO HTTP Request: GET https://nzzrpylddectbapxpazo.supabase.co/rest/v1/jobs?select=id&job_url=eq.https%3A%2F%2Fwww.linkedin.com%2Fjobs%2Fview%2Fpython-developer-iii-at-bank-of-america-4454559022 "HTTP/2 200 OK"
2026-09-05 15:39:59,002 INFO HTTP Request: GET https://nzzrpylddectbapxpazo.supabase.co/rest/v1/jobs?select=id&job_url=eq.https%3A%2F%2Fch.linkedin.com%2Fjobs%2Fview%2Fsoftware-engineer-python-all-genders-at-axa-4463335426 "HTTP/2 200 OK"
2026-09-05 15:39:59,167 INFO HTTP Request: GET https://nzzrpylddectbapxpazo.supabase.co/rest/v1/jobs?select=id&job_url=eq.https%3A%2F%2Fin.linkedin.com%2Fjobs%2Fview%2Fsenior-backend-developer-at-miba-group-4461752859 "HTTP/2 200 OK"
2026-09-05 15:39:59,360 INFO HTTP Request: GET https://nzzrpylddectbapxpazo.supabase.co/rest/v1/jobs?select=id&job_url=eq.https%3A%2F%2Far.linkedin.com%2Fjobs%2Fview%2Fpython-senior-developer-at-accenture-argentina-4435025830 "HTTP/2 200 OK"
2026-09-05 15:39:59,540 INFO HTTP Request: GET https://nzzrpylddectbapxpazo.supabase.co/rest/v1/jobs?select=id&job_url=eq.https%3A%2F%2Fwww.linkedin.com%2Fjobs%2Fview%2Fbackend-python-engineer-clearance-required-at-bti360-4372140116 "HTTP/2 200 OK"
2026-09-05 15:39:59,950 INFO HTTP Request: GET https://nzzrpylddectbapxpazo.supabase.co/rest/v1/jobs?select=id&job_url=eq.https%3A%2F%2Fsg.linkedin.com%2Fjobs%2Fview%2Fsenior-lead-software-engineer-python-developer-equities-technology-prime-services-at-jpmorganchase-4463705120 "HTTP/2 200 OK"
2026-09-05 15:40:00,259 INFO HTTP Request: POST https://nzzrpylddectbapxpazo.supabase.co/rest/v1/jobs "HTTP/2 201 Created"
2026-09-05 15:40:00,261 INFO   Saved: Senior Lead Software Engineer, Python Developer, Equities Technology - Prime Services @ JPMorganChase
2026-09-05 15:40:03,060 INFO HTTP Request: PATCH https://nzzrpylddectbapxpazo.supabase.co/rest/v1/jobs?id=eq.4c559e7d-4abb-4c93-9d7e-ae5c60d72914 "HTTP/2 200 OK"
2026-09-05 15:40:04,868 INFO HTTP Request: GET https://nzzrpylddectbapxpazo.supabase.co/rest/v1/jobs?select=id&job_url=eq.https%3A%2F%2Fwww.linkedin.com%2Fjobs%2Fview%2Fsenior-python-developer-at-data-capital-incorporation-4462331145 "HTTP/2 200 OK"
2026-09-05 15:40:05,107 INFO HTTP Request: GET https://nzzrpylddectbapxpazo.supabase.co/rest/v1/jobs?select=id&job_url=eq.https%3A%2F%2Fin.linkedin.com%2Fjobs%2Fview%2Fpython-backend-developer-at-infobeans-4463721144 "HTTP/2 200 OK"
2026-09-05 15:40:05,310 INFO HTTP Request: GET https://nzzrpylddectbapxpazo.supabase.co/rest/v1/jobs?select=id&job_url=eq.https%3A%2F%2Fin.linkedin.com%2Fjobs%2Fview%2Fpython-developer-at-talentgigs-4461983124 "HTTP/2 200 OK"
2026-09-05 15:40:05,500 INFO HTTP Request: GET https://nzzrpylddectbapxpazo.supabase.co/rest/v1/jobs?select=id&job_url=eq.https%3A%2F%2Fhk.linkedin.com%2Fjobs%2Fview%2Fsenior-lead-software-engineer-python-developer-equities-technology-prime-services-at-jpmorganchase-4463708035 "HTTP/2 200 OK"
2026-09-05 15:40:05,823 INFO HTTP Request: POST https://nzzrpylddectbapxpazo.supabase.co/rest/v1/jobs "HTTP/2 201 Created"
2026-09-05 15:40:05,824 INFO   Saved: Senior Lead Software Engineer, Python Developer, Equities Technology - Prime Services @ JPMorganChase
2026-09-05 15:40:08,597 INFO HTTP Request: PATCH https://nzzrpylddectbapxpazo.supabase.co/rest/v1/jobs?id=eq.96473a10-b28b-4e38-9aa3-74caa3bef19a "HTTP/2 200 OK"
2026-09-05 15:40:10,117 INFO   Naukri: Data Analyst Python in Hyderabad
2026-09-05 15:40:17,306 INFO   Found 0 cards
2026-09-05 15:40:30,267 INFO   LinkedIn: Data Analyst Python in Hyderabad -> 25 found
2026-09-05 15:40:30,268 INFO   Naukri: Data Analyst Python in Bangalore
2026-09-05 15:40:37,434 INFO   Found 0 cards
2026-09-05 15:40:50,357 INFO   LinkedIn: Data Analyst Python in Bangalore -> 25 found
2026-09-05 15:40:50,357 INFO   Naukri: Data Analyst Python in Remote
2026-09-05 15:40:57,537 INFO   Found 0 cards
2026-09-05 15:41:11,711 INFO   LinkedIn: Data Analyst Python in Remote -> 25 found
2026-09-05 15:41:12,960 WARNING   YC API returned 406
2026-09-05 15:41:13,156 INFO HTTP Request: GET https://nzzrpylddectbapxpazo.supabase.co/rest/v1/jobs?select=id&job_url=eq.https%3A%2F%2Fbe.linkedin.com%2Fjobs%2Fview%2Fdata-analyst-connectivity-at-atlas-copco-group-4443817459 "HTTP/2 200 OK"
2026-09-05 15:41:13,307 INFO HTTP Request: POST https://nzzrpylddectbapxpazo.supabase.co/rest/v1/jobs "HTTP/2 201 Created"
2026-09-05 15:41:13,309 INFO   Saved: Data analyst connectivity @ Atlas Copco Group
2026-09-05 15:41:16,428 INFO HTTP Request: PATCH https://nzzrpylddectbapxpazo.supabase.co/rest/v1/jobs?id=eq.729d013a-59c5-469c-999e-787e206b2271 "HTTP/2 200 OK"
2026-09-05 15:41:18,086 INFO HTTP Request: GET https://nzzrpylddectbapxpazo.supabase.co/rest/v1/jobs?select=id&job_url=eq.https%3A%2F%2Fpl.linkedin.com%2Fjobs%2Fview%2Fdata-analyst-at-lyten-4461998289 "HTTP/2 200 OK"
2026-09-05 15:41:18,241 INFO HTTP Request: POST https://nzzrpylddectbapxpazo.supabase.co/rest/v1/jobs "HTTP/2 201 Created"
2026-09-05 15:41:18,243 INFO   Saved: Data Analyst @ Lyten
2026-09-05 15:41:21,217 INFO HTTP Request: PATCH https://nzzrpylddectbapxpazo.supabase.co/rest/v1/jobs?id=eq.e89ec30a-7444-4efb-91fa-118ad86163de "HTTP/2 200 OK"
2026-09-05 15:41:22,886 INFO HTTP Request: GET https://nzzrpylddectbapxpazo.supabase.co/rest/v1/jobs?select=id&job_url=eq.https%3A%2F%2Fwww.linkedin.com%2Fjobs%2Fview%2Fdata-analyst-senior-vp-python-at-city-national-bank-4433001511 "HTTP/2 200 OK"
2026-09-05 15:41:23,059 INFO HTTP Request: POST https://nzzrpylddectbapxpazo.supabase.co/rest/v1/jobs "HTTP/2 201 Created"
2026-09-05 15:41:23,062 INFO   Saved: Data Analyst Senior- VP Python @ City National Bank
2026-09-05 15:41:26,284 INFO HTTP Request: PATCH https://nzzrpylddectbapxpazo.supabase.co/rest/v1/jobs?id=eq.bf496599-a90a-48aa-a8ba-e1a7c797a27f "HTTP/2 200 OK"
2026-09-05 15:41:27,934 INFO HTTP Request: GET https://nzzrpylddectbapxpazo.supabase.co/rest/v1/jobs?select=id&job_url=eq.https%3A%2F%2Fhu.linkedin.com%2Fjobs%2Fview%2Flead-data-analyst-at-cujo-ai%25C2%25AE-4462300124 "HTTP/2 200 OK"
2026-09-05 15:41:28,082 INFO HTTP Request: POST https://nzzrpylddectbapxpazo.supabase.co/rest/v1/jobs "HTTP/2 201 Created"
2026-09-05 15:41:28,084 INFO   Saved: Lead Data Analyst @ CUJO AI®
2026-09-05 15:41:31,019 INFO HTTP Request: PATCH https://nzzrpylddectbapxpazo.supabase.co/rest/v1/jobs?id=eq.10bfb053-508f-4117-a694-2290cac6d58a "HTTP/2 200 OK"
2026-09-05 15:41:32,797 INFO HTTP Request: GET https://nzzrpylddectbapxpazo.supabase.co/rest/v1/jobs?select=id&job_url=eq.https%3A%2F%2Fbr.linkedin.com%2Fjobs%2Fview%2Fanalista-de-dados-pl-at-vibra-4461416020 "HTTP/2 200 OK"
2026-09-05 15:41:32,976 INFO HTTP Request: POST https://nzzrpylddectbapxpazo.supabase.co/rest/v1/jobs "HTTP/2 201 Created"
2026-09-05 15:41:32,980 INFO   Saved: Analista de Dados Pl @ Vibra
2026-09-05 15:41:36,369 INFO HTTP Request: PATCH https://nzzrpylddectbapxpazo.supabase.co/rest/v1/jobs?id=eq.98d5be1b-a341-4970-822f-a6014dffa938 "HTTP/2 200 OK"
2026-09-05 15:41:38,062 INFO HTTP Request: GET https://nzzrpylddectbapxpazo.supabase.co/rest/v1/jobs?select=id&job_url=eq.https%3A%2F%2Fat.linkedin.com%2Fjobs%2Fview%2Fadvanced-data-analyst-%25E2%2580%2593-data-ai-m-f-d-at-innio-group-4452978689 "HTTP/2 200 OK"
2026-09-05 15:41:38,304 INFO HTTP Request: POST https://nzzrpylddectbapxpazo.supabase.co/rest/v1/jobs "HTTP/2 201 Created"
2026-09-05 15:41:38,306 INFO   Saved: Advanced Data Analyst – Data & AI (m/f/d) @ INNIO Group
2026-09-05 15:41:41,982 INFO HTTP Request: PATCH https://nzzrpylddectbapxpazo.supabase.co/rest/v1/jobs?id=eq.f6b842bd-2e01-430e-b677-85b70f788eec "HTTP/2 200 OK"
2026-09-05 15:41:44,030 INFO HTTP Request: GET https://nzzrpylddectbapxpazo.supabase.co/rest/v1/jobs?select=id&job_url=eq.https%3A%2F%2Ffi.linkedin.com%2Fjobs%2Fview%2Flead-data-analyst-at-cujo-ai%25C2%25AE-4462316025 "HTTP/2 200 OK"
2026-09-05 15:41:44,312 INFO HTTP Request: POST https://nzzrpylddectbapxpazo.supabase.co/rest/v1/jobs "HTTP/2 201 Created"
2026-09-05 15:41:44,313 INFO   Saved: Lead Data Analyst @ CUJO AI®
2026-09-05 15:41:47,320 INFO HTTP Request: PATCH https://nzzrpylddectbapxpazo.supabase.co/rest/v1/jobs?id=eq.de206a01-b97f-4a3e-9cf7-50a720908f4b "HTTP/2 200 OK"
2026-09-05 15:41:49,049 INFO HTTP Request: GET https://nzzrpylddectbapxpazo.supabase.co/rest/v1/jobs?select=id&job_url=eq.https%3A%2F%2Fwww.linkedin.com%2Fjobs%2Fview%2Fdata-analyst-scientist-remote-in-us-only-at-torentify-4463727399 "HTTP/2 200 OK"
2026-09-05 15:41:49,253 INFO HTTP Request: POST https://nzzrpylddectbapxpazo.supabase.co/rest/v1/jobs "HTTP/2 201 Created"
2026-09-05 15:41:49,255 INFO   Saved: Data Analyst / Scientist (Remote in US only) @ Torentify
2026-09-05 15:41:52,130 INFO HTTP Request: PATCH https://nzzrpylddectbapxpazo.supabase.co/rest/v1/jobs?id=eq.0526faba-282e-40e2-b1b4-7b6bf6c08ee7 "HTTP/2 200 OK"
2026-09-05 15:41:53,863 INFO HTTP Request: GET https://nzzrpylddectbapxpazo.supabase.co/rest/v1/jobs?select=id&job_url=eq.https%3A%2F%2Fwww.linkedin.com%2Fjobs%2Fview%2Fsenior-data-analyst-at-skims-4407553609 "HTTP/2 200 OK"
2026-09-05 15:41:54,279 INFO HTTP Request: POST https://nzzrpylddectbapxpazo.supabase.co/rest/v1/jobs "HTTP/2 201 Created"
2026-09-05 15:41:54,281 INFO   Saved: Senior Data Analyst @ SKIMS
2026-09-05 15:41:57,436 INFO HTTP Request: PATCH https://nzzrpylddectbapxpazo.supabase.co/rest/v1/jobs?id=eq.e7337b24-876e-4bba-b1ba-20e39da08738 "HTTP/2 200 OK"
2026-09-05 15:41:59,162 INFO HTTP Request: GET https://nzzrpylddectbapxpazo.supabase.co/rest/v1/jobs?select=id&job_url=eq.https%3A%2F%2Fin.linkedin.com%2Fjobs%2Fview%2Fdata-analyst-at-barclays-4461175517 "HTTP/2 200 OK"
2026-09-05 15:41:59,394 INFO HTTP Request: POST https://nzzrpylddectbapxpazo.supabase.co/rest/v1/jobs "HTTP/2 201 Created"
2026-09-05 15:41:59,398 INFO   Saved: Data Analyst @ Barclays
2026-09-05 15:42:02,581 INFO HTTP Request: PATCH https://nzzrpylddectbapxpazo.supabase.co/rest/v1/jobs?id=eq.e1208bed-153d-4f17-9edc-71ef73fdfcff "HTTP/2 200 OK"
2026-09-05 15:42:04,402 INFO HTTP Request: GET https://nzzrpylddectbapxpazo.supabase.co/rest/v1/jobs?select=id&job_url=eq.https%3A%2F%2Ffr.linkedin.com%2Fjobs%2Fview%2Fdata-analyst-experienced-f-h-at-cenisis-4461163819 "HTTP/2 200 OK"
2026-09-05 15:42:04,558 INFO HTTP Request: POST https://nzzrpylddectbapxpazo.supabase.co/rest/v1/jobs "HTTP/2 201 Created"
2026-09-05 15:42:04,560 INFO   Saved: Data Analyst Experienced F/H @ CENISIS
2026-09-05 15:42:07,446 INFO HTTP Request: PATCH https://nzzrpylddectbapxpazo.supabase.co/rest/v1/jobs?id=eq.d3105d35-60fe-49fc-bb8a-65fc3e113702 "HTTP/2 200 OK"
2026-09-05 15:42:09,114 INFO HTTP Request: GET https://nzzrpylddectbapxpazo.supabase.co/rest/v1/jobs?select=id&job_url=eq.https%3A%2F%2Fbr.linkedin.com%2Fjobs%2Fview%2Fanalytics-dados-s%25C3%25AAnior-at-foursys-4463366629 "HTTP/2 200 OK"
2026-09-05 15:42:09,324 INFO HTTP Request: POST https://nzzrpylddectbapxpazo.supabase.co/rest/v1/jobs "HTTP/2 201 Created"
2026-09-05 15:42:09,326 INFO   Saved: Analytics Dados Sênior @ FOURSYS
2026-09-05 15:42:11,860 INFO HTTP Request: PATCH https://nzzrpylddectbapxpazo.supabase.co/rest/v1/jobs?id=eq.9cc4075f-f787-42d8-858b-85fd8f59b487 "HTTP/2 200 OK"
2026-09-05 15:42:13,509 INFO HTTP Request: GET https://nzzrpylddectbapxpazo.supabase.co/rest/v1/jobs?select=id&job_url=eq.https%3A%2F%2Fbr.linkedin.com%2Fjobs%2Fview%2Fanalista-de-dados-e-analytics-pl-combate-%25C3%25A0-fraude-at-banco-daycoval-4461403946 "HTTP/2 200 OK"
2026-09-05 15:42:13,658 INFO HTTP Request: POST https://nzzrpylddectbapxpazo.supabase.co/rest/v1/jobs "HTTP/2 201 Created"
2026-09-05 15:42:13,660 INFO   Saved: Analista de Dados e Analytics Pl (Combate à Fraude) @ Banco Daycoval
2026-09-05 15:42:16,371 INFO HTTP Request: PATCH https://nzzrpylddectbapxpazo.supabase.co/rest/v1/jobs?id=eq.d1271bd4-0f17-4c4e-b92b-93d775c8a458 "HTTP/2 200 OK"
2026-09-05 15:42:18,040 INFO HTTP Request: GET https://nzzrpylddectbapxpazo.supabase.co/rest/v1/jobs?select=id&job_url=eq.https%3A%2F%2Fpl.linkedin.com%2Fjobs%2Fview%2Fdata-analyst-expert-allegro-wakacje-at-allegro-4450232749 "HTTP/2 200 OK"
2026-09-05 15:42:18,186 INFO HTTP Request: POST https://nzzrpylddectbapxpazo.supabase.co/rest/v1/jobs "HTTP/2 201 Created"
2026-09-05 15:42:18,187 INFO   Saved: Data Analyst Expert (Allegro Wakacje) @ Allegro
2026-09-05 15:42:21,331 INFO HTTP Request: PATCH https://nzzrpylddectbapxpazo.supabase.co/rest/v1/jobs?id=eq.1fa4b1f6-d03d-438c-b093-ae59df056d86 "HTTP/2 200 OK"
2026-09-05 15:42:22,986 INFO HTTP Request: GET https://nzzrpylddectbapxpazo.supabase.co/rest/v1/jobs?select=id&job_url=eq.https%3A%2F%2Ffr.linkedin.com%2Fjobs%2Fview%2Fdata-analyst-exp%25C3%25A9riment%25C3%25A9-f-h-at-ey-4433138370 "HTTP/2 200 OK"
2026-09-05 15:42:23,129 INFO HTTP Request: POST https://nzzrpylddectbapxpazo.supabase.co/rest/v1/jobs "HTTP/2 201 Created"
2026-09-05 15:42:23,131 INFO   Saved: Data Analyst Expérimenté F/H @ EY
2026-09-05 15:42:26,067 INFO HTTP Request: PATCH https://nzzrpylddectbapxpazo.supabase.co/rest/v1/jobs?id=eq.368f902a-7f08-4859-8b9e-61bf80463cee "HTTP/2 200 OK"
2026-09-05 15:42:27,720 INFO HTTP Request: GET https://nzzrpylddectbapxpazo.supabase.co/rest/v1/jobs?select=id&job_url=eq.https%3A%2F%2Fde.linkedin.com%2Fjobs%2Fview%2Fdata-analyst-befristet-m-w-d-at-multivac-group-4461195014 "HTTP/2 200 OK"
2026-09-05 15:42:27,865 INFO HTTP Request: POST https://nzzrpylddectbapxpazo.supabase.co/rest/v1/jobs "HTTP/2 201 Created"
2026-09-05 15:42:27,867 INFO   Saved: Data Analyst - befristet (m/w/d) @ MULTIVAC Group
2026-09-05 15:42:30,422 INFO HTTP Request: PATCH https://nzzrpylddectbapxpazo.supabase.co/rest/v1/jobs?id=eq.2d2bbd9c-2793-46a2-8a02-261a741ec3a0 "HTTP/2 200 OK"
2026-09-05 15:42:32,088 INFO HTTP Request: GET https://nzzrpylddectbapxpazo.supabase.co/rest/v1/jobs?select=id&job_url=eq.https%3A%2F%2Fes.linkedin.com%2Fjobs%2Fview%2Ftechnical-data-analyst-at-mrm-4435135373 "HTTP/2 200 OK"
2026-09-05 15:42:32,234 INFO HTTP Request: GET https://nzzrpylddectbapxpazo.supabase.co/rest/v1/jobs?select=id&job_url=eq.https%3A%2F%2Ffr.linkedin.com%2Fjobs%2Fview%2Fsenior-data-analyst-retail-at-catalina-marketing-costa-rica-4461449539 "HTTP/2 200 OK"
2026-09-05 15:42:32,380 INFO HTTP Request: POST https://nzzrpylddectbapxpazo.supabase.co/rest/v1/jobs "HTTP/2 201 Created"
2026-09-05 15:42:32,382 INFO   Saved: Senior Data Analyst Retail @ Catalina Marketing Costa Rica
2026-09-05 15:42:35,510 INFO HTTP Request: PATCH https://nzzrpylddectbapxpazo.supabase.co/rest/v1/jobs?id=eq.f663c200-6ba8-4a42-8946-25001094f57a "HTTP/2 200 OK"
2026-09-05 15:42:37,180 INFO HTTP Request: GET https://nzzrpylddectbapxpazo.supabase.co/rest/v1/jobs?select=id&job_url=eq.https%3A%2F%2Fin.linkedin.com%2Fjobs%2Fview%2Fdata-analyst-at-leadtech-management-consulting-private-limited-4461456245 "HTTP/2 200 OK"
2026-09-05 15:42:37,329 INFO HTTP Request: POST https://nzzrpylddectbapxpazo.supabase.co/rest/v1/jobs "HTTP/2 201 Created"
2026-09-05 15:42:37,331 INFO   Saved: Data Analyst @ Leadtech Management Consulting Private Limited
2026-09-05 15:42:39,988 INFO HTTP Request: PATCH https://nzzrpylddectbapxpazo.supabase.co/rest/v1/jobs?id=eq.075cdb3b-4f12-4e95-9789-c64d07da5d59 "HTTP/2 200 OK"
2026-09-05 15:42:41,653 INFO HTTP Request: GET https://nzzrpylddectbapxpazo.supabase.co/rest/v1/jobs?select=id&job_url=eq.https%3A%2F%2Fwww.linkedin.com%2Fjobs%2Fview%2Fdata-analyst-at-aaratech-4461973318 "HTTP/2 200 OK"
2026-09-05 15:42:41,798 INFO HTTP Request: POST https://nzzrpylddectbapxpazo.supabase.co/rest/v1/jobs "HTTP/2 201 Created"
2026-09-05 15:42:41,799 INFO   Saved: Data Analyst @ AARATECH
2026-09-05 15:42:44,341 INFO HTTP Request: PATCH https://nzzrpylddectbapxpazo.supabase.co/rest/v1/jobs?id=eq.a51db08b-f84b-4e18-a580-6e2b15956c94 "HTTP/2 200 OK"
2026-09-05 15:42:46,001 INFO HTTP Request: GET https://nzzrpylddectbapxpazo.supabase.co/rest/v1/jobs?select=id&job_url=eq.https%3A%2F%2Fca.linkedin.com%2Fjobs%2Fview%2Fstaff-data-analyst-at-stripe-4454536405 "HTTP/2 200 OK"
2026-09-05 15:42:46,146 INFO HTTP Request: POST https://nzzrpylddectbapxpazo.supabase.co/rest/v1/jobs "HTTP/2 201 Created"
2026-09-05 15:42:46,148 INFO   Saved: Staff Data Analyst @ Stripe
2026-09-05 15:42:48,863 INFO HTTP Request: PATCH https://nzzrpylddectbapxpazo.supabase.co/rest/v1/jobs?id=eq.cd019ea3-5d76-40d4-9ae4-e298d9c76f5c "HTTP/2 200 OK"
2026-09-05 15:42:50,519 INFO HTTP Request: GET https://nzzrpylddectbapxpazo.supabase.co/rest/v1/jobs?select=id&job_url=eq.https%3A%2F%2Fes.linkedin.com%2Fjobs%2Fview%2Fdata-scientist-modelos-comerciales-at-caixabank-4461462192 "HTTP/2 200 OK"
2026-09-05 15:42:50,667 INFO HTTP Request: POST https://nzzrpylddectbapxpazo.supabase.co/rest/v1/jobs "HTTP/2 201 Created"
2026-09-05 15:42:50,669 INFO   Saved: DATA SCIENTIST - MODELOS COMERCIALES @ CaixaBank
2026-09-05 15:42:53,472 INFO HTTP Request: PATCH https://nzzrpylddectbapxpazo.supabase.co/rest/v1/jobs?id=eq.3a7ce485-d9f9-457f-97f7-c00999bdff78 "HTTP/2 200 OK"
2026-09-05 15:42:55,155 INFO HTTP Request: GET https://nzzrpylddectbapxpazo.supabase.co/rest/v1/jobs?select=id&job_url=eq.https%3A%2F%2Fwww.linkedin.com%2Fjobs%2Fview%2Fassociate-data-science-analyst-artificial-intelligence-informatics-at-mayo-clinic-4463661440 "HTTP/2 200 OK"
2026-09-05 15:42:55,300 INFO HTTP Request: POST https://nzzrpylddectbapxpazo.supabase.co/rest/v1/jobs "HTTP/2 201 Created"
2026-09-05 15:42:55,301 INFO   Saved: Associate Data Science Analyst - Artificial Intelligence & Informatics @ Mayo Clinic
2026-09-05 15:42:57,835 INFO HTTP Request: PATCH https://nzzrpylddectbapxpazo.supabase.co/rest/v1/jobs?id=eq.4daeb7bc-fb1e-4c3c-bb18-b23721731e26 "HTTP/2 200 OK"
2026-09-05 15:42:59,496 INFO HTTP Request: GET https://nzzrpylddectbapxpazo.supabase.co/rest/v1/jobs?select=id&job_url=eq.https%3A%2F%2Fuk.linkedin.com%2Fjobs%2Fview%2Fportfolio-management-associate-data-analytics-at-youlend-4463642882 "HTTP/2 200 OK"
2026-09-05 15:42:59,656 INFO HTTP Request: POST https://nzzrpylddectbapxpazo.supabase.co/rest/v1/jobs "HTTP/2 201 Created"
2026-09-05 15:42:59,658 INFO   Saved: Portfolio Management Associate, Data & Analytics @ YouLend
2026-09-05 15:43:02,369 INFO HTTP Request: PATCH https://nzzrpylddectbapxpazo.supabase.co/rest/v1/jobs?id=eq.17e9c17a-65aa-4e8c-b6df-34e5a24e31ac "HTTP/2 200 OK"
2026-09-05 15:43:04,030 INFO HTTP Request: GET https://nzzrpylddectbapxpazo.supabase.co/rest/v1/jobs?select=id&job_url=eq.https%3A%2F%2Fin.linkedin.com%2Fjobs%2Fview%2Fdata-analyst-at-orvionn-4461194989 "HTTP/2 200 OK"
2026-09-05 15:43:04,178 INFO HTTP Request: POST https://nzzrpylddectbapxpazo.supabase.co/rest/v1/jobs "HTTP/2 201 Created"
2026-09-05 15:43:04,180 INFO   Saved: Data Analyst @ Orvionn
2026-09-05 15:43:06,867 INFO HTTP Request: PATCH https://nzzrpylddectbapxpazo.supabase.co/rest/v1/jobs?id=eq.10653f70-499e-44f5-a79d-2c0c97e66c4d "HTTP/2 200 OK"
2026-09-05 15:43:08,625 INFO 
[OK] Scraping complete: 68 new jobs saved
2026-09-05 15:43:08,801 INFO HTTP Request: POST https://nzzrpylddectbapxpazo.supabase.co/rest/v1/daily_run_logs "HTTP/2 409 Conflict"
2026-09-05 15:43:08,803 ERROR      [ERR] Scraping failed: {'message': 'duplicate key value violates unique constraint "daily_run_logs_run_date_key"', 'code': '23505', 'hint': None, 'details': 'Key (run_date)=(2026-09-05) already exists.'}
2026-09-05 15:43:08,803 INFO 
[2/5] [ATS]  Running ATS matching...
2026-09-05 15:43:09,738 INFO HTTP Request: GET https://nzzrpylddectbapxpazo.supabase.co/rest/v1/jobs?select=id%2Ctitle%2Ccompany%2Cdescription_raw&status=eq.scraped&description_raw=not.is.null&limit=50 "HTTP/2 200 OK"
2026-09-05 15:43:39,287 INFO HTTP Request: PATCH https://nzzrpylddectbapxpazo.supabase.co/rest/v1/jobs?id=eq.126c273b-15a9-4e47-a731-cdd25f9b690f "HTTP/2 200 OK"
2026-09-05 15:44:14,176 INFO HTTP Request: PATCH https://nzzrpylddectbapxpazo.supabase.co/rest/v1/jobs?id=eq.2429b32a-1954-4cc1-96da-dce7ba3f3bdc "HTTP/2 200 OK"
2026-09-05 15:44:19,308 INFO HTTP Request: PATCH https://nzzrpylddectbapxpazo.supabase.co/rest/v1/jobs?id=eq.9182e8cb-d325-4f88-949b-0da212babe7d "HTTP/2 200 OK"
2026-09-05 15:44:41,899 INFO HTTP Request: PATCH https://nzzrpylddectbapxpazo.supabase.co/rest/v1/jobs?id=eq.e57d11ef-0af9-49ca-9e16-627aa3fe6b0b "HTTP/2 200 OK"
2026-09-05 15:44:47,732 ERROR      [ERR] ATS matching failed: Expecting value: line 1 column 105 (char 104)
2026-09-05 15:44:47,733 INFO 
[3/5] [APPLY]  Auto-applying to top matches...
2026-09-05 15:44:48,076 INFO HTTP Request: GET https://nzzrpylddectbapxpazo.supabase.co/rest/v1/jobs?select=id%2Ctitle%2Ccompany%2Cats_score%2Capply_url%2Cplatform&status=eq.matched&ats_score=gte.75&order=ats_score.desc&limit=20 "HTTP/2 200 OK"
2026-09-05 15:44:48,078 INFO      [OK] Auto-applied to 0 jobs
2026-09-05 15:44:48,079 INFO 
[4/5] [EMAIL]  Sending cold outreach emails...
2026-09-05 15:44:48,797 INFO HTTP Request: GET https://nzzrpylddectbapxpazo.supabase.co/rest/v1/outreach_logs?select=id&status=eq.sent&sent_at=gte.2026-09-05T00%3A00%3A00 "HTTP/2 200 OK"
2026-09-05 15:44:48,960 INFO HTTP Request: GET https://nzzrpylddectbapxpazo.supabase.co/rest/v1/jobs?select=id%2Ctitle%2Ccompany%2Ccompany_domain%2Clocation%2Cdescription_raw%2Cats_score%2Capply_url%2Cmatched_keywords&status=in.%28matched%2Cauto_applied%29&ats_score=gte.70&order=ats_score.desc&limit=15 "HTTP/2 200 OK"
2026-09-05 15:44:48,971 INFO [MAIL] Outreach done: 0 emails sent
2026-09-05 15:44:48,972 INFO      [OK] Sent 0 cold emails
2026-09-05 15:44:48,972 INFO 
[5/5] [POST]  Publishing LinkedIn posts...
2026-09-05 15:44:49,663 INFO HTTP Request: GET https://nzzrpylddectbapxpazo.supabase.co/rest/v1/linkedin_posts?select=%2A&status=in.%28scheduled%29&scheduled_for=lte.2026-09-05T10%3A14%3A49.275704%2B00%3A00 "HTTP/2 200 OK"
2026-09-05 15:44:49,664 INFO Published 0 due posts
2026-09-05 15:44:49,875 INFO HTTP Request: POST https://nzzrpylddectbapxpazo.supabase.co/rest/v1/daily_run_logs?on_conflict=run_date "HTTP/2 200 OK"
2026-09-05 15:44:49,876 INFO      [OK] Published 0 LinkedIn posts
2026-09-05 15:44:50,027 INFO HTTP Request: GET https://nzzrpylddectbapxpazo.supabase.co/rest/v1/daily_run_logs?select=id&run_date=eq.2026-09-05 "HTTP/2 200 OK"
2026-09-05 15:44:50,182 INFO HTTP Request: PATCH https://nzzrpylddectbapxpazo.supabase.co/rest/v1/daily_run_logs?run_date=eq.2026-09-05 "HTTP/2 200 OK"
2026-09-05 15:44:50,184 INFO 
[NOTIFY] Sending daily summary notification...
2026-09-05 15:44:50,335 INFO HTTP Request: GET https://nzzrpylddectbapxpazo.supabase.co/rest/v1/daily_run_logs?select=%2A&run_date=eq.2026-09-05 "HTTP/2 200 OK"
2026-09-05 15:44:50,510 INFO HTTP Request: GET https://nzzrpylddectbapxpazo.supabase.co/rest/v1/applications?select=%2A%2Cjobs%28title%2Ccompany%2Clocation%2Cats_score%29&applied_at=gte.2026-09-05T00%3A00%3A00&order=applied_at.desc&limit=5 "HTTP/2 200 OK"
2026-09-05 15:44:50,673 INFO HTTP Request: GET https://nzzrpylddectbapxpazo.supabase.co/rest/v1/outreach_logs?select=%2A%2Crecruiters%28name%2Ccompany%29&status=eq.sent&sent_at=gte.2026-09-05T00%3A00%3A00 "HTTP/2 200 OK"
2026-09-05 15:44:50,850 INFO HTTP Request: GET https://nzzrpylddectbapxpazo.supabase.co/rest/v1/jobs?select=title%2Ccompany%2Cats_score%2Capply_url&status=eq.matched&ats_score=gte.80&limit=5 "HTTP/2 200 OK"
2026-09-05 15:44:51,628 INFO   [NOTIFY] Telegram notification sent
2026-09-05 15:44:51,629 INFO 
============================================================
2026-09-05 15:44:51,629 INFO [OK] DAILY RUN COMPLETE
2026-09-05 15:44:51,629 INFO    Scraped: 0 | Matched: 0
2026-09-05 15:44:51,629 INFO    Applied: 0 | Emailed: 0
2026-09-05 15:44:51,630 INFO    Errors: 2
2026-09-05 15:44:51,630 INFO ============================================================
2026-09-05 19:50:44,535 INFO ============================================================
2026-09-05 19:50:44,536 INFO [START] DAILY JOB ENGINE RUN — 2026-09-05T14:20:44.536400+00:00
2026-09-05 19:50:44,537 INFO ============================================================
2026-09-05 19:50:44,537 INFO 
[1/5] [SCRAPE]  Scraping job boards...
2026-09-05 19:50:50,549 INFO   Naukri: Python Developer in Hyderabad
2026-09-05 19:51:00,729 INFO   Found 0 cards
2026-09-05 19:51:13,788 INFO   LinkedIn: Python Developer in Hyderabad -> 25 found
2026-09-05 19:51:13,788 INFO   Naukri: Python Developer in Bangalore
2026-09-05 19:51:21,013 INFO   Found 0 cards
2026-09-05 19:51:33,787 INFO   LinkedIn: Python Developer in Bangalore -> 25 found
2026-09-05 19:51:33,787 INFO   Naukri: Python Developer in Remote
2026-09-05 19:51:40,934 INFO   Found 0 cards
2026-09-05 19:51:53,580 INFO   LinkedIn: Python Developer in Remote -> 25 found
2026-09-05 19:51:54,829 WARNING   YC API returned 406
2026-09-05 19:51:56,752 INFO HTTP Request: GET https://nzzrpylddectbapxpazo.supabase.co/rest/v1/jobs?select=id&job_url=eq.https%3A%2F%2Fhu.linkedin.com%2Fjobs%2Fview%2Fsoftware-engineer-ii-python-supply-demand-at-kpler-4441829596 "HTTP/2 200 OK"
2026-09-05 19:51:57,303 INFO HTTP Request: POST https://nzzrpylddectbapxpazo.supabase.co/rest/v1/jobs "HTTP/2 201 Created"
2026-09-05 19:51:57,309 INFO   Saved: Software Engineer II (Python) - Supply & Demand @ Kpler
2026-09-05 19:51:59,973 INFO HTTP Request: PATCH https://nzzrpylddectbapxpazo.supabase.co/rest/v1/jobs?id=eq.7d706340-d69c-4b2b-943a-b7dcc488acec "HTTP/2 200 OK"
2026-09-05 19:52:01,686 INFO HTTP Request: GET https://nzzrpylddectbapxpazo.supabase.co/rest/v1/jobs?select=id&job_url=eq.https%3A%2F%2Fvn.linkedin.com%2Fjobs%2Fview%2Fpython-engineer-at-larion-4462365991 "HTTP/2 200 OK"
2026-09-05 19:52:01,845 INFO HTTP Request: POST https://nzzrpylddectbapxpazo.supabase.co/rest/v1/jobs "HTTP/2 201 Created"
2026-09-05 19:52:01,846 INFO   Saved: Python Engineer @ LARION
2026-09-05 19:52:04,439 INFO HTTP Request: PATCH https://nzzrpylddectbapxpazo.supabase.co/rest/v1/jobs?id=eq.d7cf4b2b-dc15-4a8e-9a2a-2e0a00c3702f "HTTP/2 200 OK"
2026-09-05 19:52:06,102 INFO HTTP Request: GET https://nzzrpylddectbapxpazo.supabase.co/rest/v1/jobs?select=id&job_url=eq.https%3A%2F%2Fbg.linkedin.com%2Fjobs%2Fview%2Fmid-level-python-developer-backend-at-sopra-steria-4458210757 "HTTP/2 200 OK"
2026-09-05 19:52:06,290 INFO HTTP Request: GET https://nzzrpylddectbapxpazo.supabase.co/rest/v1/jobs?select=id&job_url=eq.https%3A%2F%2Fin.linkedin.com%2Fjobs%2Fview%2Fpython-development-%252B-crew-planning-irc302252-at-globallogic-4453521955 "HTTP/2 200 OK"
2026-09-05 19:52:06,461 INFO HTTP Request: GET https://nzzrpylddectbapxpazo.supabase.co/rest/v1/jobs?select=id&job_url=eq.https%3A%2F%2Fin.linkedin.com%2Fjobs%2Fview%2Fpython-developer-at-genpact-4461410053 "HTTP/2 200 OK"
2026-09-05 19:52:06,639 INFO HTTP Request: GET https://nzzrpylddectbapxpazo.supabase.co/rest/v1/jobs?select=id&job_url=eq.https%3A%2F%2Fnl.linkedin.com%2Fjobs%2Fview%2Fpython-software-engineer-knowledge-infrastructure-at-adyen-4462320420 "HTTP/2 200 OK"
2026-09-05 19:52:06,812 INFO HTTP Request: GET https://nzzrpylddectbapxpazo.supabase.co/rest/v1/jobs?select=id&job_url=eq.https%3A%2F%2Fin.linkedin.com%2Fjobs%2Fview%2Fpython-backend-developer-at-infobeans-4463721144 "HTTP/2 200 OK"
2026-09-05 19:52:06,978 INFO HTTP Request: GET https://nzzrpylddectbapxpazo.supabase.co/rest/v1/jobs?select=id&job_url=eq.https%3A%2F%2Fin.linkedin.com%2Fjobs%2Fview%2Fpython-developer-at-delphie-consulting-services-4462365654 "HTTP/2 200 OK"
2026-09-05 19:52:07,146 INFO HTTP Request: POST https://nzzrpylddectbapxpazo.supabase.co/rest/v1/jobs "HTTP/2 201 Created"
2026-09-05 19:52:07,147 INFO   Saved: Python Developer @ Delphie Consulting services
2026-09-05 19:52:09,687 INFO HTTP Request: PATCH https://nzzrpylddectbapxpazo.supabase.co/rest/v1/jobs?id=eq.864b431e-3428-42e9-a899-b4ef1e5d9daf "HTTP/2 200 OK"
2026-09-05 19:52:11,361 INFO HTTP Request: GET https://nzzrpylddectbapxpazo.supabase.co/rest/v1/jobs?select=id&job_url=eq.https%3A%2F%2Fbg.linkedin.com%2Fjobs%2Fview%2Fmid-level-python-developer-genai-at-sopra-steria-4458229485 "HTTP/2 200 OK"
2026-09-05 19:52:11,530 INFO HTTP Request: GET https://nzzrpylddectbapxpazo.supabase.co/rest/v1/jobs?select=id&job_url=eq.https%3A%2F%2Fin.linkedin.com%2Fjobs%2Fview%2Fpython-unix-developer-at-people-prime-worldwide-4463608116 "HTTP/2 200 OK"
2026-09-05 19:52:11,701 INFO HTTP Request: GET https://nzzrpylddectbapxpazo.supabase.co/rest/v1/jobs?select=id&job_url=eq.https%3A%2F%2Fca.linkedin.com%2Fjobs%2Fview%2Fpython-developer-at-ust-4461412111 "HTTP/2 200 OK"
2026-09-05 19:52:11,906 INFO HTTP Request: GET https://nzzrpylddectbapxpazo.supabase.co/rest/v1/jobs?select=id&job_url=eq.https%3A%2F%2Fin.linkedin.com%2Fjobs%2Fview%2Fpython-developer-at-vysystems-4463724398 "HTTP/2 200 OK"
2026-09-05 19:52:12,079 INFO HTTP Request: GET https://nzzrpylddectbapxpazo.supabase.co/rest/v1/jobs?select=id&job_url=eq.https%3A%2F%2Fca.linkedin.com%2Fjobs%2Fview%2Fpython-and-aws-developer-at-apptoza-inc-4459555697 "HTTP/2 200 OK"
2026-09-05 19:52:12,242 INFO HTTP Request: GET https://nzzrpylddectbapxpazo.supabase.co/rest/v1/jobs?select=id&job_url=eq.https%3A%2F%2Fsk.linkedin.com%2Fjobs%2Fview%2Fpython-software-engineer-ai-security-platform-m-f-n-at-eset-4385072625 "HTTP/2 200 OK"
2026-09-05 19:52:12,406 INFO HTTP Request: POST https://nzzrpylddectbapxpazo.supabase.co/rest/v1/jobs "HTTP/2 201 Created"
2026-09-05 19:52:12,408 INFO   Saved: Python Software Engineer - AI Security Platform (m/f/n) @ ESET
2026-09-05 19:52:14,987 INFO HTTP Request: PATCH https://nzzrpylddectbapxpazo.supabase.co/rest/v1/jobs?id=eq.7c583887-7430-4954-8c23-587c912103f4 "HTTP/2 200 OK"
2026-09-05 19:52:16,663 INFO HTTP Request: GET https://nzzrpylddectbapxpazo.supabase.co/rest/v1/jobs?select=id&job_url=eq.https%3A%2F%2Fca.linkedin.com%2Fjobs%2Fview%2Fpython-developer-at-insight-global-4462329013 "HTTP/2 200 OK"
2026-09-05 19:52:16,850 INFO HTTP Request: GET https://nzzrpylddectbapxpazo.supabase.co/rest/v1/jobs?select=id&job_url=eq.https%3A%2F%2Fwww.linkedin.com%2Fjobs%2Fview%2Fpython-developer-iii-at-bank-of-america-4454812137 "HTTP/2 200 OK"
2026-09-05 19:52:17,039 INFO HTTP Request: GET https://nzzrpylddectbapxpazo.supabase.co/rest/v1/jobs?select=id&job_url=eq.https%3A%2F%2Fwww.linkedin.com%2Fjobs%2Fview%2Fpython-software-developer-at-advatix-latam-4462361684 "HTTP/2 200 OK"
2026-09-05 19:52:17,560 INFO HTTP Request: GET https://nzzrpylddectbapxpazo.supabase.co/rest/v1/jobs?select=id&job_url=eq.https%3A%2F%2Fro.linkedin.com%2Fjobs%2Fview%2Fsenior-python-developer-at-accenture-romania-4453256865 "HTTP/2 200 OK"
2026-09-05 19:52:17,729 INFO HTTP Request: GET https://nzzrpylddectbapxpazo.supabase.co/rest/v1/jobs?select=id&job_url=eq.https%3A%2F%2Fwww.linkedin.com%2Fjobs%2Fview%2Fpython-backend-engineer-at-fractal-4441353564 "HTTP/2 200 OK"
2026-09-05 19:52:17,898 INFO HTTP Request: POST https://nzzrpylddectbapxpazo.supabase.co/rest/v1/jobs "HTTP/2 201 Created"
2026-09-05 19:52:17,900 INFO   Saved: Python Backend Engineer @ Fractal
2026-09-05 19:52:20,530 INFO HTTP Request: PATCH https://nzzrpylddectbapxpazo.supabase.co/rest/v1/jobs?id=eq.5a8c96c4-1b58-4f52-96fe-45d379add435 "HTTP/2 200 OK"
2026-09-05 19:52:22,209 INFO HTTP Request: GET https://nzzrpylddectbapxpazo.supabase.co/rest/v1/jobs?select=id&job_url=eq.https%3A%2F%2Fca.linkedin.com%2Fjobs%2Fview%2Fsoftware-engineer-python-pl-sql-at-scotiabank-4386217331 "HTTP/2 200 OK"
2026-09-05 19:52:22,371 INFO HTTP Request: POST https://nzzrpylddectbapxpazo.supabase.co/rest/v1/jobs "HTTP/2 201 Created"
2026-09-05 19:52:22,372 INFO   Saved: Software Engineer (Python/PL-SQL) @ Scotiabank
2026-09-05 19:52:25,102 INFO HTTP Request: PATCH https://nzzrpylddectbapxpazo.supabase.co/rest/v1/jobs?id=eq.fe8ce1ff-988c-4a4d-bb55-e8f5fb36e5cb "HTTP/2 200 OK"
2026-09-05 19:52:26,795 INFO HTTP Request: GET https://nzzrpylddectbapxpazo.supabase.co/rest/v1/jobs?select=id&job_url=eq.https%3A%2F%2Fwww.linkedin.com%2Fjobs%2Fview%2Fpython-developer-at-photon-4457621822 "HTTP/2 200 OK"
2026-09-05 19:52:26,962 INFO HTTP Request: GET https://nzzrpylddectbapxpazo.supabase.co/rest/v1/jobs?select=id&job_url=eq.https%3A%2F%2Fwww.linkedin.com%2Fjobs%2Fview%2Fsoftware-engineer-at-ethosia-4453428031 "HTTP/2 200 OK"
2026-09-05 19:52:27,138 INFO HTTP Request: POST https://nzzrpylddectbapxpazo.supabase.co/rest/v1/jobs "HTTP/2 201 Created"
2026-09-05 19:52:27,139 INFO   Saved: Software Engineer @ Ethosia
2026-09-05 19:52:29,746 INFO HTTP Request: PATCH https://nzzrpylddectbapxpazo.supabase.co/rest/v1/jobs?id=eq.14cfdf54-1910-428a-9812-32a14718d21b "HTTP/2 200 OK"
2026-09-05 19:52:31,453 INFO HTTP Request: GET https://nzzrpylddectbapxpazo.supabase.co/rest/v1/jobs?select=id&job_url=eq.https%3A%2F%2Fit.linkedin.com%2Fjobs%2Fview%2Fsoftware-engineer-at-ticketoo-4462804105 "HTTP/2 200 OK"
2026-09-05 19:52:31,665 INFO HTTP Request: GET https://nzzrpylddectbapxpazo.supabase.co/rest/v1/jobs?select=id&job_url=eq.https%3A%2F%2Fin.linkedin.com%2Fjobs%2Fview%2Fbackend-engineer-python-fast-api-mumbai-at-tata-consultancy-services-4462369493 "HTTP/2 200 OK"
2026-09-05 19:52:31,900 INFO HTTP Request: GET https://nzzrpylddectbapxpazo.supabase.co/rest/v1/jobs?select=id&job_url=eq.https%3A%2F%2Fmx.linkedin.com%2Fjobs%2Fview%2Fpython-developer-at-globallogic-4461982864 "HTTP/2 200 OK"
2026-09-05 19:52:32,098 INFO HTTP Request: POST https://nzzrpylddectbapxpazo.supabase.co/rest/v1/jobs "HTTP/2 201 Created"
2026-09-05 19:52:32,100 INFO   Saved: Python Developer @ GlobalLogic
2026-09-05 19:52:35,590 INFO HTTP Request: PATCH https://nzzrpylddectbapxpazo.supabase.co/rest/v1/jobs?id=eq.619ff691-5b26-4db7-bc30-acb694f7e840 "HTTP/2 200 OK"
2026-09-05 19:52:37,103 INFO   Naukri: Django Developer in Hyderabad
2026-09-05 19:52:44,305 INFO   Found 0 cards
2026-09-05 19:52:56,962 INFO   LinkedIn: Django Developer in Hyderabad -> 25 found
2026-09-05 19:52:56,963 INFO   Naukri: Django Developer in Bangalore
2026-09-05 19:53:04,118 INFO   Found 0 cards
2026-09-05 19:53:16,878 INFO   LinkedIn: Django Developer in Bangalore -> 25 found
2026-09-05 19:53:16,879 INFO   Naukri: Django Developer in Remote
2026-09-05 19:53:24,034 INFO   Found 0 cards
2026-09-05 19:53:36,899 INFO   LinkedIn: Django Developer in Remote -> 25 found
2026-09-05 19:53:37,610 WARNING   YC API returned 406
2026-09-05 19:53:39,111 INFO HTTP Request: GET https://nzzrpylddectbapxpazo.supabase.co/rest/v1/jobs?select=id&job_url=eq.https%3A%2F%2Fin.linkedin.com%2Fjobs%2Fview%2Fpython-developer-at-people-prime-worldwide-4463607105 "HTTP/2 200 OK"
2026-09-05 19:53:39,275 INFO HTTP Request: GET https://nzzrpylddectbapxpazo.supabase.co/rest/v1/jobs?select=id&job_url=eq.https%3A%2F%2Fin.linkedin.com%2Fjobs%2Fview%2Fpython-developer-at-park-universal-private-limited-4461454721 "HTTP/2 200 OK"
2026-09-05 19:53:39,467 INFO HTTP Request: POST https://nzzrpylddectbapxpazo.supabase.co/rest/v1/jobs "HTTP/2 201 Created"
2026-09-05 19:53:39,469 INFO   Saved: Python Developer @ Park Universal Private Limited
2026-09-05 19:53:42,090 INFO HTTP Request: PATCH https://nzzrpylddectbapxpazo.supabase.co/rest/v1/jobs?id=eq.aa802863-ffdc-434b-a7b2-3e84f2868ca0 "HTTP/2 200 OK"
2026-09-05 19:53:43,756 INFO HTTP Request: GET https://nzzrpylddectbapxpazo.supabase.co/rest/v1/jobs?select=id&job_url=eq.https%3A%2F%2Fin.linkedin.com%2Fjobs%2Fview%2Fsenior-python-developer-at-zigsaw-4462359935 "HTTP/2 200 OK"
2026-09-05 19:53:43,912 INFO HTTP Request: GET https://nzzrpylddectbapxpazo.supabase.co/rest/v1/jobs?select=id&job_url=eq.https%3A%2F%2Fwww.linkedin.com%2Fjobs%2Fview%2Fpython-backend-engineer-at-fractal-4441353564 "HTTP/2 200 OK"
2026-09-05 19:53:44,073 INFO HTTP Request: GET https://nzzrpylddectbapxpazo.supabase.co/rest/v1/jobs?select=id&job_url=eq.https%3A%2F%2Fin.linkedin.com%2Fjobs%2Fview%2Fpython-django-lead-at-infosys-4444002949 "HTTP/2 200 OK"
2026-09-05 19:53:44,232 INFO HTTP Request: POST https://nzzrpylddectbapxpazo.supabase.co/rest/v1/jobs "HTTP/2 201 Created"
2026-09-05 19:53:44,234 INFO   Saved: Python Django Lead @ Infosys
2026-09-05 19:53:46,786 INFO HTTP Request: PATCH https://nzzrpylddectbapxpazo.supabase.co/rest/v1/jobs?id=eq.9bb64138-bec8-4465-8778-d065ce1a5323 "HTTP/2 200 OK"
2026-09-05 19:53:48,439 INFO HTTP Request: GET https://nzzrpylddectbapxpazo.supabase.co/rest/v1/jobs?select=id&job_url=eq.https%3A%2F%2Fwww.linkedin.com%2Fjobs%2Fview%2Fpython-developer-with-django-at-value-innovation-labs-4461328722 "HTTP/2 200 OK"
2026-09-05 19:53:48,592 INFO HTTP Request: GET https://nzzrpylddectbapxpazo.supabase.co/rest/v1/jobs?select=id&job_url=eq.https%3A%2F%2Fwww.linkedin.com%2Fjobs%2Fview%2Fpython-developer-at-formativgroup-4463605333 "HTTP/2 200 OK"
2026-09-05 19:53:48,746 INFO HTTP Request: GET https://nzzrpylddectbapxpazo.supabase.co/rest/v1/jobs?select=id&job_url=eq.https%3A%2F%2Fin.linkedin.com%2Fjobs%2Fview%2Fsenior-backend-developer-at-miba-group-4461752859 "HTTP/2 200 OK"
2026-09-05 19:53:48,896 INFO HTTP Request: GET https://nzzrpylddectbapxpazo.supabase.co/rest/v1/jobs?select=id&job_url=eq.https%3A%2F%2Fwww.linkedin.com%2Fjobs%2Fview%2Ffull-stack-software-engineer-python-django-at-schnabel-engineering-4461424172 "HTTP/2 200 OK"
2026-09-05 19:53:49,049 INFO HTTP Request: GET https://nzzrpylddectbapxpazo.supabase.co/rest/v1/jobs?select=id&job_url=eq.https%3A%2F%2Fua.linkedin.com%2Fjobs%2Fview%2Fsenior-python-django-backend-engineer-at-spd-technology-4463379426 "HTTP/2 200 OK"
2026-09-05 19:53:49,206 INFO HTTP Request: GET https://nzzrpylddectbapxpazo.supabase.co/rest/v1/jobs?select=id&job_url=eq.https%3A%2F%2Fit.linkedin.com%2Fjobs%2Fview%2Fsoftware-engineer-at-ticketoo-4462804105 "HTTP/2 200 OK"
2026-09-05 19:53:49,356 INFO HTTP Request: GET https://nzzrpylddectbapxpazo.supabase.co/rest/v1/jobs?select=id&job_url=eq.https%3A%2F%2Fvn.linkedin.com%2Fjobs%2Fview%2Fpython-engineer-at-larion-4462365991 "HTTP/2 200 OK"
2026-09-05 19:53:49,502 INFO HTTP Request: GET https://nzzrpylddectbapxpazo.supabase.co/rest/v1/jobs?select=id&job_url=eq.https%3A%2F%2Fwww.linkedin.com%2Fjobs%2Fview%2Fpython-software-developer-at-advatix-latam-4462361684 "HTTP/2 200 OK"
2026-09-05 19:53:49,650 INFO HTTP Request: GET https://nzzrpylddectbapxpazo.supabase.co/rest/v1/jobs?select=id&job_url=eq.https%3A%2F%2Fin.linkedin.com%2Fjobs%2Fview%2Fpython-backend-developer-at-infobeans-4463721144 "HTTP/2 200 OK"
2026-09-05 19:53:49,807 INFO HTTP Request: GET https://nzzrpylddectbapxpazo.supabase.co/rest/v1/jobs?select=id&job_url=eq.https%3A%2F%2Feg.linkedin.com%2Fjobs%2Fview%2Fsenior-python-developer-at-nile-bits-llc-4461439508 "HTTP/2 200 OK"
2026-09-05 19:53:49,957 INFO HTTP Request: GET https://nzzrpylddectbapxpazo.supabase.co/rest/v1/jobs?select=id&job_url=eq.https%3A%2F%2Fwww.linkedin.com%2Fjobs%2Fview%2Fpython-developer-at-photon-4457621822 "HTTP/2 200 OK"
2026-09-05 19:53:50,105 INFO HTTP Request: GET https://nzzrpylddectbapxpazo.supabase.co/rest/v1/jobs?select=id&job_url=eq.https%3A%2F%2Fwww.linkedin.com%2Fjobs%2Fview%2Fsoftware-engineer-ii-python-and-java-at-7-eleven-4441624820 "HTTP/2 200 OK"
2026-09-05 19:53:50,258 INFO HTTP Request: POST https://nzzrpylddectbapxpazo.supabase.co/rest/v1/jobs "HTTP/2 201 Created"
2026-09-05 19:53:50,260 INFO   Saved: Software Engineer II - Python and Java @ 7-Eleven
2026-09-05 19:53:52,882 INFO HTTP Request: PATCH https://nzzrpylddectbapxpazo.supabase.co/rest/v1/jobs?id=eq.d4077baf-db7a-4d13-8784-135e5a8462be "HTTP/2 200 OK"
2026-09-05 19:53:54,546 INFO HTTP Request: GET https://nzzrpylddectbapxpazo.supabase.co/rest/v1/jobs?select=id&job_url=eq.https%3A%2F%2Fgr.linkedin.com%2Fjobs%2Fview%2Fsenior-back-end-developer-django-fastapi-at-accenture-greece-4453251910 "HTTP/2 200 OK"
2026-09-05 19:53:54,710 INFO HTTP Request: GET https://nzzrpylddectbapxpazo.supabase.co/rest/v1/jobs?select=id&job_url=eq.https%3A%2F%2Fca.linkedin.com%2Fjobs%2Fview%2Fpython-and-aws-developer-at-apptoza-inc-4459555697 "HTTP/2 200 OK"
2026-09-05 19:53:54,877 INFO HTTP Request: GET https://nzzrpylddectbapxpazo.supabase.co/rest/v1/jobs?select=id&job_url=eq.https%3A%2F%2Fin.linkedin.com%2Fjobs%2Fview%2Fpython-developer-at-genpact-4461410053 "HTTP/2 200 OK"
2026-09-05 19:53:55,431 INFO HTTP Request: GET https://nzzrpylddectbapxpazo.supabase.co/rest/v1/jobs?select=id&job_url=eq.https%3A%2F%2Fro.linkedin.com%2Fjobs%2Fview%2Fsenior-python-developer-at-accenture-romania-4453256865 "HTTP/2 200 OK"
2026-09-05 19:53:55,578 INFO HTTP Request: GET https://nzzrpylddectbapxpazo.supabase.co/rest/v1/jobs?select=id&job_url=eq.https%3A%2F%2Fin.linkedin.com%2Fjobs%2Fview%2Fipjqrsjs-java-python-at-zettamine-labs-pvt-ltd-4461452927 "HTTP/2 200 OK"
2026-09-05 19:53:55,741 INFO HTTP Request: POST https://nzzrpylddectbapxpazo.supabase.co/rest/v1/jobs "HTTP/2 201 Created"
2026-09-05 19:53:55,743 INFO   Saved: [IPJQRSJS] Java & Python @ ZettaMine Labs Pvt. Ltd.
2026-09-05 19:53:58,225 INFO HTTP Request: PATCH https://nzzrpylddectbapxpazo.supabase.co/rest/v1/jobs?id=eq.c817d032-3556-4bb8-8d81-856ff5c1f633 "HTTP/2 200 OK"
2026-09-05 19:53:59,880 INFO HTTP Request: GET https://nzzrpylddectbapxpazo.supabase.co/rest/v1/jobs?select=id&job_url=eq.https%3A%2F%2Ffr.linkedin.com%2Fjobs%2Fview%2Fback-end-developer-at-bao-4463378379 "HTTP/2 200 OK"
2026-09-05 19:54:00,039 INFO HTTP Request: GET https://nzzrpylddectbapxpazo.supabase.co/rest/v1/jobs?select=id&job_url=eq.https%3A%2F%2Fit.linkedin.com%2Fjobs%2Fview%2Fsoftware-engineer-at-iliad-4461700377 "HTTP/2 200 OK"
2026-09-05 19:54:00,190 INFO HTTP Request: GET https://nzzrpylddectbapxpazo.supabase.co/rest/v1/jobs?select=id&job_url=eq.https%3A%2F%2Fin.linkedin.com%2Fjobs%2Fview%2Fsoftware-developer-application-developer-at-softcrayons-it-education-4463739211 "HTTP/2 200 OK"
2026-09-05 19:54:00,344 INFO HTTP Request: POST https://nzzrpylddectbapxpazo.supabase.co/rest/v1/jobs "HTTP/2 201 Created"
2026-09-05 19:54:00,346 INFO   Saved: Software Developer / Application Developer @ Softcrayons IT Education
2026-09-05 19:54:02,741 INFO HTTP Request: PATCH https://nzzrpylddectbapxpazo.supabase.co/rest/v1/jobs?id=eq.66ffb65b-3377-401d-8962-6860aa2b788b "HTTP/2 200 OK"
2026-09-05 19:54:04,234 INFO   Naukri: Backend Developer in Hyderabad
2026-09-05 19:54:11,403 INFO   Found 0 cards
2026-09-05 19:54:24,168 INFO   LinkedIn: Backend Developer in Hyderabad -> 25 found
2026-09-05 19:54:24,169 INFO   Naukri: Backend Developer in Bangalore
2026-09-05 19:54:31,353 INFO   Found 0 cards
2026-09-05 19:54:44,021 INFO   LinkedIn: Backend Developer in Bangalore -> 24 found
2026-09-05 19:54:44,021 INFO   Naukri: Backend Developer in Remote
2026-09-05 19:54:51,191 INFO   Found 0 cards
2026-09-05 19:55:03,902 INFO   LinkedIn: Backend Developer in Remote -> 25 found
2026-09-05 19:55:05,303 WARNING   YC API returned 406
2026-09-05 19:55:05,619 INFO HTTP Request: GET https://nzzrpylddectbapxpazo.supabase.co/rest/v1/jobs?select=id&job_url=eq.https%3A%2F%2Fbg.linkedin.com%2Fjobs%2Fview%2Fengineer-backend-at-danfoss-4463397367 "HTTP/2 200 OK"
2026-09-05 19:55:05,773 INFO HTTP Request: GET https://nzzrpylddectbapxpazo.supabase.co/rest/v1/jobs?select=id&job_url=eq.https%3A%2F%2Flt.linkedin.com%2Fjobs%2Fview%2Fbackend-developer-golang-at-oxylabs-io-4463607287 "HTTP/2 200 OK"
2026-09-05 19:55:05,924 INFO HTTP Request: GET https://nzzrpylddectbapxpazo.supabase.co/rest/v1/jobs?select=id&job_url=eq.https%3A%2F%2Fvn.linkedin.com%2Fjobs%2Fview%2Fback-end-developer-at-larion-4462365977 "HTTP/2 200 OK"
2026-09-05 19:55:06,086 INFO HTTP Request: POST https://nzzrpylddectbapxpazo.supabase.co/rest/v1/jobs "HTTP/2 201 Created"
2026-09-05 19:55:06,087 INFO   Saved: Back End Developer @ LARION
2026-09-05 19:55:08,543 INFO HTTP Request: PATCH https://nzzrpylddectbapxpazo.supabase.co/rest/v1/jobs?id=eq.eada8b3e-5007-40d3-bdff-763a7d58690b "HTTP/2 200 OK"
2026-09-05 19:55:10,206 INFO HTTP Request: GET https://nzzrpylddectbapxpazo.supabase.co/rest/v1/jobs?select=id&job_url=eq.https%3A%2F%2Fnl.linkedin.com%2Fjobs%2Fview%2Fmedior-backend-developer-kotlin-at-albert-heijn-4463629211 "HTTP/2 200 OK"
2026-09-05 19:55:10,369 INFO HTTP Request: GET https://nzzrpylddectbapxpazo.supabase.co/rest/v1/jobs?select=id&job_url=eq.https%3A%2F%2Fbg.linkedin.com%2Fjobs%2Fview%2Fmid-level-python-developer-backend-at-sopra-steria-4458210757 "HTTP/2 200 OK"
2026-09-05 19:55:10,518 INFO HTTP Request: GET https://nzzrpylddectbapxpazo.supabase.co/rest/v1/jobs?select=id&job_url=eq.https%3A%2F%2Fil.linkedin.com%2Fjobs%2Fview%2Fsenior-backend-engineer-at-melio-4443861537 "HTTP/2 200 OK"
2026-09-05 19:55:10,672 INFO HTTP Request: GET https://nzzrpylddectbapxpazo.supabase.co/rest/v1/jobs?select=id&job_url=eq.https%3A%2F%2Fsk.linkedin.com%2Fjobs%2Fview%2Fsoftware-engineer-at-cisco-4453297883 "HTTP/2 200 OK"
2026-09-05 19:55:11,169 INFO HTTP Request: POST https://nzzrpylddectbapxpazo.supabase.co/rest/v1/jobs "HTTP/2 201 Created"
2026-09-05 19:55:11,171 INFO   Saved: Software Engineer @ Cisco
2026-09-05 19:55:13,666 INFO HTTP Request: PATCH https://nzzrpylddectbapxpazo.supabase.co/rest/v1/jobs?id=eq.c4b6b5e3-7765-4c9c-8b13-b0ce7af37e90 "HTTP/2 200 OK"
2026-09-05 19:55:15,345 INFO HTTP Request: GET https://nzzrpylddectbapxpazo.supabase.co/rest/v1/jobs?select=id&job_url=eq.https%3A%2F%2Fbg.linkedin.com%2Fjobs%2Fview%2Fbackend-engineer-cards-at-sumup-4422715588 "HTTP/2 200 OK"
2026-09-05 19:55:15,500 INFO HTTP Request: POST https://nzzrpylddectbapxpazo.supabase.co/rest/v1/jobs "HTTP/2 201 Created"
2026-09-05 19:55:15,502 INFO   Saved: Backend Engineer - Cards @ SumUp
2026-09-05 19:55:18,065 INFO HTTP Request: PATCH https://nzzrpylddectbapxpazo.supabase.co/rest/v1/jobs?id=eq.affbfd2e-4de1-46a9-bb45-28df41c23432 "HTTP/2 200 OK"
2026-09-05 19:55:19,705 INFO HTTP Request: GET https://nzzrpylddectbapxpazo.supabase.co/rest/v1/jobs?select=id&job_url=eq.https%3A%2F%2Fgr.linkedin.com%2Fjobs%2Fview%2Fsenior-back-end-developer-django-fastapi-at-accenture-greece-4453251910 "HTTP/2 200 OK"
2026-09-05 19:55:19,854 INFO HTTP Request: GET https://nzzrpylddectbapxpazo.supabase.co/rest/v1/jobs?select=id&job_url=eq.https%3A%2F%2Fro.linkedin.com%2Fjobs%2Fview%2Fsenior-backend-engineer-cluj-napoca-at-crafting-technologies-4461182165 "HTTP/2 200 OK"
2026-09-05 19:55:20,009 INFO HTTP Request: GET https://nzzrpylddectbapxpazo.supabase.co/rest/v1/jobs?select=id&job_url=eq.https%3A%2F%2Fbg.linkedin.com%2Fjobs%2Fview%2Fsoftware-engineer-at-resaro-4457511508 "HTTP/2 200 OK"
2026-09-05 19:55:20,162 INFO HTTP Request: GET https://nzzrpylddectbapxpazo.supabase.co/rest/v1/jobs?select=id&job_url=eq.https%3A%2F%2Ftr.linkedin.com%2Fjobs%2Fview%2Fbackend-developer-web-platform-at-meatec-battery-intelligence-4461180959 "HTTP/2 200 OK"
2026-09-05 19:55:20,311 INFO HTTP Request: GET https://nzzrpylddectbapxpazo.supabase.co/rest/v1/jobs?select=id&job_url=eq.https%3A%2F%2Fvn.linkedin.com%2Fjobs%2Fview%2Fsenior-backend-engineer-go-java-at-sun-group-4462368474 "HTTP/2 200 OK"
2026-09-05 19:55:20,459 INFO HTTP Request: GET https://nzzrpylddectbapxpazo.supabase.co/rest/v1/jobs?select=id&job_url=eq.https%3A%2F%2Fde.linkedin.com%2Fjobs%2Fview%2Fsoftware-engineer-backend-at-helsing-4349479925 "HTTP/2 200 OK"
2026-09-05 19:55:20,608 INFO HTTP Request: GET https://nzzrpylddectbapxpazo.supabase.co/rest/v1/jobs?select=id&job_url=eq.https%3A%2F%2Fde.linkedin.com%2Fjobs%2Fview%2Fsenior-backend-engineer-platform-team-at-kombo-4463640053 "HTTP/2 200 OK"
2026-09-05 19:55:20,756 INFO HTTP Request: GET https://nzzrpylddectbapxpazo.supabase.co/rest/v1/jobs?select=id&job_url=eq.https%3A%2F%2Fnl.linkedin.com%2Fjobs%2Fview%2Fbackend-developer-at-on-that-ass-4432566558 "HTTP/2 200 OK"
2026-09-05 19:55:20,910 INFO HTTP Request: GET https://nzzrpylddectbapxpazo.supabase.co/rest/v1/jobs?select=id&job_url=eq.https%3A%2F%2Fse.linkedin.com%2Fjobs%2Fview%2Fbackend-software-engineer-go-unifi-os-at-ubiquiti-inc-4407885998 "HTTP/2 200 OK"
2026-09-05 19:55:21,063 INFO HTTP Request: POST https://nzzrpylddectbapxpazo.supabase.co/rest/v1/jobs "HTTP/2 201 Created"
2026-09-05 19:55:21,064 INFO   Saved: Backend Software Engineer (Go) - UniFi OS @ Ubiquiti Inc.
2026-09-05 19:55:24,237 INFO HTTP Request: PATCH https://nzzrpylddectbapxpazo.supabase.co/rest/v1/jobs?id=eq.bd283156-75ac-4fba-9f9c-f57b7b9cf0cd "HTTP/2 200 OK"
2026-09-05 19:55:25,900 INFO HTTP Request: GET https://nzzrpylddectbapxpazo.supabase.co/rest/v1/jobs?select=id&job_url=eq.https%3A%2F%2Ffi.linkedin.com%2Fjobs%2Fview%2Fsoftware-engineer-at-engradar-4463600324 "HTTP/2 200 OK"
2026-09-05 19:55:26,046 INFO HTTP Request: GET https://nzzrpylddectbapxpazo.supabase.co/rest/v1/jobs?select=id&job_url=eq.https%3A%2F%2Fkr.linkedin.com%2Fjobs%2Fview%2Fsdx-backend-developer-robot-smart-factory-at-hyundai-autoever-4426030727 "HTTP/2 200 OK"
2026-09-05 19:55:26,197 INFO HTTP Request: POST https://nzzrpylddectbapxpazo.supabase.co/rest/v1/jobs "HTTP/2 201 Created"
2026-09-05 19:55:26,199 INFO   Saved: [SDx] Backend Developer - Robot/Smart Factory @ Hyundai AutoEver
2026-09-05 19:55:28,761 INFO HTTP Request: PATCH https://nzzrpylddectbapxpazo.supabase.co/rest/v1/jobs?id=eq.eb273033-7fa9-4f28-b05c-2c639a3be999 "HTTP/2 200 OK"
2026-09-05 19:55:30,422 INFO HTTP Request: GET https://nzzrpylddectbapxpazo.supabase.co/rest/v1/jobs?select=id&job_url=eq.https%3A%2F%2Fil.linkedin.com%2Fjobs%2Fview%2Fstaff-software-engineer-at-aidoc-4426742526 "HTTP/2 200 OK"
2026-09-05 19:55:30,576 INFO HTTP Request: POST https://nzzrpylddectbapxpazo.supabase.co/rest/v1/jobs "HTTP/2 201 Created"
2026-09-05 19:55:30,577 INFO   Saved: Staff Software Engineer @ Aidoc
2026-09-05 19:55:33,175 INFO HTTP Request: PATCH https://nzzrpylddectbapxpazo.supabase.co/rest/v1/jobs?id=eq.d756b038-2948-488f-99ed-e655e8a1bd34 "HTTP/2 200 OK"
2026-09-05 19:55:34,818 INFO HTTP Request: GET https://nzzrpylddectbapxpazo.supabase.co/rest/v1/jobs?select=id&job_url=eq.https%3A%2F%2Fde.linkedin.com%2Fjobs%2Fview%2Fsoftware-engineer-ad-platform-all-genders-at-zalando-marketing-services-4461401168 "HTTP/2 200 OK"
2026-09-05 19:55:34,974 INFO HTTP Request: POST https://nzzrpylddectbapxpazo.supabase.co/rest/v1/jobs "HTTP/2 201 Created"
2026-09-05 19:55:34,975 INFO   Saved: Software Engineer Ad Platform (all genders) @ Zalando Marketing Services
2026-09-05 19:55:37,561 INFO HTTP Request: PATCH https://nzzrpylddectbapxpazo.supabase.co/rest/v1/jobs?id=eq.41b1969a-0229-4151-a66e-7e614651d718 "HTTP/2 200 OK"
2026-09-05 19:55:39,206 INFO HTTP Request: GET https://nzzrpylddectbapxpazo.supabase.co/rest/v1/jobs?select=id&job_url=eq.https%3A%2F%2Fil.linkedin.com%2Fjobs%2Fview%2Fsenior-backend-developer-tech-lead-at-drivenets-4391700532 "HTTP/2 200 OK"
2026-09-05 19:55:39,358 INFO HTTP Request: POST https://nzzrpylddectbapxpazo.supabase.co/rest/v1/jobs "HTTP/2 201 Created"
2026-09-05 19:55:39,360 INFO   Saved: Senior Backend Developer /Tech Lead @ DriveNets
2026-09-05 19:55:44,179 INFO HTTP Request: PATCH https://nzzrpylddectbapxpazo.supabase.co/rest/v1/jobs?id=eq.a7a49d49-997a-47e0-84c4-14f53a91ddb6 "HTTP/2 200 OK"
2026-09-05 19:55:45,820 INFO HTTP Request: GET https://nzzrpylddectbapxpazo.supabase.co/rest/v1/jobs?select=id&job_url=eq.https%3A%2F%2Fuk.linkedin.com%2Fjobs%2Fview%2Fbackend-api-engineer-money-as-a-service-at-stripe-4454552291 "HTTP/2 200 OK"
2026-09-05 19:55:45,972 INFO HTTP Request: POST https://nzzrpylddectbapxpazo.supabase.co/rest/v1/jobs "HTTP/2 201 Created"
2026-09-05 19:55:45,974 INFO   Saved: Backend/API Engineer, Money as a Service @ Stripe
2026-09-05 19:55:49,141 INFO HTTP Request: PATCH https://nzzrpylddectbapxpazo.supabase.co/rest/v1/jobs?id=eq.0f3a65b6-bc6f-4421-ad5e-c7ec5cd5f0ae "HTTP/2 200 OK"
2026-09-05 19:55:50,858 INFO HTTP Request: GET https://nzzrpylddectbapxpazo.supabase.co/rest/v1/jobs?select=id&job_url=eq.https%3A%2F%2Ftr.linkedin.com%2Fjobs%2Fview%2Fback-end-developer-at-otodexa-ai-4461167384 "HTTP/2 200 OK"
2026-09-05 19:55:51,011 INFO HTTP Request: POST https://nzzrpylddectbapxpazo.supabase.co/rest/v1/jobs "HTTP/2 201 Created"
2026-09-05 19:55:51,011 INFO   Saved: Back End Developer @ Otodexa.ai
2026-09-05 19:55:53,561 INFO HTTP Request: PATCH https://nzzrpylddectbapxpazo.supabase.co/rest/v1/jobs?id=eq.c3e9bac8-6f80-4196-9f7c-3405e478bda0 "HTTP/2 200 OK"
2026-09-05 19:55:55,227 INFO HTTP Request: GET https://nzzrpylddectbapxpazo.supabase.co/rest/v1/jobs?select=id&job_url=eq.https%3A%2F%2Fvn.linkedin.com%2Fjobs%2Fview%2Fbackend-specialist-hanoi-at-cnk-consulting-vietnam-4462370075 "HTTP/2 200 OK"
2026-09-05 19:55:55,381 INFO HTTP Request: POST https://nzzrpylddectbapxpazo.supabase.co/rest/v1/jobs "HTTP/2 201 Created"
2026-09-05 19:55:55,383 INFO   Saved: Backend Specialist (Hanoi) @ CNK Consulting Vietnam
2026-09-05 19:55:57,761 INFO HTTP Request: PATCH https://nzzrpylddectbapxpazo.supabase.co/rest/v1/jobs?id=eq.50815d94-a9ca-408f-9690-13bf693f7f89 "HTTP/2 200 OK"
2026-09-05 19:55:59,277 INFO   Naukri: Software Engineer Python in Hyderabad
2026-09-05 19:56:06,409 INFO   Found 0 cards
2026-09-05 19:56:18,890 INFO   LinkedIn: Software Engineer Python in Hyderabad -> 25 found
2026-09-05 19:56:18,890 INFO   Naukri: Software Engineer Python in Bangalore
2026-09-05 19:56:26,046 INFO   Found 0 cards
2026-09-05 19:56:38,762 INFO   LinkedIn: Software Engineer Python in Bangalore -> 25 found
2026-09-05 19:56:38,762 INFO   Naukri: Software Engineer Python in Remote
2026-09-05 19:56:45,936 INFO   Found 0 cards
2026-09-05 19:56:58,505 INFO   LinkedIn: Software Engineer Python in Remote -> 25 found
2026-09-05 19:56:59,683 WARNING   YC API returned 406
2026-09-05 19:57:00,407 INFO HTTP Request: GET https://nzzrpylddectbapxpazo.supabase.co/rest/v1/jobs?select=id&job_url=eq.https%3A%2F%2Fhu.linkedin.com%2Fjobs%2Fview%2Fsoftware-engineer-ii-python-supply-demand-at-kpler-4441829596 "HTTP/2 200 OK"
2026-09-05 19:57:00,564 INFO HTTP Request: GET https://nzzrpylddectbapxpazo.supabase.co/rest/v1/jobs?select=id&job_url=eq.https%3A%2F%2Fuk.linkedin.com%2Fjobs%2Fview%2Fsoftware-engineer-ii-python-at-jpmorganchase-4454839882 "HTTP/2 200 OK"
2026-09-05 19:57:00,722 INFO HTTP Request: GET https://nzzrpylddectbapxpazo.supabase.co/rest/v1/jobs?select=id&job_url=eq.https%3A%2F%2Fnl.linkedin.com%2Fjobs%2Fview%2Fpython-software-engineer-knowledge-infrastructure-at-adyen-4462320420 "HTTP/2 200 OK"
2026-09-05 19:57:00,873 INFO HTTP Request: GET https://nzzrpylddectbapxpazo.supabase.co/rest/v1/jobs?select=id&job_url=eq.https%3A%2F%2Fgr.linkedin.com%2Fjobs%2Fview%2Fsoftware-engineer-ii-python-supply-demand-at-kpler-4441835324 "HTTP/2 200 OK"
2026-09-05 19:57:01,039 INFO HTTP Request: POST https://nzzrpylddectbapxpazo.supabase.co/rest/v1/jobs "HTTP/2 201 Created"
2026-09-05 19:57:01,041 INFO   Saved: Software Engineer II (Python) - Supply & Demand @ Kpler
2026-09-05 19:57:03,830 INFO HTTP Request: PATCH https://nzzrpylddectbapxpazo.supabase.co/rest/v1/jobs?id=eq.cb12184c-6133-41fa-b71a-963b895e8dc7 "HTTP/2 200 OK"
2026-09-05 19:57:05,494 INFO HTTP Request: GET https://nzzrpylddectbapxpazo.supabase.co/rest/v1/jobs?select=id&job_url=eq.https%3A%2F%2Fuk.linkedin.com%2Fjobs%2Fview%2Fback-end-engineer-at-renesas-electronics-4417754104 "HTTP/2 200 OK"
2026-09-05 19:57:05,664 INFO HTTP Request: GET https://nzzrpylddectbapxpazo.supabase.co/rest/v1/jobs?select=id&job_url=eq.https%3A%2F%2Fuk.linkedin.com%2Fjobs%2Fview%2Fbackend-engineer-up-to-%25C2%25A3120k-at-dex-4463712335 "HTTP/2 200 OK"
2026-09-05 19:57:05,809 INFO HTTP Request: GET https://nzzrpylddectbapxpazo.supabase.co/rest/v1/jobs?select=id&job_url=eq.https%3A%2F%2Fit.linkedin.com%2Fjobs%2Fview%2Fsoftware-engineer-at-ticketoo-4462804105 "HTTP/2 200 OK"
2026-09-05 19:57:05,960 INFO HTTP Request: GET https://nzzrpylddectbapxpazo.supabase.co/rest/v1/jobs?select=id&job_url=eq.https%3A%2F%2Fch.linkedin.com%2Fjobs%2Fview%2Fsoftware-engineer-integration-at-cdds-4463394534 "HTTP/2 200 OK"
2026-09-05 19:57:06,105 INFO HTTP Request: GET https://nzzrpylddectbapxpazo.supabase.co/rest/v1/jobs?select=id&job_url=eq.https%3A%2F%2Fsk.linkedin.com%2Fjobs%2Fview%2Fpython-software-engineer-ai-security-platform-m-f-n-at-eset-4385072625 "HTTP/2 200 OK"
2026-09-05 19:57:06,248 INFO HTTP Request: GET https://nzzrpylddectbapxpazo.supabase.co/rest/v1/jobs?select=id&job_url=eq.https%3A%2F%2Fuk.linkedin.com%2Fjobs%2Fview%2Fpython-engineer-beacon-%25E2%2580%2593-gas-power-renewables-technology-at-trafigura-4441802206 "HTTP/2 200 OK"
2026-09-05 19:57:06,391 INFO HTTP Request: GET https://nzzrpylddectbapxpazo.supabase.co/rest/v1/jobs?select=id&job_url=eq.https%3A%2F%2Ffi.linkedin.com%2Fjobs%2Fview%2Fsoftware-engineer-at-engradar-4463600324 "HTTP/2 200 OK"
2026-09-05 19:57:06,534 INFO HTTP Request: GET https://nzzrpylddectbapxpazo.supabase.co/rest/v1/jobs?select=id&job_url=eq.https%3A%2F%2Fbg.linkedin.com%2Fjobs%2Fview%2Fsoftware-engineer-at-resaro-4457511508 "HTTP/2 200 OK"
2026-09-05 19:57:06,677 INFO HTTP Request: GET https://nzzrpylddectbapxpazo.supabase.co/rest/v1/jobs?select=id&job_url=eq.https%3A%2F%2Fuk.linkedin.com%2Fjobs%2Fview%2Ffull-stack-engineer-at-hook-4451193600 "HTTP/2 200 OK"
2026-09-05 19:57:06,824 INFO HTTP Request: GET https://nzzrpylddectbapxpazo.supabase.co/rest/v1/jobs?select=id&job_url=eq.https%3A%2F%2Fuk.linkedin.com%2Fjobs%2Fview%2Ffull-stack-software-engineer-at-faculty-4461180468 "HTTP/2 200 OK"
2026-09-05 19:57:06,970 INFO HTTP Request: GET https://nzzrpylddectbapxpazo.supabase.co/rest/v1/jobs?select=id&job_url=eq.https%3A%2F%2Fch.linkedin.com%2Fjobs%2Fview%2Fsenior-backend-engineer-python-at-localbini-4463619029 "HTTP/2 200 OK"
2026-09-05 19:57:07,115 INFO HTTP Request: GET https://nzzrpylddectbapxpazo.supabase.co/rest/v1/jobs?select=id&job_url=eq.https%3A%2F%2Fuk.linkedin.com%2Fjobs%2Fview%2Fpython-software-engineer-iii-at-jpmorganchase-4444454666 "HTTP/2 200 OK"
2026-09-05 19:57:07,262 INFO HTTP Request: GET https://nzzrpylddectbapxpazo.supabase.co/rest/v1/jobs?select=id&job_url=eq.https%3A%2F%2Fuk.linkedin.com%2Fjobs%2Fview%2Fcloud-engineer-python-at-lightfoot-4461175923 "HTTP/2 200 OK"
2026-09-05 19:57:07,406 INFO HTTP Request: GET https://nzzrpylddectbapxpazo.supabase.co/rest/v1/jobs?select=id&job_url=eq.https%3A%2F%2Fnl.linkedin.com%2Fjobs%2Fview%2Fsoftware-engineer-at-station-4461973763 "HTTP/2 200 OK"
2026-09-05 19:57:07,556 INFO HTTP Request: POST https://nzzrpylddectbapxpazo.supabase.co/rest/v1/jobs "HTTP/2 201 Created"
2026-09-05 19:57:07,558 INFO   Saved: Software Engineer @ Station
2026-09-05 19:57:10,409 INFO HTTP Request: PATCH https://nzzrpylddectbapxpazo.supabase.co/rest/v1/jobs?id=eq.98e7e555-c43c-4251-9375-230f2c7f79bc "HTTP/2 200 OK"
2026-09-05 19:57:12,080 INFO HTTP Request: GET https://nzzrpylddectbapxpazo.supabase.co/rest/v1/jobs?select=id&job_url=eq.https%3A%2F%2Fbg.linkedin.com%2Fjobs%2Fview%2Fmid-level-python-developer-genai-at-sopra-steria-4458229485 "HTTP/2 200 OK"
2026-09-05 19:57:12,589 INFO HTTP Request: GET https://nzzrpylddectbapxpazo.supabase.co/rest/v1/jobs?select=id&job_url=eq.https%3A%2F%2Fnl.linkedin.com%2Fjobs%2Fview%2Ffull-stack-software-engineer-angular-python-at-lobster-4461196392 "HTTP/2 200 OK"
2026-09-05 19:57:12,750 INFO HTTP Request: POST https://nzzrpylddectbapxpazo.supabase.co/rest/v1/jobs "HTTP/2 201 Created"
2026-09-05 19:57:12,752 INFO   Saved: Full Stack Software Engineer (Angular/Python) @ Lobster
2026-09-05 19:57:15,331 INFO HTTP Request: PATCH https://nzzrpylddectbapxpazo.supabase.co/rest/v1/jobs?id=eq.cfa1fcb2-219e-4f7e-bcb9-21c52cbd8f9c "HTTP/2 200 OK"
2026-09-05 19:57:16,991 INFO HTTP Request: GET https://nzzrpylddectbapxpazo.supabase.co/rest/v1/jobs?select=id&job_url=eq.https%3A%2F%2Fuk.linkedin.com%2Fjobs%2Fview%2Ffullstack-software-engineer-react-python-up-to-150k-%252B-industry-leading-bonus-at-hunter-bond-4461474075 "HTTP/2 200 OK"
2026-09-05 19:57:17,155 INFO HTTP Request: POST https://nzzrpylddectbapxpazo.supabase.co/rest/v1/jobs "HTTP/2 201 Created"
2026-09-05 19:57:17,156 INFO   Saved: Fullstack Software Engineer (React/Python) - Up to 150k + Industry Leading Bonus @ Hunter Bond
2026-09-05 19:57:19,766 INFO HTTP Request: PATCH https://nzzrpylddectbapxpazo.supabase.co/rest/v1/jobs?id=eq.1fa71eea-7470-4d5e-aa7e-11869a8fb829 "HTTP/2 200 OK"
2026-09-05 19:57:21,416 INFO HTTP Request: GET https://nzzrpylddectbapxpazo.supabase.co/rest/v1/jobs?select=id&job_url=eq.https%3A%2F%2Fpt.linkedin.com%2Fjobs%2Fview%2Fai-engineer-at-axians-portugal-4462358011 "HTTP/2 200 OK"
2026-09-05 19:57:21,572 INFO HTTP Request: POST https://nzzrpylddectbapxpazo.supabase.co/rest/v1/jobs "HTTP/2 201 Created"
2026-09-05 19:57:21,574 INFO   Saved: AI Engineer @ Axians Portugal
2026-09-05 19:57:24,234 INFO HTTP Request: PATCH https://nzzrpylddectbapxpazo.supabase.co/rest/v1/jobs?id=eq.d4c5c49f-1f54-44ba-931b-d3b86b81fd3f "HTTP/2 200 OK"
2026-09-05 19:57:25,897 INFO HTTP Request: GET https://nzzrpylddectbapxpazo.supabase.co/rest/v1/jobs?select=id&job_url=eq.https%3A%2F%2Fbg.linkedin.com%2Fjobs%2Fview%2Fmid-level-python-developer-backend-at-sopra-steria-4458210757 "HTTP/2 200 OK"
2026-09-05 19:57:26,044 INFO HTTP Request: GET https://nzzrpylddectbapxpazo.supabase.co/rest/v1/jobs?select=id&job_url=eq.https%3A%2F%2Fwww.linkedin.com%2Fjobs%2Fview%2Fsoftware-engineer-at-ethosia-4453428031 "HTTP/2 200 OK"
2026-09-05 19:57:26,189 INFO HTTP Request: GET https://nzzrpylddectbapxpazo.supabase.co/rest/v1/jobs?select=id&job_url=eq.https%3A%2F%2Fnl.linkedin.com%2Fjobs%2Fview%2Fai-engineer-at-optiver-4423662270 "HTTP/2 200 OK"
2026-09-05 19:57:26,343 INFO HTTP Request: POST https://nzzrpylddectbapxpazo.supabase.co/rest/v1/jobs "HTTP/2 201 Created"
2026-09-05 19:57:26,344 INFO   Saved: AI Engineer @ Optiver
2026-09-05 19:57:29,189 INFO HTTP Request: PATCH https://nzzrpylddectbapxpazo.supabase.co/rest/v1/jobs?id=eq.2b483c74-5748-4c16-bc9d-102b4219177e "HTTP/2 200 OK"
2026-09-05 19:57:30,695 INFO   Naukri: Data Analyst Python in Hyderabad
2026-09-05 19:57:37,881 INFO   Found 0 cards
2026-09-05 19:57:50,736 INFO   LinkedIn: Data Analyst Python in Hyderabad -> 25 found
2026-09-05 19:57:50,737 INFO   Naukri: Data Analyst Python in Bangalore
2026-09-05 19:57:57,885 INFO   Found 0 cards
2026-09-05 19:58:10,609 INFO   LinkedIn: Data Analyst Python in Bangalore -> 25 found
2026-09-05 19:58:10,609 INFO   Naukri: Data Analyst Python in Remote
2026-09-05 19:58:17,788 INFO   Found 0 cards
2026-09-05 19:58:30,720 INFO   LinkedIn: Data Analyst Python in Remote -> 25 found
2026-09-05 19:58:31,395 WARNING   YC API returned 406
2026-09-05 19:58:31,862 INFO HTTP Request: GET https://nzzrpylddectbapxpazo.supabase.co/rest/v1/jobs?select=id&job_url=eq.https%3A%2F%2Fae.linkedin.com%2Fjobs%2Fview%2Fdata-scientist-python-remote-at-hire-feed-4463689935 "HTTP/2 200 OK"
2026-09-05 19:58:32,023 INFO HTTP Request: GET https://nzzrpylddectbapxpazo.supabase.co/rest/v1/jobs?select=id&job_url=eq.https%3A%2F%2Fcy.linkedin.com%2Fjobs%2Fview%2Fmachine-learning-analyst-data-science-at-criteo-deutschland-4461169481 "HTTP/2 200 OK"
2026-09-05 19:58:32,176 INFO HTTP Request: GET https://nzzrpylddectbapxpazo.supabase.co/rest/v1/jobs?select=id&job_url=eq.https%3A%2F%2Fes.linkedin.com%2Fjobs%2Fview%2Fdata-scientist-deutsche-telekom-m-f-d-at-t-systems-iberia-4410707248 "HTTP/2 200 OK"
2026-09-05 19:58:32,335 INFO HTTP Request: GET https://nzzrpylddectbapxpazo.supabase.co/rest/v1/jobs?select=id&job_url=eq.https%3A%2F%2Fes.linkedin.com%2Fjobs%2Fview%2Fdata-scientist-at-gamblingcareers-com-4463694033 "HTTP/2 200 OK"
2026-09-05 19:58:32,481 INFO HTTP Request: GET https://nzzrpylddectbapxpazo.supabase.co/rest/v1/jobs?select=id&job_url=eq.https%3A%2F%2Far.linkedin.com%2Fjobs%2Fview%2Fdata-scientist-python-remote-at-hire-feed-4463743469 "HTTP/2 200 OK"
2026-09-05 19:58:32,637 INFO HTTP Request: POST https://nzzrpylddectbapxpazo.supabase.co/rest/v1/jobs "HTTP/2 201 Created"
2026-09-05 19:58:32,638 INFO   Saved: Data Scientist - Python (Remote) @ Hire Feed
2026-09-05 19:58:35,376 INFO HTTP Request: PATCH https://nzzrpylddectbapxpazo.supabase.co/rest/v1/jobs?id=eq.f743d9ec-9525-429d-8ff9-85eaf9c0344e "HTTP/2 200 OK"
2026-09-05 19:58:37,042 INFO HTTP Request: GET https://nzzrpylddectbapxpazo.supabase.co/rest/v1/jobs?select=id&job_url=eq.https%3A%2F%2Fuy.linkedin.com%2Fjobs%2Fview%2Fdata-engineer-at-tata-consultancy-services-4463614724 "HTTP/2 200 OK"
2026-09-05 19:58:37,185 INFO HTTP Request: GET https://nzzrpylddectbapxpazo.supabase.co/rest/v1/jobs?select=id&job_url=eq.https%3A%2F%2Fil.linkedin.com%2Fjobs%2Fview%2Fbig-data-analyst-at-similarweb-4408239691 "HTTP/2 200 OK"
2026-09-05 19:58:37,348 INFO HTTP Request: POST https://nzzrpylddectbapxpazo.supabase.co/rest/v1/jobs "HTTP/2 201 Created"
2026-09-05 19:58:37,350 INFO   Saved: Big Data Analyst @ Similarweb
2026-09-05 19:58:39,878 INFO HTTP Request: PATCH https://nzzrpylddectbapxpazo.supabase.co/rest/v1/jobs?id=eq.b8e5afd8-7604-4f2e-9b1f-3c8a0ecfec7c "HTTP/2 200 OK"
2026-09-05 19:58:41,547 INFO HTTP Request: GET https://nzzrpylddectbapxpazo.supabase.co/rest/v1/jobs?select=id&job_url=eq.https%3A%2F%2Fes.linkedin.com%2Fjobs%2Fview%2Fai-developer-at-reclut-4462301657 "HTTP/2 200 OK"
2026-09-05 19:58:41,690 INFO HTTP Request: GET https://nzzrpylddectbapxpazo.supabase.co/rest/v1/jobs?select=id&job_url=eq.https%3A%2F%2Fin.linkedin.com%2Fjobs%2Fview%2Fdata-engineer-at-tata-consultancy-services-4463701953 "HTTP/2 200 OK"
2026-09-05 19:58:41,846 INFO HTTP Request: GET https://nzzrpylddectbapxpazo.supabase.co/rest/v1/jobs?select=id&job_url=eq.https%3A%2F%2Fde.linkedin.com%2Fjobs%2Fview%2Fdata-engineer-data-scientist-m-f-x-at-targomo-4461175384 "HTTP/2 200 OK"
2026-09-05 19:58:41,994 INFO HTTP Request: GET https://nzzrpylddectbapxpazo.supabase.co/rest/v1/jobs?select=id&job_url=eq.https%3A%2F%2Fmk.linkedin.com%2Fjobs%2Fview%2Fdata-engineer-at-nion-4461420177 "HTTP/2 200 OK"
2026-09-05 19:58:42,151 INFO HTTP Request: GET https://nzzrpylddectbapxpazo.supabase.co/rest/v1/jobs?select=id&job_url=eq.https%3A%2F%2Fes.linkedin.com%2Fjobs%2Fview%2Fdata-engineer-at-product-pulse-4462329453 "HTTP/2 200 OK"
2026-09-05 19:58:42,308 INFO HTTP Request: GET https://nzzrpylddectbapxpazo.supabase.co/rest/v1/jobs?select=id&job_url=eq.https%3A%2F%2Fil.linkedin.com%2Fjobs%2Fview%2Fai-data-engineer-at-millennium-4444013243 "HTTP/2 200 OK"
2026-09-05 19:58:42,462 INFO HTTP Request: POST https://nzzrpylddectbapxpazo.supabase.co/rest/v1/jobs "HTTP/2 201 Created"
2026-09-05 19:58:42,463 INFO   Saved: AI Data Engineer @ Millennium
2026-09-05 19:58:44,898 INFO HTTP Request: PATCH https://nzzrpylddectbapxpazo.supabase.co/rest/v1/jobs?id=eq.e2bfb76f-5bc6-4c4d-9204-97d38424e710 "HTTP/2 200 OK"
2026-09-05 19:58:46,535 INFO HTTP Request: GET https://nzzrpylddectbapxpazo.supabase.co/rest/v1/jobs?select=id&job_url=eq.https%3A%2F%2Far.linkedin.com%2Fjobs%2Fview%2Frisk-data-science-analyst-at-prex-4454317091 "HTTP/2 200 OK"
2026-09-05 19:58:46,680 INFO HTTP Request: POST https://nzzrpylddectbapxpazo.supabase.co/rest/v1/jobs "HTTP/2 201 Created"
2026-09-05 19:58:46,681 INFO   Saved: Risk Data Science Analyst @ Prex
2026-09-05 19:58:49,602 INFO HTTP Request: PATCH https://nzzrpylddectbapxpazo.supabase.co/rest/v1/jobs?id=eq.f410a4cc-870d-42bc-8c19-f6294b667594 "HTTP/2 200 OK"
2026-09-05 19:58:51,256 INFO HTTP Request: GET https://nzzrpylddectbapxpazo.supabase.co/rest/v1/jobs?select=id&job_url=eq.https%3A%2F%2Fhu.linkedin.com%2Fjobs%2Fview%2Fsoftware-engineer-ii-python-supply-demand-at-kpler-4441829596 "HTTP/2 200 OK"
2026-09-05 19:58:51,405 INFO HTTP Request: GET https://nzzrpylddectbapxpazo.supabase.co/rest/v1/jobs?select=id&job_url=eq.https%3A%2F%2Fpa.linkedin.com%2Fjobs%2Fview%2Fai-engineer-entry-level-position-at-procter-gamble-4461433168 "HTTP/2 200 OK"
2026-09-05 19:58:51,550 INFO HTTP Request: POST https://nzzrpylddectbapxpazo.supabase.co/rest/v1/jobs "HTTP/2 201 Created"
2026-09-05 19:58:51,552 INFO   Saved: AI Engineer (Entry-Level Position) @ Procter & Gamble
2026-09-05 19:58:54,797 INFO HTTP Request: PATCH https://nzzrpylddectbapxpazo.supabase.co/rest/v1/jobs?id=eq.3a3b9547-d745-4127-b944-5d8809adddc9 "HTTP/2 200 OK"
2026-09-05 19:58:56,446 INFO HTTP Request: GET https://nzzrpylddectbapxpazo.supabase.co/rest/v1/jobs?select=id&job_url=eq.https%3A%2F%2Fsk.linkedin.com%2Fjobs%2Fview%2Fdata-and-analytics-associate-at-swiss-re-4453595580 "HTTP/2 200 OK"
2026-09-05 19:58:56,596 INFO HTTP Request: POST https://nzzrpylddectbapxpazo.supabase.co/rest/v1/jobs "HTTP/2 201 Created"
2026-09-05 19:58:56,597 INFO   Saved: Data and Analytics Associate @ Swiss Re
2026-09-05 19:58:59,030 INFO HTTP Request: PATCH https://nzzrpylddectbapxpazo.supabase.co/rest/v1/jobs?id=eq.57246171-1c59-4897-99da-c9d46f99e82b "HTTP/2 200 OK"
2026-09-05 19:59:00,720 INFO HTTP Request: GET https://nzzrpylddectbapxpazo.supabase.co/rest/v1/jobs?select=id&job_url=eq.https%3A%2F%2Fgr.linkedin.com%2Fjobs%2Fview%2Fsoftware-engineer-ii-python-supply-demand-at-kpler-4441835324 "HTTP/2 200 OK"
2026-09-05 19:59:00,869 INFO HTTP Request: GET https://nzzrpylddectbapxpazo.supabase.co/rest/v1/jobs?select=id&job_url=eq.https%3A%2F%2Fpt.linkedin.com%2Fjobs%2Fview%2Fdata-scientist-at-banco-credibom-sa-4461168608 "HTTP/2 200 OK"
2026-09-05 19:59:01,015 INFO HTTP Request: POST https://nzzrpylddectbapxpazo.supabase.co/rest/v1/jobs "HTTP/2 201 Created"
2026-09-05 19:59:01,016 INFO   Saved: Data Scientist @ Banco Credibom SA
2026-09-05 19:59:03,592 INFO HTTP Request: PATCH https://nzzrpylddectbapxpazo.supabase.co/rest/v1/jobs?id=eq.58941e2e-c14c-421e-861b-482a363fa237 "HTTP/2 200 OK"
2026-09-05 19:59:05,265 INFO HTTP Request: GET https://nzzrpylddectbapxpazo.supabase.co/rest/v1/jobs?select=id&job_url=eq.https%3A%2F%2Fes.linkedin.com%2Fjobs%2Fview%2Fdata-scientist-modelos-comerciales-at-caixabank-4461462192 "HTTP/2 200 OK"
2026-09-05 19:59:05,421 INFO HTTP Request: GET https://nzzrpylddectbapxpazo.supabase.co/rest/v1/jobs?select=id&job_url=eq.https%3A%2F%2Fpt.linkedin.com%2Fjobs%2Fview%2Fdata-mining-analyst-m-f-at-air-liquide-4454560748 "HTTP/2 200 OK"
2026-09-05 19:59:05,598 INFO HTTP Request: POST https://nzzrpylddectbapxpazo.supabase.co/rest/v1/jobs "HTTP/2 201 Created"
2026-09-05 19:59:05,599 INFO   Saved: Data Mining Analyst (m/f) @ Air Liquide
2026-09-05 19:59:08,360 INFO HTTP Request: PATCH https://nzzrpylddectbapxpazo.supabase.co/rest/v1/jobs?id=eq.67155ce9-f3f3-478f-82a5-d8e1d1528d0c "HTTP/2 200 OK"
2026-09-05 19:59:10,029 INFO HTTP Request: GET https://nzzrpylddectbapxpazo.supabase.co/rest/v1/jobs?select=id&job_url=eq.https%3A%2F%2Fgr.linkedin.com%2Fjobs%2Fview%2Fai-data-engineer-at-accenture-greece-4453235995 "HTTP/2 200 OK"
2026-09-05 19:59:10,198 INFO HTTP Request: POST https://nzzrpylddectbapxpazo.supabase.co/rest/v1/jobs "HTTP/2 201 Created"
2026-09-05 19:59:10,200 INFO   Saved: AI & Data Engineer @ Accenture Greece
2026-09-05 19:59:12,895 INFO HTTP Request: PATCH https://nzzrpylddectbapxpazo.supabase.co/rest/v1/jobs?id=eq.32813d56-0e09-4fcf-b55a-76cfb975e845 "HTTP/2 200 OK"
2026-09-05 19:59:14,594 INFO HTTP Request: GET https://nzzrpylddectbapxpazo.supabase.co/rest/v1/jobs?select=id&job_url=eq.https%3A%2F%2Fmx.linkedin.com%2Fjobs%2Fview%2Fdata-scientist-python-remote-at-hired-4463733932 "HTTP/2 200 OK"
2026-09-05 19:59:14,749 INFO HTTP Request: POST https://nzzrpylddectbapxpazo.supabase.co/rest/v1/jobs "HTTP/2 201 Created"
2026-09-05 19:59:14,750 INFO   Saved: Data Scientist - Python (Remote) @ Hired
2026-09-05 19:59:17,451 INFO HTTP Request: PATCH https://nzzrpylddectbapxpazo.supabase.co/rest/v1/jobs?id=eq.fe645250-8ed3-4e73-a9a5-401f02d4fec8 "HTTP/2 200 OK"
2026-09-05 19:59:19,143 INFO HTTP Request: GET https://nzzrpylddectbapxpazo.supabase.co/rest/v1/jobs?select=id&job_url=eq.https%3A%2F%2Fro.linkedin.com%2Fjobs%2Fview%2Fdata-engineer-the-division-2-at-ubisoft-romania-4451244016 "HTTP/2 200 OK"
2026-09-05 19:59:19,307 INFO HTTP Request: POST https://nzzrpylddectbapxpazo.supabase.co/rest/v1/jobs "HTTP/2 201 Created"
2026-09-05 19:59:19,308 INFO   Saved: Data Engineer [The Division 2] @ Ubisoft Romania
2026-09-05 19:59:22,121 INFO HTTP Request: PATCH https://nzzrpylddectbapxpazo.supabase.co/rest/v1/jobs?id=eq.896f02a2-af42-4d90-87c2-e1c20f750e17 "HTTP/2 200 OK"
2026-09-05 19:59:23,788 INFO HTTP Request: GET https://nzzrpylddectbapxpazo.supabase.co/rest/v1/jobs?select=id&job_url=eq.https%3A%2F%2Fza.linkedin.com%2Fjobs%2Fview%2Fdata-scientist-at-tech-mahindra-4462346179 "HTTP/2 200 OK"
2026-09-05 19:59:23,959 INFO HTTP Request: POST https://nzzrpylddectbapxpazo.supabase.co/rest/v1/jobs "HTTP/2 201 Created"
2026-09-05 19:59:23,960 INFO   Saved: Data Scientist @ Tech Mahindra
2026-09-05 19:59:26,472 INFO HTTP Request: PATCH https://nzzrpylddectbapxpazo.supabase.co/rest/v1/jobs?id=eq.5f981d6d-48c9-471b-8dec-9ae0817d6bdf "HTTP/2 200 OK"
2026-09-05 19:59:28,185 INFO 
[OK] Scraping complete: 42 new jobs saved
2026-09-05 19:59:28,388 INFO HTTP Request: POST https://nzzrpylddectbapxpazo.supabase.co/rest/v1/daily_run_logs "HTTP/2 409 Conflict"
2026-09-05 19:59:28,390 ERROR      [ERR] Scraping failed: {'message': 'duplicate key value violates unique constraint "daily_run_logs_run_date_key"', 'code': '23505', 'hint': None, 'details': 'Key (run_date)=(2026-09-05) already exists.'}
2026-09-05 19:59:28,390 INFO 
[2/5] [ATS]  Running ATS matching...
2026-09-05 19:59:29,493 INFO HTTP Request: GET https://nzzrpylddectbapxpazo.supabase.co/rest/v1/jobs?select=id%2Ctitle%2Ccompany%2Cdescription_raw&status=eq.scraped&description_raw=not.is.null&limit=50 "HTTP/2 200 OK"
2026-09-05 20:00:09,568 INFO HTTP Request: PATCH https://nzzrpylddectbapxpazo.supabase.co/rest/v1/jobs?id=eq.1f457dd2-d91a-49f9-9374-3cd512377794 "HTTP/2 200 OK"
2026-09-05 20:00:53,985 INFO HTTP Request: PATCH https://nzzrpylddectbapxpazo.supabase.co/rest/v1/jobs?id=eq.126c273b-15a9-4e47-a731-cdd25f9b690f "HTTP/2 200 OK"
2026-09-05 20:01:13,584 INFO HTTP Request: PATCH https://nzzrpylddectbapxpazo.supabase.co/rest/v1/jobs?id=eq.2429b32a-1954-4cc1-96da-dce7ba3f3bdc "HTTP/2 200 OK"
2026-09-05 20:01:18,552 INFO HTTP Request: PATCH https://nzzrpylddectbapxpazo.supabase.co/rest/v1/jobs?id=eq.9182e8cb-d325-4f88-949b-0da212babe7d "HTTP/2 200 OK"
2026-09-05 20:01:37,966 INFO HTTP Request: PATCH https://nzzrpylddectbapxpazo.supabase.co/rest/v1/jobs?id=eq.e57d11ef-0af9-49ca-9e16-627aa3fe6b0b "HTTP/2 200 OK"
2026-09-05 20:02:02,669 INFO HTTP Request: PATCH https://nzzrpylddectbapxpazo.supabase.co/rest/v1/jobs?id=eq.5547214a-5503-4cf4-815e-04d8681a105d "HTTP/2 200 OK"
2026-09-05 20:02:27,490 INFO HTTP Request: PATCH https://nzzrpylddectbapxpazo.supabase.co/rest/v1/jobs?id=eq.195131ee-2cd0-4ade-a821-04ee5b66297f "HTTP/2 200 OK"
2026-09-05 20:02:51,464 INFO HTTP Request: PATCH https://nzzrpylddectbapxpazo.supabase.co/rest/v1/jobs?id=eq.17651e84-1a8f-4671-95df-4b092c18a851 "HTTP/2 200 OK"
2026-09-05 20:03:15,789 INFO HTTP Request: PATCH https://nzzrpylddectbapxpazo.supabase.co/rest/v1/jobs?id=eq.55339b34-7ea0-46a2-85e9-901d103e9c9b "HTTP/2 200 OK"
2026-09-05 20:03:39,986 INFO HTTP Request: PATCH https://nzzrpylddectbapxpazo.supabase.co/rest/v1/jobs?id=eq.23b8b41a-58df-48d6-b265-f6fbe7c385df "HTTP/2 200 OK"
2026-09-05 20:04:03,821 INFO HTTP Request: PATCH https://nzzrpylddectbapxpazo.supabase.co/rest/v1/jobs?id=eq.28169455-8a22-4a5a-81bc-bff5c091d254 "HTTP/2 200 OK"
2026-09-05 20:04:28,769 INFO HTTP Request: PATCH https://nzzrpylddectbapxpazo.supabase.co/rest/v1/jobs?id=eq.e267ff13-2f87-4413-ad73-71e4babc82b4 "HTTP/2 200 OK"
2026-09-05 20:04:53,689 INFO HTTP Request: PATCH https://nzzrpylddectbapxpazo.supabase.co/rest/v1/jobs?id=eq.9bc3a141-0db8-4e4b-8cef-481bb08662bf "HTTP/2 200 OK"
2026-09-05 20:05:21,991 INFO HTTP Request: PATCH https://nzzrpylddectbapxpazo.supabase.co/rest/v1/jobs?id=eq.d69a2eea-f534-4e60-95d1-4eac0077d5a7 "HTTP/2 200 OK"
2026-09-05 20:05:46,882 INFO HTTP Request: PATCH https://nzzrpylddectbapxpazo.supabase.co/rest/v1/jobs?id=eq.b91880c5-a274-4df6-b53c-59f3b8c94568 "HTTP/2 200 OK"
2026-09-05 20:06:11,450 INFO HTTP Request: PATCH https://nzzrpylddectbapxpazo.supabase.co/rest/v1/jobs?id=eq.3526c824-0c17-42b3-825f-ccb61fc17d09 "HTTP/2 200 OK"
2026-09-05 20:06:36,874 INFO HTTP Request: PATCH https://nzzrpylddectbapxpazo.supabase.co/rest/v1/jobs?id=eq.eefc7a5a-5861-43be-b8fa-5630673e6b44 "HTTP/2 200 OK"
2026-09-05 20:07:01,212 INFO HTTP Request: PATCH https://nzzrpylddectbapxpazo.supabase.co/rest/v1/jobs?id=eq.e67ee171-fb62-4a9d-a33d-125786b3df43 "HTTP/2 200 OK"
2026-09-05 20:07:26,396 INFO HTTP Request: PATCH https://nzzrpylddectbapxpazo.supabase.co/rest/v1/jobs?id=eq.727edc23-6f93-4d15-959d-ca3374e39748 "HTTP/2 200 OK"
2026-09-05 20:07:52,228 INFO HTTP Request: PATCH https://nzzrpylddectbapxpazo.supabase.co/rest/v1/jobs?id=eq.bf27d9dc-65e7-4fbc-be4f-fb935b154442 "HTTP/2 200 OK"
2026-09-05 20:08:18,032 INFO HTTP Request: PATCH https://nzzrpylddectbapxpazo.supabase.co/rest/v1/jobs?id=eq.f4f51ae9-0801-4dc0-a061-b82f20b7597e "HTTP/2 200 OK"
2026-09-05 20:08:42,283 INFO HTTP Request: PATCH https://nzzrpylddectbapxpazo.supabase.co/rest/v1/jobs?id=eq.fde3c59c-be40-4991-8ca6-97064c31e6be "HTTP/2 200 OK"
2026-09-05 20:09:06,683 INFO HTTP Request: PATCH https://nzzrpylddectbapxpazo.supabase.co/rest/v1/jobs?id=eq.d901b06a-06ea-42ad-8e15-58b9d35d958d "HTTP/2 200 OK"
2026-09-05 20:09:31,201 INFO HTTP Request: PATCH https://nzzrpylddectbapxpazo.supabase.co/rest/v1/jobs?id=eq.b248b136-1d67-4ce3-b559-4d307102318e "HTTP/2 200 OK"
2026-09-05 20:09:56,240 INFO HTTP Request: PATCH https://nzzrpylddectbapxpazo.supabase.co/rest/v1/jobs?id=eq.b21ff91d-af9d-480a-acc4-3fa49793af38 "HTTP/2 200 OK"
2026-09-05 20:10:20,972 INFO HTTP Request: PATCH https://nzzrpylddectbapxpazo.supabase.co/rest/v1/jobs?id=eq.b2480762-9fe2-4c17-9699-eb36f89004f4 "HTTP/2 200 OK"
2026-09-05 20:10:46,321 INFO HTTP Request: PATCH https://nzzrpylddectbapxpazo.supabase.co/rest/v1/jobs?id=eq.8f040104-b3f3-4485-9487-d91d9a227ca5 "HTTP/2 200 OK"
2026-09-05 20:11:13,290 INFO HTTP Request: PATCH https://nzzrpylddectbapxpazo.supabase.co/rest/v1/jobs?id=eq.7539ce7b-6ee6-46bf-9557-7ed15268cfbc "HTTP/2 200 OK"
2026-09-05 20:11:41,661 INFO HTTP Request: PATCH https://nzzrpylddectbapxpazo.supabase.co/rest/v1/jobs?id=eq.80bd4393-712e-4074-a762-52beae8086fc "HTTP/2 200 OK"
2026-09-05 20:12:08,137 INFO HTTP Request: PATCH https://nzzrpylddectbapxpazo.supabase.co/rest/v1/jobs?id=eq.c1cd477e-6def-485e-91bf-84f65d5fe3d8 "HTTP/2 200 OK"
2026-09-05 20:12:35,698 INFO HTTP Request: PATCH https://nzzrpylddectbapxpazo.supabase.co/rest/v1/jobs?id=eq.677ee971-d6b5-4c57-bebd-b14744fb3812 "HTTP/2 200 OK"
2026-09-05 20:13:02,804 INFO HTTP Request: PATCH https://nzzrpylddectbapxpazo.supabase.co/rest/v1/jobs?id=eq.6da071a9-f16a-43dd-8bf3-7d54db5ee2e2 "HTTP/2 200 OK"
2026-09-05 20:13:30,315 INFO HTTP Request: PATCH https://nzzrpylddectbapxpazo.supabase.co/rest/v1/jobs?id=eq.2deeba3b-fbe3-4eb1-a094-be5685e841ac "HTTP/2 200 OK"
2026-09-05 20:13:57,168 INFO HTTP Request: PATCH https://nzzrpylddectbapxpazo.supabase.co/rest/v1/jobs?id=eq.df26ebee-7082-4a95-97c5-18bd087e6ee0 "HTTP/2 200 OK"
2026-09-05 20:14:23,446 INFO HTTP Request: PATCH https://nzzrpylddectbapxpazo.supabase.co/rest/v1/jobs?id=eq.aecdfc0d-5392-4ca5-b28d-418762a8ef76 "HTTP/2 200 OK"
2026-09-05 20:14:48,927 INFO HTTP Request: PATCH https://nzzrpylddectbapxpazo.supabase.co/rest/v1/jobs?id=eq.f523e277-1b52-439e-92c2-0cf2764a0814 "HTTP/2 200 OK"
2026-09-05 20:15:14,396 INFO HTTP Request: PATCH https://nzzrpylddectbapxpazo.supabase.co/rest/v1/jobs?id=eq.ac5f71b8-534d-4940-bf39-c9fef0147175 "HTTP/2 200 OK"
2026-09-05 20:15:40,729 INFO HTTP Request: PATCH https://nzzrpylddectbapxpazo.supabase.co/rest/v1/jobs?id=eq.b51d3f56-26cb-4c48-b099-f73c967f4e11 "HTTP/2 200 OK"
2026-09-05 20:16:06,917 INFO HTTP Request: PATCH https://nzzrpylddectbapxpazo.supabase.co/rest/v1/jobs?id=eq.b64c1450-08dd-4611-8d78-fbe70bba754d "HTTP/2 200 OK"
2026-09-05 20:16:33,495 INFO HTTP Request: PATCH https://nzzrpylddectbapxpazo.supabase.co/rest/v1/jobs?id=eq.a42fb877-fcc9-4bc7-bf7e-5fbe782ab218 "HTTP/2 200 OK"
2026-09-05 20:16:59,758 INFO HTTP Request: PATCH https://nzzrpylddectbapxpazo.supabase.co/rest/v1/jobs?id=eq.6b8fb7f6-86c9-468c-b3f5-ccf2d56698e4 "HTTP/2 200 OK"
2026-09-05 20:17:26,473 INFO HTTP Request: PATCH https://nzzrpylddectbapxpazo.supabase.co/rest/v1/jobs?id=eq.a4275796-4b0a-4dc0-88e1-f2127abac727 "HTTP/2 200 OK"
2026-09-05 20:17:52,954 INFO HTTP Request: PATCH https://nzzrpylddectbapxpazo.supabase.co/rest/v1/jobs?id=eq.cb3ebf14-139d-41a8-b609-67f85ff688fd "HTTP/2 200 OK"
2026-09-05 20:18:19,836 INFO HTTP Request: PATCH https://nzzrpylddectbapxpazo.supabase.co/rest/v1/jobs?id=eq.d665d74d-7c18-40ef-ae0b-4a84ba676529 "HTTP/2 200 OK"
2026-09-05 20:18:49,738 INFO HTTP Request: PATCH https://nzzrpylddectbapxpazo.supabase.co/rest/v1/jobs?id=eq.9f9cab8d-205d-49c1-bdeb-fdadfb7be646 "HTTP/2 200 OK"
2026-09-05 20:19:17,005 INFO HTTP Request: PATCH https://nzzrpylddectbapxpazo.supabase.co/rest/v1/jobs?id=eq.5b77e8ab-7500-437f-8eb2-36b4f2ff89ff "HTTP/2 200 OK"
2026-09-05 20:19:44,485 INFO HTTP Request: PATCH https://nzzrpylddectbapxpazo.supabase.co/rest/v1/jobs?id=eq.4c694f71-bbaa-4936-9324-844d03aa7081 "HTTP/2 200 OK"
2026-09-05 20:20:10,880 INFO HTTP Request: PATCH https://nzzrpylddectbapxpazo.supabase.co/rest/v1/jobs?id=eq.d368cc49-93c3-4913-a307-b1523187bc6c "HTTP/2 200 OK"
2026-09-05 20:20:37,481 INFO HTTP Request: PATCH https://nzzrpylddectbapxpazo.supabase.co/rest/v1/jobs?id=eq.df28c6ff-c973-47c3-a719-b46927964062 "HTTP/2 200 OK"
2026-09-05 20:21:04,287 INFO HTTP Request: PATCH https://nzzrpylddectbapxpazo.supabase.co/rest/v1/jobs?id=eq.f6563df6-327f-45eb-9557-883c30b57fd7 "HTTP/2 200 OK"
2026-09-05 20:21:04,289 INFO      [OK] Matched 0 qualifying jobs
2026-09-05 20:21:04,289 INFO 
[3/5] [APPLY]  Auto-applying to top matches...
2026-09-05 20:21:04,574 INFO HTTP Request: GET https://nzzrpylddectbapxpazo.supabase.co/rest/v1/jobs?select=id%2Ctitle%2Ccompany%2Cats_score%2Capply_url%2Cplatform&status=eq.matched&ats_score=gte.75&order=ats_score.desc&limit=20 "HTTP/2 200 OK"
2026-09-05 20:21:04,577 INFO      [OK] Auto-applied to 0 jobs
2026-09-05 20:21:04,578 INFO 
[4/5] [EMAIL]  Sending cold outreach emails...
2026-09-05 20:21:07,167 INFO HTTP Request: GET https://nzzrpylddectbapxpazo.supabase.co/rest/v1/outreach_logs?select=id&status=eq.sent&sent_at=gte.2026-09-05T00%3A00%3A00 "HTTP/2 200 OK"
2026-09-05 20:21:07,597 INFO HTTP Request: GET https://nzzrpylddectbapxpazo.supabase.co/rest/v1/jobs?select=id%2Ctitle%2Ccompany%2Ccompany_domain%2Clocation%2Cdescription_raw%2Cats_score%2Capply_url%2Cmatched_keywords&status=in.%28matched%2Cauto_applied%29&ats_score=gte.70&order=ats_score.desc&limit=15 "HTTP/2 200 OK"
2026-09-05 20:21:07,598 INFO [MAIL] Outreach done: 0 emails sent
2026-09-05 20:21:07,598 INFO      [OK] Sent 0 cold emails
2026-09-05 20:21:07,599 INFO 
[5/5] [POST]  Publishing LinkedIn posts...
2026-09-05 20:21:09,091 INFO HTTP Request: GET https://nzzrpylddectbapxpazo.supabase.co/rest/v1/linkedin_posts?select=%2A&status=in.%28scheduled%29&scheduled_for=lte.2026-09-05T14%3A51%3A08.253527%2B00%3A00 "HTTP/2 200 OK"
2026-09-05 20:21:09,093 INFO Published 0 due posts
2026-09-05 20:21:09,317 INFO HTTP Request: POST https://nzzrpylddectbapxpazo.supabase.co/rest/v1/daily_run_logs?on_conflict=run_date "HTTP/2 200 OK"
2026-09-05 20:21:09,318 INFO      [OK] Published 0 LinkedIn posts
2026-09-05 20:21:09,483 INFO HTTP Request: GET https://nzzrpylddectbapxpazo.supabase.co/rest/v1/daily_run_logs?select=id&run_date=eq.2026-09-05 "HTTP/2 200 OK"
2026-09-05 20:21:09,649 INFO HTTP Request: PATCH https://nzzrpylddectbapxpazo.supabase.co/rest/v1/daily_run_logs?run_date=eq.2026-09-05 "HTTP/2 200 OK"
2026-09-05 20:21:09,651 INFO 
[NOTIFY] Sending daily summary notification...
2026-09-05 20:21:09,813 INFO HTTP Request: GET https://nzzrpylddectbapxpazo.supabase.co/rest/v1/daily_run_logs?select=%2A&run_date=eq.2026-09-05 "HTTP/2 200 OK"
2026-09-05 20:21:09,983 INFO HTTP Request: GET https://nzzrpylddectbapxpazo.supabase.co/rest/v1/applications?select=%2A%2Cjobs%28title%2Ccompany%2Clocation%2Cats_score%29&applied_at=gte.2026-09-05T00%3A00%3A00&order=applied_at.desc&limit=5 "HTTP/2 200 OK"
2026-09-05 20:21:10,148 INFO HTTP Request: GET https://nzzrpylddectbapxpazo.supabase.co/rest/v1/outreach_logs?select=%2A%2Crecruiters%28name%2Ccompany%29&status=eq.sent&sent_at=gte.2026-09-05T00%3A00%3A00 "HTTP/2 200 OK"
2026-09-05 20:21:10,314 INFO HTTP Request: GET https://nzzrpylddectbapxpazo.supabase.co/rest/v1/jobs?select=title%2Ccompany%2Cats_score%2Capply_url&status=eq.matched&ats_score=gte.80&limit=5 "HTTP/2 200 OK"
2026-09-05 20:21:11,037 INFO   [NOTIFY] Telegram notification sent
2026-09-05 20:21:11,039 INFO 
============================================================
2026-09-05 20:21:11,040 INFO [OK] DAILY RUN COMPLETE
2026-09-05 20:21:11,041 INFO    Scraped: 0 | Matched: 0
2026-09-05 20:21:11,041 INFO    Applied: 0 | Emailed: 0
2026-09-05 20:21:11,042 INFO    Errors: 1
2026-09-05 20:21:11,042 INFO ============================================================
2026-09-05 20:54:45,070 INFO ============================================================
2026-09-05 20:54:45,072 INFO [START] DAILY JOB ENGINE RUN — 2026-09-05T15:24:45.072305+00:00
2026-09-05 20:54:45,072 INFO ============================================================
2026-09-05 20:54:45,073 INFO 
[1/5] [SCRAPE]  Scraping job boards...
2026-09-05 20:54:46,703 INFO   Naukri: Python Developer in Hyderabad
2026-09-05 20:54:56,949 INFO   Found 0 cards
2026-09-05 20:55:11,150 INFO   LinkedIn: Python Developer in Hyderabad -> 0 found
2026-09-05 20:55:11,151 INFO   Naukri: Python Developer in Bangalore
2026-09-05 20:55:18,364 INFO   Found 0 cards
2026-09-05 20:55:23,568 ERROR LinkedIn error: Page.goto: net::ERR_TOO_MANY_REDIRECTS at https://www.linkedin.com/jobs/search/?keywords=Python%20Developer&location=Bangalore&f_TPR=r86400&f_E=1%2C2
Call log:
  - navigating to "https://www.linkedin.com/jobs/search/?keywords=Python%20Developer&location=Bangalore&f_TPR=r86400&f_E=1%2C2", waiting until "domcontentloaded"

2026-09-05 20:55:23,569 INFO   Naukri: Python Developer in Remote
2026-09-05 20:55:23,672 ERROR Naukri error: Page.goto: Navigation to "https://www.naukri.com/python-developer-jobs-in-remote?experience=0-2&jobAge=1" is interrupted by another navigation to "chrome-error://chromewebdata/"
Call log:
  - navigating to "https://www.naukri.com/python-developer-jobs-in-remote?experience=0-2&jobAge=1", waiting until "networkidle"

2026-09-05 20:55:23,939 ERROR LinkedIn error: Page.goto: Navigation to "https://www.linkedin.com/jobs/search/?keywords=Python%20Developer&location=Remote&f_TPR=r86400&f_E=1%2C2" is interrupted by another navigation to "https://www.naukri.com/python-developer-jobs-in-remote?experience=0-2&jobAge=1"
Call log:
  - navigating to "https://www.linkedin.com/jobs/search/?keywords=Python%20Developer&location=Remote&f_TPR=r86400&f_E=1%2C2", waiting until "domcontentloaded"

2026-09-05 20:55:25,132 WARNING   YC API returned 406
2026-09-05 20:55:25,133 INFO   Naukri: Django Developer in Hyderabad
2026-09-05 20:55:32,402 INFO   Found 0 cards
2026-09-05 20:55:43,762 INFO   LinkedIn: Django Developer in Hyderabad -> 0 found
2026-09-05 20:55:43,762 INFO   Naukri: Django Developer in Bangalore
2026-09-05 20:55:50,942 INFO   Found 0 cards
2026-09-05 20:56:02,331 INFO   LinkedIn: Django Developer in Bangalore -> 0 found
2026-09-05 20:56:02,332 INFO   Naukri: Django Developer in Remote
2026-09-05 20:56:09,489 INFO   Found 0 cards
2026-09-05 20:56:20,886 INFO   LinkedIn: Django Developer in Remote -> 0 found
2026-09-05 20:56:22,076 WARNING   YC API returned 406
2026-09-05 20:56:22,076 INFO   Naukri: Backend Developer in Hyderabad
2026-09-05 20:56:30,923 INFO   Found 0 cards
2026-09-05 20:56:37,049 ERROR LinkedIn error: Page.goto: net::ERR_TOO_MANY_REDIRECTS at https://www.linkedin.com/jobs/search/?keywords=Backend%20Developer&location=Hyderabad&f_TPR=r86400&f_E=1%2C2
Call log:
  - navigating to "https://www.linkedin.com/jobs/search/?keywords=Backend%20Developer&location=Hyderabad&f_TPR=r86400&f_E=1%2C2", waiting until "domcontentloaded"

2026-09-05 20:56:37,051 INFO   Naukri: Backend Developer in Bangalore
2026-09-05 20:56:37,156 ERROR Naukri error: Page.goto: Navigation to "https://www.naukri.com/backend-developer-jobs-in-bangalore?experience=0-2&jobAge=1" is interrupted by another navigation to "chrome-error://chromewebdata/"
Call log:
  - navigating to "https://www.naukri.com/backend-developer-jobs-in-bangalore?experience=0-2&jobAge=1", waiting until "networkidle"

2026-09-05 20:56:37,419 ERROR LinkedIn error: Page.goto: Navigation to "https://www.linkedin.com/jobs/search/?keywords=Backend%20Developer&location=Bangalore&f_TPR=r86400&f_E=1%2C2" is interrupted by another navigation to "https://www.naukri.com/backend-developer-jobs-in-bangalore?experience=0-2&jobAge=1"
Call log:
  - navigating to "https://www.linkedin.com/jobs/search/?keywords=Backend%20Developer&location=Bangalore&f_TPR=r86400&f_E=1%2C2", waiting until "domcontentloaded"

2026-09-05 20:56:37,420 INFO   Naukri: Backend Developer in Remote
2026-09-05 20:56:37,498 ERROR Naukri error: Page.goto: Navigation to "https://www.naukri.com/backend-developer-jobs-in-remote?experience=0-2&jobAge=1" is interrupted by another navigation to "https://www.linkedin.com/jobs/search/?keywords=Backend%20Developer&location=Bangalore&f_TPR=r86400&f_E=1%2C2"
Call log:
  - navigating to "https://www.naukri.com/backend-developer-jobs-in-remote?experience=0-2&jobAge=1", waiting until "networkidle"

2026-09-05 20:56:37,928 ERROR LinkedIn error: Page.goto: Navigation to "https://www.linkedin.com/jobs/search/?keywords=Backend%20Developer&location=Remote&f_TPR=r86400&f_E=1%2C2" is interrupted by another navigation to "https://www.naukri.com/backend-developer-jobs-in-remote?experience=0-2&jobAge=1"
Call log:
  - navigating to "https://www.linkedin.com/jobs/search/?keywords=Backend%20Developer&location=Remote&f_TPR=r86400&f_E=1%2C2", waiting until "domcontentloaded"

2026-09-05 20:56:39,891 WARNING   YC API returned 406
2026-09-05 20:56:39,892 INFO   Naukri: Software Engineer Python in Hyderabad
2026-09-05 20:56:47,103 INFO   Found 0 cards
2026-09-05 20:56:58,494 INFO   LinkedIn: Software Engineer Python in Hyderabad -> 0 found
2026-09-05 20:56:58,496 INFO   Naukri: Software Engineer Python in Bangalore
2026-09-05 20:57:05,693 INFO   Found 0 cards
2026-09-05 20:57:17,061 INFO   LinkedIn: Software Engineer Python in Bangalore -> 0 found
2026-09-05 20:57:17,062 INFO   Naukri: Software Engineer Python in Remote
2026-09-05 20:57:24,223 INFO   Found 0 cards
2026-09-05 20:57:35,625 INFO   LinkedIn: Software Engineer Python in Remote -> 0 found
2026-09-05 20:57:37,422 WARNING   YC API returned 406
2026-09-05 20:57:37,423 INFO   Naukri: Data Analyst Python in Hyderabad
2026-09-05 20:57:44,630 INFO   Found 0 cards
2026-09-05 20:57:51,910 ERROR LinkedIn error: Page.goto: net::ERR_TOO_MANY_REDIRECTS at https://www.linkedin.com/jobs/search/?keywords=Data%20Analyst%20Python&location=Hyderabad&f_TPR=r86400&f_E=1%2C2
Call log:
  - navigating to "https://www.linkedin.com/jobs/search/?keywords=Data%20Analyst%20Python&location=Hyderabad&f_TPR=r86400&f_E=1%2C2", waiting until "domcontentloaded"

2026-09-05 20:57:51,910 INFO   Naukri: Data Analyst Python in Bangalore
2026-09-05 20:57:52,017 ERROR Naukri error: Page.goto: Navigation to "https://www.naukri.com/data-analyst-python-jobs-in-bangalore?experience=0-2&jobAge=1" is interrupted by another navigation to "chrome-error://chromewebdata/"
Call log:
  - navigating to "https://www.naukri.com/data-analyst-python-jobs-in-bangalore?experience=0-2&jobAge=1", waiting until "networkidle"

2026-09-05 20:57:52,280 ERROR LinkedIn error: Page.goto: Navigation to "https://www.linkedin.com/jobs/search/?keywords=Data%20Analyst%20Python&location=Bangalore&f_TPR=r86400&f_E=1%2C2" is interrupted by another navigation to "https://www.naukri.com/data-analyst-python-jobs-in-bangalore?experience=0-2&jobAge=1"
Call log:
  - navigating to "https://www.linkedin.com/jobs/search/?keywords=Data%20Analyst%20Python&location=Bangalore&f_TPR=r86400&f_E=1%2C2", waiting until "domcontentloaded"

2026-09-05 20:57:52,281 INFO   Naukri: Data Analyst Python in Remote
2026-09-05 20:57:52,390 ERROR Naukri error: Page.goto: Navigation to "https://www.naukri.com/data-analyst-python-jobs-in-remote?experience=0-2&jobAge=1" is interrupted by another navigation to "https://www.linkedin.com/jobs/search/?keywords=Data%20Analyst%20Python&location=Bangalore&f_TPR=r86400&f_E=1%2C2"
Call log:
  - navigating to "https://www.naukri.com/data-analyst-python-jobs-in-remote?experience=0-2&jobAge=1", waiting until "networkidle"

2026-09-05 20:57:52,646 ERROR LinkedIn error: Page.goto: Navigation to "https://www.linkedin.com/jobs/search/?keywords=Data%20Analyst%20Python&location=Remote&f_TPR=r86400&f_E=1%2C2" is interrupted by another navigation to "https://www.naukri.com/data-analyst-python-jobs-in-remote?experience=0-2&jobAge=1"
Call log:
  - navigating to "https://www.linkedin.com/jobs/search/?keywords=Data%20Analyst%20Python&location=Remote&f_TPR=r86400&f_E=1%2C2", waiting until "domcontentloaded"

2026-09-05 20:57:54,363 WARNING   YC API returned 406
2026-09-05 20:57:54,539 INFO 
[OK] Scraping complete: 0 new jobs saved
2026-09-05 20:57:57,816 INFO HTTP Request: POST https://nzzrpylddectbapxpazo.supabase.co/rest/v1/daily_run_logs "HTTP/2 409 Conflict"
2026-09-05 20:57:57,821 ERROR      [ERR] Scraping failed: {'message': 'duplicate key value violates unique constraint "daily_run_logs_run_date_key"', 'code': '23505', 'hint': None, 'details': 'Key (run_date)=(2026-09-05) already exists.'}
2026-09-05 20:57:57,822 INFO 
[2/5] [ATS]  Running ATS matching...
2026-09-05 20:57:59,916 INFO HTTP Request: GET https://nzzrpylddectbapxpazo.supabase.co/rest/v1/jobs?select=id%2Ctitle%2Ccompany%2Cdescription_raw&status=eq.scraped&description_raw=not.is.null&limit=50 "HTTP/2 200 OK"
2026-09-05 20:58:27,249 INFO HTTP Request: PATCH https://nzzrpylddectbapxpazo.supabase.co/rest/v1/jobs?id=eq.f6563df6-327f-45eb-9557-883c30b57fd7 "HTTP/2 200 OK"
2026-09-05 20:58:51,815 INFO HTTP Request: PATCH https://nzzrpylddectbapxpazo.supabase.co/rest/v1/jobs?id=eq.1f457dd2-d91a-49f9-9374-3cd512377794 "HTTP/2 200 OK"
2026-09-05 20:59:17,598 INFO HTTP Request: PATCH https://nzzrpylddectbapxpazo.supabase.co/rest/v1/jobs?id=eq.126c273b-15a9-4e47-a731-cdd25f9b690f "HTTP/2 200 OK"
2026-09-05 20:59:45,980 INFO HTTP Request: PATCH https://nzzrpylddectbapxpazo.supabase.co/rest/v1/jobs?id=eq.2429b32a-1954-4cc1-96da-dce7ba3f3bdc "HTTP/2 200 OK"
2026-09-05 21:00:10,763 INFO HTTP Request: PATCH https://nzzrpylddectbapxpazo.supabase.co/rest/v1/jobs?id=eq.9182e8cb-d325-4f88-949b-0da212babe7d "HTTP/2 200 OK"
2026-09-05 21:00:35,791 INFO HTTP Request: PATCH https://nzzrpylddectbapxpazo.supabase.co/rest/v1/jobs?id=eq.e57d11ef-0af9-49ca-9e16-627aa3fe6b0b "HTTP/2 200 OK"
2026-09-05 21:01:00,739 INFO HTTP Request: PATCH https://nzzrpylddectbapxpazo.supabase.co/rest/v1/jobs?id=eq.17651e84-1a8f-4671-95df-4b092c18a851 "HTTP/2 200 OK"
2026-09-05 21:01:26,205 INFO HTTP Request: PATCH https://nzzrpylddectbapxpazo.supabase.co/rest/v1/jobs?id=eq.55339b34-7ea0-46a2-85e9-901d103e9c9b "HTTP/2 200 OK"
2026-09-05 21:01:53,267 INFO HTTP Request: PATCH https://nzzrpylddectbapxpazo.supabase.co/rest/v1/jobs?id=eq.28169455-8a22-4a5a-81bc-bff5c091d254 "HTTP/2 200 OK"
2026-09-05 21:02:18,597 INFO HTTP Request: PATCH https://nzzrpylddectbapxpazo.supabase.co/rest/v1/jobs?id=eq.9bc3a141-0db8-4e4b-8cef-481bb08662bf "HTTP/2 200 OK"
2026-09-05 21:02:43,393 INFO HTTP Request: PATCH https://nzzrpylddectbapxpazo.supabase.co/rest/v1/jobs?id=eq.d69a2eea-f534-4e60-95d1-4eac0077d5a7 "HTTP/2 200 OK"
2026-09-05 21:03:09,136 INFO HTTP Request: PATCH https://nzzrpylddectbapxpazo.supabase.co/rest/v1/jobs?id=eq.e67ee171-fb62-4a9d-a33d-125786b3df43 "HTTP/2 200 OK"
2026-09-05 21:03:33,471 INFO HTTP Request: PATCH https://nzzrpylddectbapxpazo.supabase.co/rest/v1/jobs?id=eq.727edc23-6f93-4d15-959d-ca3374e39748 "HTTP/2 200 OK"
2026-09-05 21:03:58,414 INFO HTTP Request: PATCH https://nzzrpylddectbapxpazo.supabase.co/rest/v1/jobs?id=eq.bf27d9dc-65e7-4fbc-be4f-fb935b154442 "HTTP/2 200 OK"
2026-09-05 21:04:23,904 INFO HTTP Request: PATCH https://nzzrpylddectbapxpazo.supabase.co/rest/v1/jobs?id=eq.eefc7a5a-5861-43be-b8fa-5630673e6b44 "HTTP/2 200 OK"
2026-09-05 21:04:48,939 INFO HTTP Request: PATCH https://nzzrpylddectbapxpazo.supabase.co/rest/v1/jobs?id=eq.b2480762-9fe2-4c17-9699-eb36f89004f4 "HTTP/2 200 OK"
2026-09-05 21:05:21,054 INFO HTTP Request: PATCH https://nzzrpylddectbapxpazo.supabase.co/rest/v1/jobs?id=eq.80bd4393-712e-4074-a762-52beae8086fc "HTTP/2 200 OK"
2026-09-05 21:05:46,504 INFO HTTP Request: PATCH https://nzzrpylddectbapxpazo.supabase.co/rest/v1/jobs?id=eq.c1cd477e-6def-485e-91bf-84f65d5fe3d8 "HTTP/2 200 OK"
2026-09-05 21:06:10,781 INFO HTTP Request: PATCH https://nzzrpylddectbapxpazo.supabase.co/rest/v1/jobs?id=eq.fde3c59c-be40-4991-8ca6-97064c31e6be "HTTP/2 200 OK"
2026-09-05 21:06:35,057 INFO HTTP Request: PATCH https://nzzrpylddectbapxpazo.supabase.co/rest/v1/jobs?id=eq.d901b06a-06ea-42ad-8e15-58b9d35d958d "HTTP/2 200 OK"
2026-09-05 21:06:59,499 INFO HTTP Request: PATCH https://nzzrpylddectbapxpazo.supabase.co/rest/v1/jobs?id=eq.f523e277-1b52-439e-92c2-0cf2764a0814 "HTTP/2 200 OK"
2026-09-05 21:07:24,798 INFO HTTP Request: PATCH https://nzzrpylddectbapxpazo.supabase.co/rest/v1/jobs?id=eq.ac5f71b8-534d-4940-bf39-c9fef0147175 "HTTP/2 200 OK"
2026-09-05 21:07:52,491 INFO HTTP Request: PATCH https://nzzrpylddectbapxpazo.supabase.co/rest/v1/jobs?id=eq.b51d3f56-26cb-4c48-b099-f73c967f4e11 "HTTP/2 200 OK"
2026-09-05 21:08:20,316 INFO HTTP Request: PATCH https://nzzrpylddectbapxpazo.supabase.co/rest/v1/jobs?id=eq.a4275796-4b0a-4dc0-88e1-f2127abac727 "HTTP/2 200 OK"
2026-09-05 21:08:44,883 INFO HTTP Request: PATCH https://nzzrpylddectbapxpazo.supabase.co/rest/v1/jobs?id=eq.9f9cab8d-205d-49c1-bdeb-fdadfb7be646 "HTTP/2 200 OK"
2026-09-05 21:09:10,670 INFO HTTP Request: PATCH https://nzzrpylddectbapxpazo.supabase.co/rest/v1/jobs?id=eq.df26ebee-7082-4a95-97c5-18bd087e6ee0 "HTTP/2 200 OK"
2026-09-05 21:09:35,538 INFO HTTP Request: PATCH https://nzzrpylddectbapxpazo.supabase.co/rest/v1/jobs?id=eq.df28c6ff-c973-47c3-a719-b46927964062 "HTTP/2 200 OK"
2026-09-05 21:09:59,600 INFO HTTP Request: PATCH https://nzzrpylddectbapxpazo.supabase.co/rest/v1/jobs?id=eq.3f679cf2-8e9c-4934-9bb0-650923f8ba06 "HTTP/2 200 OK"
2026-09-05 21:10:24,286 INFO HTTP Request: PATCH https://nzzrpylddectbapxpazo.supabase.co/rest/v1/jobs?id=eq.582ce898-7498-4914-998e-9d3f64167393 "HTTP/2 200 OK"
2026-09-05 21:10:49,551 INFO HTTP Request: PATCH https://nzzrpylddectbapxpazo.supabase.co/rest/v1/jobs?id=eq.4c694f71-bbaa-4936-9324-844d03aa7081 "HTTP/2 200 OK"
2026-09-05 21:11:13,628 INFO HTTP Request: PATCH https://nzzrpylddectbapxpazo.supabase.co/rest/v1/jobs?id=eq.51687a50-003b-44cc-9864-e5737db8d276 "HTTP/2 200 OK"
2026-09-05 21:11:38,397 INFO HTTP Request: PATCH https://nzzrpylddectbapxpazo.supabase.co/rest/v1/jobs?id=eq.a1a87fe5-1d43-4800-808c-33312f1e9b44 "HTTP/2 200 OK"
2026-09-05 21:12:03,356 INFO HTTP Request: PATCH https://nzzrpylddectbapxpazo.supabase.co/rest/v1/jobs?id=eq.395110ee-e249-4b18-8457-f221f63c63ee "HTTP/2 200 OK"
2026-09-05 21:12:29,201 INFO HTTP Request: PATCH https://nzzrpylddectbapxpazo.supabase.co/rest/v1/jobs?id=eq.7daed5d8-10c0-402e-a226-2df1ebe417f8 "HTTP/2 200 OK"
2026-09-05 21:12:55,214 INFO HTTP Request: PATCH https://nzzrpylddectbapxpazo.supabase.co/rest/v1/jobs?id=eq.4d471f2b-66ab-4bc4-8c86-e778abc9d6cc "HTTP/2 200 OK"
2026-09-05 21:13:21,188 INFO HTTP Request: PATCH https://nzzrpylddectbapxpazo.supabase.co/rest/v1/jobs?id=eq.fab262ff-7427-4dcb-a289-1960c1dda991 "HTTP/2 200 OK"
2026-09-05 21:13:46,118 INFO HTTP Request: PATCH https://nzzrpylddectbapxpazo.supabase.co/rest/v1/jobs?id=eq.1f5346cf-40ff-447a-88c5-a0f8114b28aa "HTTP/2 200 OK"
2026-09-05 21:14:11,552 INFO HTTP Request: PATCH https://nzzrpylddectbapxpazo.supabase.co/rest/v1/jobs?id=eq.7f8fe845-cba7-4dde-b1da-236622ee7c4e "HTTP/2 200 OK"
2026-09-05 21:14:36,718 INFO HTTP Request: PATCH https://nzzrpylddectbapxpazo.supabase.co/rest/v1/jobs?id=eq.7edcd84a-3dca-48f4-b2ca-eb3e0e75249c "HTTP/2 200 OK"
2026-09-05 21:15:01,449 INFO HTTP Request: PATCH https://nzzrpylddectbapxpazo.supabase.co/rest/v1/jobs?id=eq.150aab8b-5b1e-482f-a7ca-122e96682362 "HTTP/2 200 OK"
2026-09-05 21:15:27,425 INFO HTTP Request: PATCH https://nzzrpylddectbapxpazo.supabase.co/rest/v1/jobs?id=eq.423d2e2f-0589-4f79-aaf4-b28082374302 "HTTP/2 200 OK"
2026-09-05 21:15:52,514 INFO HTTP Request: PATCH https://nzzrpylddectbapxpazo.supabase.co/rest/v1/jobs?id=eq.b29bc265-b5c1-4dc8-97bd-f01675dc0ecc "HTTP/2 200 OK"
2026-09-05 21:16:17,561 INFO HTTP Request: PATCH https://nzzrpylddectbapxpazo.supabase.co/rest/v1/jobs?id=eq.f2ea769a-9733-48c6-aaa8-848f21e25f95 "HTTP/2 200 OK"
2026-09-05 21:16:42,998 INFO HTTP Request: PATCH https://nzzrpylddectbapxpazo.supabase.co/rest/v1/jobs?id=eq.55f4582d-4053-4431-ad79-c69088ef7ff7 "HTTP/2 200 OK"
2026-09-05 21:17:08,694 INFO HTTP Request: PATCH https://nzzrpylddectbapxpazo.supabase.co/rest/v1/jobs?id=eq.7cea6b92-0c5f-48c3-b80d-11042373a513 "HTTP/2 200 OK"
2026-09-05 21:17:33,893 INFO HTTP Request: PATCH https://nzzrpylddectbapxpazo.supabase.co/rest/v1/jobs?id=eq.c3db3f55-9b84-4563-a209-bdc9c1e62633 "HTTP/2 200 OK"
2026-09-05 21:17:59,230 INFO HTTP Request: PATCH https://nzzrpylddectbapxpazo.supabase.co/rest/v1/jobs?id=eq.02c685db-1b64-474c-9fad-2bc199c1a93b "HTTP/2 200 OK"
2026-09-05 21:18:24,541 INFO HTTP Request: PATCH https://nzzrpylddectbapxpazo.supabase.co/rest/v1/jobs?id=eq.2c742508-8fa9-4022-baa1-0124dffd49a8 "HTTP/2 200 OK"
2026-09-05 21:18:49,304 INFO HTTP Request: PATCH https://nzzrpylddectbapxpazo.supabase.co/rest/v1/jobs?id=eq.f96cd1e4-e39b-475e-acea-1a71fda4b93c "HTTP/2 200 OK"
2026-09-05 21:19:14,505 INFO HTTP Request: PATCH https://nzzrpylddectbapxpazo.supabase.co/rest/v1/jobs?id=eq.8a56328a-8661-467a-a8af-44d3aeacf5c2 "HTTP/2 200 OK"
2026-09-05 21:19:14,507 INFO      [OK] Matched 0 qualifying jobs
2026-09-05 21:19:14,507 INFO 
[3/5] [APPLY]  Auto-applying to top matches...
2026-09-05 21:19:14,756 INFO HTTP Request: GET https://nzzrpylddectbapxpazo.supabase.co/rest/v1/jobs?select=id%2Ctitle%2Ccompany%2Cats_score%2Capply_url%2Cplatform&status=eq.matched&ats_score=gte.75&order=ats_score.desc&limit=20 "HTTP/2 200 OK"
2026-09-05 21:19:14,757 INFO      [OK] Auto-applied to 0 jobs
2026-09-05 21:19:14,758 INFO 
[4/5] [EMAIL]  Sending cold outreach emails...
2026-09-05 21:19:16,149 INFO HTTP Request: GET https://nzzrpylddectbapxpazo.supabase.co/rest/v1/outreach_logs?select=id&status=eq.sent&sent_at=gte.2026-09-05T00%3A00%3A00 "HTTP/2 200 OK"
2026-09-05 21:19:16,306 INFO HTTP Request: GET https://nzzrpylddectbapxpazo.supabase.co/rest/v1/jobs?select=id%2Ctitle%2Ccompany%2Ccompany_domain%2Clocation%2Cdescription_raw%2Cats_score%2Capply_url%2Cmatched_keywords&status=in.%28matched%2Cauto_applied%29&ats_score=gte.70&order=ats_score.desc&limit=15 "HTTP/2 200 OK"
2026-09-05 21:19:16,468 INFO HTTP Request: GET https://nzzrpylddectbapxpazo.supabase.co/rest/v1/recruiters?select=%2A&company=eq.That+Recruitment+Company&is_active=eq.True&limit=1 "HTTP/2 200 OK"
2026-09-05 21:19:16,643 INFO HTTP Request: POST https://nzzrpylddectbapxpazo.supabase.co/rest/v1/recruiters?on_conflict=email "HTTP/2 201 Created"
2026-09-05 21:19:16,795 INFO HTTP Request: GET https://nzzrpylddectbapxpazo.supabase.co/rest/v1/outreach_logs?select=id&recruiter_id=eq.1530b1d7-be69-4208-aafd-78f1c154c1f7&created_at=gte.2026-09-05T00%3A00%3A00 "HTTP/2 200 OK"
2026-09-05 21:19:46,668 INFO HTTP Request: POST https://nzzrpylddectbapxpazo.supabase.co/rest/v1/outreach_logs "HTTP/2 201 Created"
2026-09-05 21:19:46,670 INFO [OK] Sent to Hiring Team @ That Recruitment Company
2026-09-05 21:19:46,837 INFO HTTP Request: GET https://nzzrpylddectbapxpazo.supabase.co/rest/v1/recruiters?select=%2A&company=eq.Client+Server&is_active=eq.True&limit=1 "HTTP/2 200 OK"
2026-09-05 21:23:27,828 INFO HTTP Request: POST https://nzzrpylddectbapxpazo.supabase.co/rest/v1/recruiters?on_conflict=email "HTTP/2 201 Created"
2026-09-05 21:23:28,681 INFO HTTP Request: GET https://nzzrpylddectbapxpazo.supabase.co/rest/v1/outreach_logs?select=id&recruiter_id=eq.550eb4ca-0026-4048-9e09-dc6b26f52a32&created_at=gte.2026-09-05T00%3A00%3A00 "HTTP/2 200 OK"
2026-09-05 21:23:59,502 INFO HTTP Request: POST https://nzzrpylddectbapxpazo.supabase.co/rest/v1/outreach_logs "HTTP/2 201 Created"
2026-09-05 21:23:59,504 INFO [OK] Sent to Hiring Team @ Client Server
2026-09-05 21:23:59,505 INFO [MAIL] Outreach done: 2 emails sent
2026-09-05 21:23:59,507 INFO      [OK] Sent 2 cold emails
2026-09-05 21:23:59,508 INFO 
[5/5] [POST]  Publishing LinkedIn posts...
2026-09-05 21:24:00,438 INFO HTTP Request: GET https://nzzrpylddectbapxpazo.supabase.co/rest/v1/linkedin_posts?select=%2A&status=in.%28scheduled%29&scheduled_for=lte.2026-09-05T15%3A53%3A59.753365%2B00%3A00 "HTTP/2 200 OK"
2026-09-05 21:24:00,440 INFO Published 0 due posts
2026-09-05 21:24:00,614 INFO HTTP Request: POST https://nzzrpylddectbapxpazo.supabase.co/rest/v1/daily_run_logs?on_conflict=run_date "HTTP/2 200 OK"
2026-09-05 21:24:00,617 INFO      [OK] Published 0 LinkedIn posts
2026-09-05 21:24:00,860 INFO HTTP Request: GET https://nzzrpylddectbapxpazo.supabase.co/rest/v1/daily_run_logs?select=id&run_date=eq.2026-09-05 "HTTP/2 200 OK"
2026-09-05 21:24:01,017 INFO HTTP Request: PATCH https://nzzrpylddectbapxpazo.supabase.co/rest/v1/daily_run_logs?run_date=eq.2026-09-05 "HTTP/2 200 OK"
2026-09-05 21:24:01,019 INFO 
[NOTIFY] Sending daily summary notification...
2026-09-05 21:24:01,170 INFO HTTP Request: GET https://nzzrpylddectbapxpazo.supabase.co/rest/v1/daily_run_logs?select=%2A&run_date=eq.2026-09-05 "HTTP/2 200 OK"
2026-09-05 21:24:01,331 INFO HTTP Request: GET https://nzzrpylddectbapxpazo.supabase.co/rest/v1/applications?select=%2A%2Cjobs%28title%2Ccompany%2Clocation%2Cats_score%29&applied_at=gte.2026-09-05T00%3A00%3A00&order=applied_at.desc&limit=5 "HTTP/2 200 OK"
2026-09-05 21:24:01,491 INFO HTTP Request: GET https://nzzrpylddectbapxpazo.supabase.co/rest/v1/outreach_logs?select=%2A%2Crecruiters%28name%2Ccompany%29&status=eq.sent&sent_at=gte.2026-09-05T00%3A00%3A00 "HTTP/2 200 OK"
2026-09-05 21:24:01,658 INFO HTTP Request: GET https://nzzrpylddectbapxpazo.supabase.co/rest/v1/jobs?select=title%2Ccompany%2Cats_score%2Capply_url&status=eq.matched&ats_score=gte.80&limit=5 "HTTP/2 200 OK"
2026-09-05 21:24:02,480 INFO   [NOTIFY] Telegram notification sent
2026-09-05 21:24:02,483 INFO 
============================================================
2026-09-05 21:24:02,485 INFO [OK] DAILY RUN COMPLETE
2026-09-05 21:24:02,485 INFO    Scraped: 0 | Matched: 0
2026-09-05 21:24:02,486 INFO    Applied: 0 | Emailed: 2
2026-09-05 21:24:02,486 INFO    Errors: 1
2026-09-05 21:24:02,487 INFO ============================================================
