2026-09-02 17:35:56,087 INFO HTTP Request: GET https://nzzrpylddectbapxpazo.supabase.co/rest/v1/daily_run_logs?select=%2A&run_date=eq.2026-09-02 "HTTP/2 200 OK"
2026-09-02 17:35:56,835 INFO HTTP Request: GET https://nzzrpylddectbapxpazo.supabase.co/rest/v1/applications?select=%2A%2Cjobs%28title%2Ccompany%2Clocation%2Cats_score%29&applied_at=gte.2026-09-02T00%3A00%3A00&order=applied_at.desc&limit=5 "HTTP/2 200 OK"
2026-09-02 17:35:57,084 INFO HTTP Request: GET https://nzzrpylddectbapxpazo.supabase.co/rest/v1/outreach_logs?select=%2A%2Crecruiters%28name%2Ccompany%29&status=eq.sent&sent_at=gte.2026-09-02T00%3A00%3A00 "HTTP/2 200 OK"
2026-09-02 17:35:57,303 INFO HTTP Request: GET https://nzzrpylddectbapxpazo.supabase.co/rest/v1/jobs?select=title%2Ccompany%2Cats_score%2Capply_url&status=eq.matched&ats_score=gte.80&limit=5 "HTTP/2 200 OK"
2026-09-02 17:37:36,244 INFO ============================================================
2026-09-02 17:37:36,318 INFO ============================================================
2026-09-02 17:37:45,029 INFO HTTP Request: GET https://nzzrpylddectbapxpazo.supabase.co/rest/v1/jobs?select=id%2Ctitle%2Ccompany%2Cdescription_raw&status=eq.scraped&description_raw=not.is.null&limit=50 "HTTP/2 200 OK"
2026-09-02 17:37:45,334 INFO HTTP Request: GET https://nzzrpylddectbapxpazo.supabase.co/rest/v1/jobs?select=id%2Ctitle%2Ccompany%2Cats_score%2Capply_url%2Cplatform&status=eq.matched&ats_score=gte.75&order=ats_score.desc&limit=20 "HTTP/2 200 OK"
2026-09-02 17:37:48,202 INFO HTTP Request: GET https://nzzrpylddectbapxpazo.supabase.co/rest/v1/outreach_logs?select=id&status=eq.sent&sent_at=gte.2026-09-02T00%3A00%3A00 "HTTP/2 200 OK"
2026-09-02 17:37:48,405 INFO HTTP Request: GET https://nzzrpylddectbapxpazo.supabase.co/rest/v1/jobs?select=id%2Ctitle%2Ccompany%2Ccompany_domain%2Clocation%2Cdescription_raw%2Cats_score%2Capply_url%2Cmatched_keywords&status=in.%28matched%2Cauto_applied%29&ats_score=gte.70&order=ats_score.desc&limit=15 "HTTP/2 200 OK"
2026-09-02 17:37:51,375 INFO HTTP Request: GET https://nzzrpylddectbapxpazo.supabase.co/rest/v1/linkedin_posts?select=%2A&status=in.%28scheduled%29&scheduled_for=lte.2026-09-02T12%3A07%3A49.684331%2B00%3A00 "HTTP/2 200 OK"
2026-09-02 17:37:51,376 INFO Published 0 due posts
2026-09-02 17:37:51,683 INFO HTTP Request: POST https://nzzrpylddectbapxpazo.supabase.co/rest/v1/daily_run_logs?on_conflict=run_date "HTTP/2 201 Created"
2026-09-02 17:37:52,013 INFO HTTP Request: POST https://nzzrpylddectbapxpazo.supabase.co/rest/v1/daily_run_logs?on_conflict=run_date "HTTP/2 200 OK"
2026-09-02 17:37:52,301 INFO HTTP Request: GET https://nzzrpylddectbapxpazo.supabase.co/rest/v1/daily_run_logs?select=%2A&run_date=eq.2026-09-02 "HTTP/2 200 OK"
2026-09-02 17:37:52,604 INFO HTTP Request: GET https://nzzrpylddectbapxpazo.supabase.co/rest/v1/applications?select=%2A%2Cjobs%28title%2Ccompany%2Clocation%2Cats_score%29&applied_at=gte.2026-09-02T00%3A00%3A00&order=applied_at.desc&limit=5 "HTTP/2 200 OK"
2026-09-02 17:37:52,911 INFO HTTP Request: GET https://nzzrpylddectbapxpazo.supabase.co/rest/v1/outreach_logs?select=%2A%2Crecruiters%28name%2Ccompany%29&status=eq.sent&sent_at=gte.2026-09-02T00%3A00%3A00 "HTTP/2 200 OK"
2026-09-02 17:37:53,116 INFO HTTP Request: GET https://nzzrpylddectbapxpazo.supabase.co/rest/v1/jobs?select=title%2Ccompany%2Cats_score%2Capply_url&status=eq.matched&ats_score=gte.80&limit=5 "HTTP/2 200 OK"
2026-09-02 17:37:57,109 ERROR   Telegram send failed: HTTP Error 400: Bad Request
2026-09-02 17:37:57,110 INFO 
============================================================
2026-09-02 17:37:57,113 INFO    Scraped: 0 | Matched: 0
2026-09-02 17:37:57,113 INFO    Applied: 0 | Emailed: 0
2026-09-02 17:37:57,114 INFO    Errors: 1
2026-09-02 17:37:57,114 INFO ============================================================
2026-09-02 17:40:05,418 INFO HTTP Request: GET https://nzzrpylddectbapxpazo.supabase.co/rest/v1/daily_run_logs?select=%2A&run_date=eq.2026-09-02 "HTTP/2 200 OK"
2026-09-02 17:40:06,029 INFO HTTP Request: GET https://nzzrpylddectbapxpazo.supabase.co/rest/v1/applications?select=%2A%2Cjobs%28title%2Ccompany%2Clocation%2Cats_score%29&applied_at=gte.2026-09-02T00%3A00%3A00&order=applied_at.desc&limit=5 "HTTP/2 200 OK"
2026-09-02 17:40:06,234 INFO HTTP Request: GET https://nzzrpylddectbapxpazo.supabase.co/rest/v1/outreach_logs?select=%2A%2Crecruiters%28name%2Ccompany%29&status=eq.sent&sent_at=gte.2026-09-02T00%3A00%3A00 "HTTP/2 200 OK"
2026-09-02 17:40:06,438 INFO HTTP Request: GET https://nzzrpylddectbapxpazo.supabase.co/rest/v1/jobs?select=title%2Ccompany%2Cats_score%2Capply_url&status=eq.matched&ats_score=gte.80&limit=5 "HTTP/2 200 OK"
2026-09-02 17:40:57,110 INFO ============================================================
2026-09-02 17:40:57,114 INFO ============================================================
2026-09-02 17:40:58,870 INFO HTTP Request: GET https://nzzrpylddectbapxpazo.supabase.co/rest/v1/jobs?select=id%2Ctitle%2Ccompany%2Cdescription_raw&status=eq.scraped&description_raw=not.is.null&limit=50 "HTTP/2 200 OK"
2026-09-02 17:40:59,073 INFO HTTP Request: GET https://nzzrpylddectbapxpazo.supabase.co/rest/v1/jobs?select=id%2Ctitle%2Ccompany%2Cats_score%2Capply_url%2Cplatform&status=eq.matched&ats_score=gte.75&order=ats_score.desc&limit=20 "HTTP/2 200 OK"
2026-09-02 17:40:59,995 INFO HTTP Request: GET https://nzzrpylddectbapxpazo.supabase.co/rest/v1/outreach_logs?select=id&status=eq.sent&sent_at=gte.2026-09-02T00%3A00%3A00 "HTTP/2 200 OK"
2026-09-02 17:41:00,302 INFO HTTP Request: GET https://nzzrpylddectbapxpazo.supabase.co/rest/v1/jobs?select=id%2Ctitle%2Ccompany%2Ccompany_domain%2Clocation%2Cdescription_raw%2Cats_score%2Capply_url%2Cmatched_keywords&status=in.%28matched%2Cauto_applied%29&ats_score=gte.70&order=ats_score.desc&limit=15 "HTTP/2 200 OK"
2026-09-02 17:41:01,017 INFO HTTP Request: GET https://nzzrpylddectbapxpazo.supabase.co/rest/v1/linkedin_posts?select=%2A&status=in.%28scheduled%29&scheduled_for=lte.2026-09-02T12%3A11%3A00.538625%2B00%3A00 "HTTP/2 200 OK"
2026-09-02 17:41:01,019 INFO Published 0 due posts
2026-09-02 17:41:01,224 INFO HTTP Request: POST https://nzzrpylddectbapxpazo.supabase.co/rest/v1/daily_run_logs?on_conflict=run_date "HTTP/2 200 OK"
2026-09-02 17:41:01,428 INFO HTTP Request: POST https://nzzrpylddectbapxpazo.supabase.co/rest/v1/daily_run_logs?on_conflict=run_date "HTTP/2 200 OK"
2026-09-02 17:41:01,632 INFO HTTP Request: GET https://nzzrpylddectbapxpazo.supabase.co/rest/v1/daily_run_logs?select=%2A&run_date=eq.2026-09-02 "HTTP/2 200 OK"
2026-09-02 17:41:01,839 INFO HTTP Request: GET https://nzzrpylddectbapxpazo.supabase.co/rest/v1/applications?select=%2A%2Cjobs%28title%2Ccompany%2Clocation%2Cats_score%29&applied_at=gte.2026-09-02T00%3A00%3A00&order=applied_at.desc&limit=5 "HTTP/2 200 OK"
2026-09-02 17:41:02,042 INFO HTTP Request: GET https://nzzrpylddectbapxpazo.supabase.co/rest/v1/outreach_logs?select=%2A%2Crecruiters%28name%2Ccompany%29&status=eq.sent&sent_at=gte.2026-09-02T00%3A00%3A00 "HTTP/2 200 OK"
2026-09-02 17:41:02,247 INFO HTTP Request: GET https://nzzrpylddectbapxpazo.supabase.co/rest/v1/jobs?select=title%2Ccompany%2Cats_score%2Capply_url&status=eq.matched&ats_score=gte.80&limit=5 "HTTP/2 200 OK"
2026-09-02 17:41:02,965 ERROR   Telegram send failed: HTTP Error 400: Bad Request
2026-09-02 17:41:02,966 INFO 
============================================================
2026-09-02 17:41:02,968 INFO    Scraped: 0 | Matched: 0
2026-09-02 17:41:02,970 INFO    Applied: 0 | Emailed: 0
2026-09-02 17:41:02,971 INFO    Errors: 1
2026-09-02 17:41:02,971 INFO ============================================================
2026-09-02 17:48:20,953 INFO ============================================================
2026-09-02 17:48:20,957 INFO ============================================================
2026-09-02 17:48:23,178 INFO HTTP Request: GET https://nzzrpylddectbapxpazo.supabase.co/rest/v1/jobs?select=id%2Ctitle%2Ccompany%2Cdescription_raw&status=eq.scraped&description_raw=not.is.null&limit=50 "HTTP/2 200 OK"
2026-09-02 17:48:23,382 INFO HTTP Request: GET https://nzzrpylddectbapxpazo.supabase.co/rest/v1/jobs?select=id%2Ctitle%2Ccompany%2Cats_score%2Capply_url%2Cplatform&status=eq.matched&ats_score=gte.75&order=ats_score.desc&limit=20 "HTTP/2 200 OK"
2026-09-02 17:48:24,305 INFO HTTP Request: GET https://nzzrpylddectbapxpazo.supabase.co/rest/v1/outreach_logs?select=id&status=eq.sent&sent_at=gte.2026-09-02T00%3A00%3A00 "HTTP/2 200 OK"
2026-09-02 17:48:24,508 INFO HTTP Request: GET https://nzzrpylddectbapxpazo.supabase.co/rest/v1/jobs?select=id%2Ctitle%2Ccompany%2Ccompany_domain%2Clocation%2Cdescription_raw%2Cats_score%2Capply_url%2Cmatched_keywords&status=in.%28matched%2Cauto_applied%29&ats_score=gte.70&order=ats_score.desc&limit=15 "HTTP/2 200 OK"
2026-09-02 17:48:25,329 INFO HTTP Request: GET https://nzzrpylddectbapxpazo.supabase.co/rest/v1/linkedin_posts?select=%2A&status=in.%28scheduled%29&scheduled_for=lte.2026-09-02T12%3A18%3A24.795973%2B00%3A00 "HTTP/2 200 OK"
2026-09-02 17:48:25,330 INFO Published 0 due posts
2026-09-02 17:48:25,534 INFO HTTP Request: POST https://nzzrpylddectbapxpazo.supabase.co/rest/v1/daily_run_logs?on_conflict=run_date "HTTP/2 200 OK"
2026-09-02 17:48:25,737 INFO HTTP Request: POST https://nzzrpylddectbapxpazo.supabase.co/rest/v1/daily_run_logs?on_conflict=run_date "HTTP/2 200 OK"
2026-09-02 17:48:25,943 INFO HTTP Request: GET https://nzzrpylddectbapxpazo.supabase.co/rest/v1/daily_run_logs?select=%2A&run_date=eq.2026-09-02 "HTTP/2 200 OK"
2026-09-02 17:48:26,146 INFO HTTP Request: GET https://nzzrpylddectbapxpazo.supabase.co/rest/v1/applications?select=%2A%2Cjobs%28title%2Ccompany%2Clocation%2Cats_score%29&applied_at=gte.2026-09-02T00%3A00%3A00&order=applied_at.desc&limit=5 "HTTP/2 200 OK"
2026-09-02 17:48:26,353 INFO HTTP Request: GET https://nzzrpylddectbapxpazo.supabase.co/rest/v1/outreach_logs?select=%2A%2Crecruiters%28name%2Ccompany%29&status=eq.sent&sent_at=gte.2026-09-02T00%3A00%3A00 "HTTP/2 200 OK"
2026-09-02 17:48:26,555 INFO HTTP Request: GET https://nzzrpylddectbapxpazo.supabase.co/rest/v1/jobs?select=title%2Ccompany%2Cats_score%2Capply_url&status=eq.matched&ats_score=gte.80&limit=5 "HTTP/2 200 OK"
2026-09-02 17:48:27,274 ERROR   Telegram send failed: HTTP Error 400: Bad Request
2026-09-02 17:48:27,275 INFO 
============================================================
2026-09-02 17:48:27,278 INFO    Scraped: 0 | Matched: 0
2026-09-02 17:48:27,278 INFO    Applied: 0 | Emailed: 0
2026-09-02 17:48:27,278 INFO    Errors: 1
2026-09-02 17:48:27,278 INFO ============================================================
2026-09-02 17:51:43,641 INFO ============================================================
2026-09-02 17:51:43,644 INFO ============================================================
2026-09-02 17:51:45,050 INFO   Naukri: Python Developer in Hyderabad
2026-09-02 17:51:55,698 INFO   Found 0 cards
2026-09-02 17:52:09,839 INFO   Naukri: Python Developer in Bangalore
2026-09-02 17:52:17,013 INFO   Found 0 cards
2026-09-02 17:52:29,611 INFO   Naukri: Python Developer in Remote
2026-09-02 17:52:36,774 INFO   Found 0 cards
2026-09-02 17:52:50,966 WARNING   YC API returned 406
2026-09-02 17:52:52,591 INFO HTTP Request: GET https://nzzrpylddectbapxpazo.supabase.co/rest/v1/jobs?select=id&job_url=eq.https%3A%2F%2Fbg.linkedin.com%2Fjobs%2Fview%2Fbackend-python-developer-f-m-d-%2540-a1-competence-delivery-center-at-a1-bulgaria-4461759815 "HTTP/2 200 OK"
2026-09-02 17:52:52,897 INFO HTTP Request: POST https://nzzrpylddectbapxpazo.supabase.co/rest/v1/jobs "HTTP/2 401 Unauthorized"
2026-09-02 17:52:53,920 INFO HTTP Request: GET https://nzzrpylddectbapxpazo.supabase.co/rest/v1/jobs?select=id%2Ctitle%2Ccompany%2Cdescription_raw&status=eq.scraped&description_raw=not.is.null&limit=50 "HTTP/2 200 OK"
2026-09-02 17:52:54,125 INFO HTTP Request: GET https://nzzrpylddectbapxpazo.supabase.co/rest/v1/jobs?select=id%2Ctitle%2Ccompany%2Cats_score%2Capply_url%2Cplatform&status=eq.matched&ats_score=gte.75&order=ats_score.desc&limit=20 "HTTP/2 200 OK"
2026-09-02 17:52:54,855 INFO HTTP Request: GET https://nzzrpylddectbapxpazo.supabase.co/rest/v1/outreach_logs?select=id&status=eq.sent&sent_at=gte.2026-09-02T00%3A00%3A00 "HTTP/2 200 OK"
2026-09-02 17:52:55,047 INFO HTTP Request: GET https://nzzrpylddectbapxpazo.supabase.co/rest/v1/jobs?select=id%2Ctitle%2Ccompany%2Ccompany_domain%2Clocation%2Cdescription_raw%2Cats_score%2Capply_url%2Cmatched_keywords&status=in.%28matched%2Cauto_applied%29&ats_score=gte.70&order=ats_score.desc&limit=15 "HTTP/2 200 OK"
2026-09-02 17:52:55,968 INFO HTTP Request: GET https://nzzrpylddectbapxpazo.supabase.co/rest/v1/linkedin_posts?select=%2A&status=in.%28scheduled%29&scheduled_for=lte.2026-09-02T12%3A22%3A55.366233%2B00%3A00 "HTTP/2 200 OK"
2026-09-02 17:52:55,969 INFO Published 0 due posts
2026-09-02 17:52:56,174 INFO HTTP Request: POST https://nzzrpylddectbapxpazo.supabase.co/rest/v1/daily_run_logs?on_conflict=run_date "HTTP/2 200 OK"
2026-09-02 17:52:56,481 INFO HTTP Request: POST https://nzzrpylddectbapxpazo.supabase.co/rest/v1/daily_run_logs?on_conflict=run_date "HTTP/2 200 OK"
2026-09-02 17:52:56,686 INFO HTTP Request: GET https://nzzrpylddectbapxpazo.supabase.co/rest/v1/daily_run_logs?select=%2A&run_date=eq.2026-09-02 "HTTP/2 200 OK"
2026-09-02 17:52:56,889 INFO HTTP Request: GET https://nzzrpylddectbapxpazo.supabase.co/rest/v1/applications?select=%2A%2Cjobs%28title%2Ccompany%2Clocation%2Cats_score%29&applied_at=gte.2026-09-02T00%3A00%3A00&order=applied_at.desc&limit=5 "HTTP/2 200 OK"
2026-09-02 17:52:57,094 INFO HTTP Request: GET https://nzzrpylddectbapxpazo.supabase.co/rest/v1/outreach_logs?select=%2A%2Crecruiters%28name%2Ccompany%29&status=eq.sent&sent_at=gte.2026-09-02T00%3A00%3A00 "HTTP/2 200 OK"
2026-09-02 17:52:57,299 INFO HTTP Request: GET https://nzzrpylddectbapxpazo.supabase.co/rest/v1/jobs?select=title%2Ccompany%2Cats_score%2Capply_url&status=eq.matched&ats_score=gte.80&limit=5 "HTTP/2 200 OK"
2026-09-02 17:52:58,015 ERROR   Telegram send failed: HTTP Error 400: Bad Request
2026-09-02 17:52:58,016 INFO 
============================================================
2026-09-02 17:52:58,020 INFO    Scraped: 0 | Matched: 0
2026-09-02 17:52:58,020 INFO    Applied: 0 | Emailed: 0
2026-09-02 17:52:58,020 INFO    Errors: 1
2026-09-02 17:52:58,020 INFO ============================================================
2026-09-02 17:55:54,536 INFO ============================================================
2026-09-02 17:55:54,542 INFO ============================================================
2026-09-02 17:55:55,287 INFO   Naukri: Python Developer in Hyderabad
2026-09-02 17:56:02,588 INFO   Found 0 cards
2026-09-02 17:56:15,569 INFO   Naukri: Python Developer in Bangalore
2026-09-02 17:56:22,723 INFO   Found 0 cards
2026-09-02 17:56:35,355 INFO   Naukri: Python Developer in Remote
2026-09-02 17:56:42,511 INFO   Found 0 cards
2026-09-02 17:56:56,607 WARNING   YC API returned 406
2026-09-02 17:56:57,939 INFO HTTP Request: GET https://nzzrpylddectbapxpazo.supabase.co/rest/v1/jobs?select=id&job_url=eq.https%3A%2F%2Fin.linkedin.com%2Fjobs%2Fview%2Fpython-developer-at-srs-consulting-inc-4460927223 "HTTP/2 200 OK"
2026-09-02 17:56:58,244 INFO HTTP Request: POST https://nzzrpylddectbapxpazo.supabase.co/rest/v1/jobs "HTTP/2 401 Unauthorized"
2026-09-02 17:56:59,269 INFO HTTP Request: GET https://nzzrpylddectbapxpazo.supabase.co/rest/v1/jobs?select=id%2Ctitle%2Ccompany%2Cdescription_raw&status=eq.scraped&description_raw=not.is.null&limit=50 "HTTP/2 200 OK"
2026-09-02 17:56:59,473 INFO HTTP Request: GET https://nzzrpylddectbapxpazo.supabase.co/rest/v1/jobs?select=id%2Ctitle%2Ccompany%2Cats_score%2Capply_url%2Cplatform&status=eq.matched&ats_score=gte.75&order=ats_score.desc&limit=20 "HTTP/2 200 OK"
2026-09-02 17:57:00,293 INFO HTTP Request: GET https://nzzrpylddectbapxpazo.supabase.co/rest/v1/outreach_logs?select=id&status=eq.sent&sent_at=gte.2026-09-02T00%3A00%3A00 "HTTP/2 200 OK"
2026-09-02 17:57:00,600 INFO HTTP Request: GET https://nzzrpylddectbapxpazo.supabase.co/rest/v1/jobs?select=id%2Ctitle%2Ccompany%2Ccompany_domain%2Clocation%2Cdescription_raw%2Cats_score%2Capply_url%2Cmatched_keywords&status=in.%28matched%2Cauto_applied%29&ats_score=gte.70&order=ats_score.desc&limit=15 "HTTP/2 200 OK"
2026-09-02 17:57:01,420 INFO HTTP Request: GET https://nzzrpylddectbapxpazo.supabase.co/rest/v1/linkedin_posts?select=%2A&status=in.%28scheduled%29&scheduled_for=lte.2026-09-02T12%3A27%3A00.873542%2B00%3A00 "HTTP/2 200 OK"
2026-09-02 17:57:01,421 INFO Published 0 due posts
2026-09-02 17:57:01,624 INFO HTTP Request: POST https://nzzrpylddectbapxpazo.supabase.co/rest/v1/daily_run_logs?on_conflict=run_date "HTTP/2 200 OK"
2026-09-02 17:57:01,830 INFO HTTP Request: POST https://nzzrpylddectbapxpazo.supabase.co/rest/v1/daily_run_logs?on_conflict=run_date "HTTP/2 200 OK"
2026-09-02 17:57:02,044 INFO HTTP Request: GET https://nzzrpylddectbapxpazo.supabase.co/rest/v1/daily_run_logs?select=%2A&run_date=eq.2026-09-02 "HTTP/2 200 OK"
2026-09-02 17:57:02,237 INFO HTTP Request: GET https://nzzrpylddectbapxpazo.supabase.co/rest/v1/applications?select=%2A%2Cjobs%28title%2Ccompany%2Clocation%2Cats_score%29&applied_at=gte.2026-09-02T00%3A00%3A00&order=applied_at.desc&limit=5 "HTTP/2 200 OK"
2026-09-02 17:57:02,444 INFO HTTP Request: GET https://nzzrpylddectbapxpazo.supabase.co/rest/v1/outreach_logs?select=%2A%2Crecruiters%28name%2Ccompany%29&status=eq.sent&sent_at=gte.2026-09-02T00%3A00%3A00 "HTTP/2 200 OK"
2026-09-02 17:57:02,648 INFO HTTP Request: GET https://nzzrpylddectbapxpazo.supabase.co/rest/v1/jobs?select=title%2Ccompany%2Cats_score%2Capply_url&status=eq.matched&ats_score=gte.80&limit=5 "HTTP/2 200 OK"
2026-09-02 17:57:03,364 ERROR   Telegram send failed: HTTP Error 400: Bad Request
2026-09-02 17:57:03,365 INFO 
============================================================
2026-09-02 17:57:03,368 INFO    Scraped: 0 | Matched: 0
2026-09-02 17:57:03,368 INFO    Applied: 0 | Emailed: 0
2026-09-02 17:57:03,368 INFO    Errors: 1
2026-09-02 17:57:03,368 INFO ============================================================
2026-09-02 17:58:07,553 INFO ============================================================
2026-09-02 17:58:07,553 INFO [START] DAILY JOB ENGINE RUN — 2026-09-02T12:28:07.553697+00:00
2026-09-02 17:58:07,553 INFO ============================================================
2026-09-02 17:58:07,554 INFO 
[1/5] [SCRAPE]  Scraping job boards...
2026-09-02 17:58:08,380 INFO   Naukri: Python Developer in Hyderabad
2026-09-02 17:58:15,828 INFO   Found 0 cards
2026-09-02 17:58:29,143 INFO   Naukri: Python Developer in Bangalore
2026-09-02 17:58:36,291 INFO   Found 0 cards
2026-09-02 17:58:48,857 INFO   Naukri: Python Developer in Remote
2026-09-02 17:58:56,008 INFO   Found 0 cards
2026-09-02 17:59:10,035 WARNING   YC API returned 406
2026-09-02 17:59:11,428 INFO HTTP Request: GET https://nzzrpylddectbapxpazo.supabase.co/rest/v1/jobs?select=id&job_url=eq.https%3A%2F%2Fin.linkedin.com%2Fjobs%2Fview%2Fpython-developer-at-srs-consulting-inc-4460927223 "HTTP/2 200 OK"
2026-09-02 17:59:11,670 INFO HTTP Request: POST https://nzzrpylddectbapxpazo.supabase.co/rest/v1/jobs "HTTP/2 401 Unauthorized"
2026-09-02 17:59:11,847 ERROR      [ERR] Scraping failed: {'message': 'new row violates row-level security policy for table "jobs"', 'code': '42501', 'hint': None, 'details': None}
2026-09-02 17:59:11,848 INFO 
[2/5] [ATS]  Running ATS matching...
2026-09-02 17:59:12,593 INFO HTTP Request: GET https://nzzrpylddectbapxpazo.supabase.co/rest/v1/jobs?select=id%2Ctitle%2Ccompany%2Cdescription_raw&status=eq.scraped&description_raw=not.is.null&limit=50 "HTTP/2 200 OK"
2026-09-02 17:59:12,595 INFO      [OK] Matched 0 qualifying jobs
2026-09-02 17:59:12,595 INFO 
[3/5] [APPLY]  Auto-applying to top matches...
2026-09-02 17:59:12,798 INFO HTTP Request: GET https://nzzrpylddectbapxpazo.supabase.co/rest/v1/jobs?select=id%2Ctitle%2Ccompany%2Cats_score%2Capply_url%2Cplatform&status=eq.matched&ats_score=gte.75&order=ats_score.desc&limit=20 "HTTP/2 200 OK"
2026-09-02 17:59:12,799 INFO      [OK] Auto-applied to 0 jobs
2026-09-02 17:59:12,799 INFO 
[4/5] [EMAIL]  Sending cold outreach emails...
2026-09-02 17:59:13,617 INFO HTTP Request: GET https://nzzrpylddectbapxpazo.supabase.co/rest/v1/outreach_logs?select=id&status=eq.sent&sent_at=gte.2026-09-02T00%3A00%3A00 "HTTP/2 200 OK"
2026-09-02 17:59:13,923 INFO HTTP Request: GET https://nzzrpylddectbapxpazo.supabase.co/rest/v1/jobs?select=id%2Ctitle%2Ccompany%2Ccompany_domain%2Clocation%2Cdescription_raw%2Cats_score%2Capply_url%2Cmatched_keywords&status=in.%28matched%2Cauto_applied%29&ats_score=gte.70&order=ats_score.desc&limit=15 "HTTP/2 200 OK"
2026-09-02 17:59:13,929 INFO      [OK] Sent 0 cold emails
2026-09-02 17:59:13,929 INFO 
[5/5] [POST]  Publishing LinkedIn posts...
2026-09-02 17:59:14,723 INFO HTTP Request: GET https://nzzrpylddectbapxpazo.supabase.co/rest/v1/linkedin_posts?select=%2A&status=in.%28scheduled%29&scheduled_for=lte.2026-09-02T12%3A29%3A14.205687%2B00%3A00 "HTTP/2 200 OK"
2026-09-02 17:59:14,724 INFO Published 0 due posts
2026-09-02 17:59:14,947 INFO HTTP Request: POST https://nzzrpylddectbapxpazo.supabase.co/rest/v1/daily_run_logs?on_conflict=run_date "HTTP/2 200 OK"
2026-09-02 17:59:14,949 INFO      [OK] Published 0 LinkedIn posts
2026-09-02 17:59:18,123 INFO HTTP Request: POST https://nzzrpylddectbapxpazo.supabase.co/rest/v1/daily_run_logs?on_conflict=run_date "HTTP/2 200 OK"
2026-09-02 17:59:18,125 INFO 
[NOTIFY] Sending daily summary notification...
2026-09-02 17:59:19,127 INFO HTTP Request: GET https://nzzrpylddectbapxpazo.supabase.co/rest/v1/daily_run_logs?select=%2A&run_date=eq.2026-09-02 "HTTP/2 200 OK"
2026-09-02 17:59:20,172 INFO HTTP Request: GET https://nzzrpylddectbapxpazo.supabase.co/rest/v1/applications?select=%2A%2Cjobs%28title%2Ccompany%2Clocation%2Cats_score%29&applied_at=gte.2026-09-02T00%3A00%3A00&order=applied_at.desc&limit=5 "HTTP/2 200 OK"
2026-09-02 17:59:20,682 INFO HTTP Request: GET https://nzzrpylddectbapxpazo.supabase.co/rest/v1/outreach_logs?select=%2A%2Crecruiters%28name%2Ccompany%29&status=eq.sent&sent_at=gte.2026-09-02T00%3A00%3A00 "HTTP/2 200 OK"
2026-09-02 17:59:21,296 INFO HTTP Request: GET https://nzzrpylddectbapxpazo.supabase.co/rest/v1/jobs?select=title%2Ccompany%2Cats_score%2Capply_url&status=eq.matched&ats_score=gte.80&limit=5 "HTTP/2 200 OK"
2026-09-02 17:59:22,013 ERROR   Telegram send failed: HTTP Error 400: Bad Request
2026-09-02 17:59:22,015 INFO 
============================================================
2026-09-02 17:59:22,015 INFO [OK] DAILY RUN COMPLETE
2026-09-02 17:59:22,015 INFO    Scraped: 0 | Matched: 0
2026-09-02 17:59:22,015 INFO    Applied: 0 | Emailed: 0
2026-09-02 17:59:22,016 INFO    Errors: 1
2026-09-02 17:59:22,016 INFO ============================================================
2026-09-02 18:02:12,922 INFO ============================================================
2026-09-02 18:02:12,922 INFO [START] DAILY JOB ENGINE RUN — 2026-09-02T12:32:12.922901+00:00
2026-09-02 18:02:12,924 INFO ============================================================
2026-09-02 18:02:12,924 INFO 
[1/5] [SCRAPE]  Scraping job boards...
2026-09-02 18:02:13,661 INFO   Naukri: Python Developer in Hyderabad
2026-09-02 18:02:21,076 INFO   Found 0 cards
2026-09-02 18:02:34,148 INFO   Naukri: Python Developer in Bangalore
2026-09-02 18:02:41,415 INFO   Found 0 cards
2026-09-02 18:02:54,205 INFO   Naukri: Python Developer in Remote
2026-09-02 18:03:01,492 INFO   Found 0 cards
2026-09-02 18:03:15,689 WARNING   YC API returned 406
2026-09-02 18:03:16,107 ERROR      [ERR] Scraping failed: [Errno 11001] getaddrinfo failed
2026-09-02 18:03:16,107 INFO 
[2/5] [ATS]  Running ATS matching...
2026-09-02 18:03:16,577 ERROR      [ERR] ATS matching failed: [Errno 11001] getaddrinfo failed
2026-09-02 18:03:16,578 INFO 
[3/5] [APPLY]  Auto-applying to top matches...
2026-09-02 18:03:16,579 ERROR      [ERR] Auto-apply failed: [Errno 11001] getaddrinfo failed
2026-09-02 18:03:16,579 INFO 
[4/5] [EMAIL]  Sending cold outreach emails...
2026-09-02 18:03:16,992 ERROR      [ERR] Cold email failed: [Errno 11001] getaddrinfo failed
2026-09-02 18:03:16,992 INFO 
[5/5] [POST]  Publishing LinkedIn posts...
2026-09-02 18:03:17,425 ERROR      [ERR] LinkedIn posting failed: [Errno 11001] getaddrinfo failed
2026-09-02 18:08:46,263 INFO ============================================================
2026-09-02 18:08:46,263 INFO [START] DAILY JOB ENGINE RUN — 2026-09-02T12:38:46.263880+00:00
2026-09-02 18:08:46,263 INFO ============================================================
2026-09-02 18:08:46,263 INFO 
[1/5] [SCRAPE]  Scraping job boards...
2026-09-02 18:08:47,025 INFO   Naukri: Python Developer in Hyderabad
2026-09-02 18:08:55,608 INFO   Found 0 cards
2026-09-02 18:09:08,439 INFO   Naukri: Python Developer in Bangalore
2026-09-02 18:09:15,604 INFO   Found 0 cards
2026-09-02 18:09:28,247 INFO   Naukri: Python Developer in Remote
2026-09-02 18:09:35,423 INFO   Found 0 cards
2026-09-02 18:09:49,516 WARNING   YC API returned 406
2026-09-02 18:09:49,869 ERROR      [ERR] Scraping failed: [Errno 11001] getaddrinfo failed
2026-09-02 18:09:49,870 INFO 
[2/5] [ATS]  Running ATS matching...
2026-09-02 18:09:50,349 ERROR      [ERR] ATS matching failed: [Errno 11001] getaddrinfo failed
2026-09-02 18:09:50,349 INFO 
[3/5] [APPLY]  Auto-applying to top matches...
2026-09-02 18:09:50,350 ERROR      [ERR] Auto-apply failed: [Errno 11001] getaddrinfo failed
2026-09-02 18:09:50,350 INFO 
[4/5] [EMAIL]  Sending cold outreach emails...
2026-09-02 18:09:50,778 ERROR      [ERR] Cold email failed: [Errno 11001] getaddrinfo failed
2026-09-02 18:09:50,779 INFO 
[5/5] [POST]  Publishing LinkedIn posts...
2026-09-02 18:09:51,229 ERROR      [ERR] LinkedIn posting failed: [Errno 11001] getaddrinfo failed
2026-09-02 18:11:44,587 INFO ============================================================
2026-09-02 18:11:44,588 INFO [START] DAILY JOB ENGINE RUN — 2026-09-02T12:41:44.588710+00:00
2026-09-02 18:11:44,588 INFO ============================================================
2026-09-02 18:11:44,588 INFO 
[1/5] [SCRAPE]  Scraping job boards...
2026-09-02 18:11:45,339 INFO   Naukri: Python Developer in Hyderabad
2026-09-02 18:11:52,866 INFO   Found 0 cards
2026-09-02 18:12:06,148 INFO   Naukri: Python Developer in Bangalore
2026-09-02 18:12:13,320 INFO   Found 0 cards
2026-09-02 18:12:25,990 INFO   Naukri: Python Developer in Remote
2026-09-02 18:12:33,158 INFO   Found 0 cards
2026-09-02 18:12:47,485 WARNING   YC API returned 406
2026-09-02 18:12:47,841 ERROR      [ERR] Scraping failed: [Errno 11001] getaddrinfo failed
2026-09-02 18:12:47,841 INFO 
[2/5] [ATS]  Running ATS matching...
2026-09-02 18:12:48,324 ERROR      [ERR] ATS matching failed: [Errno 11001] getaddrinfo failed
2026-09-02 18:12:48,325 INFO 
[3/5] [APPLY]  Auto-applying to top matches...
2026-09-02 18:12:48,325 ERROR      [ERR] Auto-apply failed: [Errno 11001] getaddrinfo failed
2026-09-02 18:12:48,326 INFO 
[4/5] [EMAIL]  Sending cold outreach emails...
2026-09-02 18:12:48,755 ERROR      [ERR] Cold email failed: [Errno 11001] getaddrinfo failed
2026-09-02 18:12:48,756 INFO 
[5/5] [POST]  Publishing LinkedIn posts...
2026-09-02 18:12:49,233 ERROR      [ERR] LinkedIn posting failed: [Errno 11001] getaddrinfo failed
2026-09-02 18:17:02,207 INFO ============================================================
2026-09-02 18:17:02,208 INFO [START] DAILY JOB ENGINE RUN — 2026-09-02T12:47:02.208249+00:00
2026-09-02 18:17:02,210 INFO ============================================================
2026-09-02 18:17:02,211 INFO 
[1/5] [SCRAPE]  Scraping job boards...
2026-09-02 18:17:08,762 INFO   Naukri: Python Developer in Hyderabad
2026-09-02 18:17:16,161 INFO   Found 0 cards
2026-09-02 18:17:29,164 INFO   Naukri: Python Developer in Bangalore
2026-09-02 18:17:36,323 INFO   Found 0 cards
2026-09-02 18:17:48,959 INFO   Naukri: Python Developer in Remote
2026-09-02 18:17:56,106 INFO   Found 0 cards
2026-09-02 18:18:11,119 WARNING   YC API returned 406
2026-09-02 18:18:13,096 INFO HTTP Request: GET https://nzzrpylddectbapxpazo.supabase.co/rest/v1/jobs?select=id&job_url=eq.https%3A%2F%2Fin.linkedin.com%2Fjobs%2Fview%2Fpython-developer-at-srs-consulting-inc-4460927223 "HTTP/2 200 OK"
2026-09-02 18:18:13,559 INFO HTTP Request: POST https://nzzrpylddectbapxpazo.supabase.co/rest/v1/jobs "HTTP/2 401 Unauthorized"
2026-09-02 18:18:13,843 ERROR      [ERR] Scraping failed: {'message': 'new row violates row-level security policy for table "jobs"', 'code': '42501', 'hint': None, 'details': None}
2026-09-02 18:18:13,843 INFO 
[2/5] [ATS]  Running ATS matching...
2026-09-02 18:18:15,473 INFO HTTP Request: GET https://nzzrpylddectbapxpazo.supabase.co/rest/v1/jobs?select=id%2Ctitle%2Ccompany%2Cdescription_raw&status=eq.scraped&description_raw=not.is.null&limit=50 "HTTP/2 200 OK"
2026-09-02 18:18:15,474 INFO      [OK] Matched 0 qualifying jobs
2026-09-02 18:18:15,474 INFO 
[3/5] [APPLY]  Auto-applying to top matches...
2026-09-02 18:18:15,628 INFO HTTP Request: GET https://nzzrpylddectbapxpazo.supabase.co/rest/v1/jobs?select=id%2Ctitle%2Ccompany%2Cats_score%2Capply_url%2Cplatform&status=eq.matched&ats_score=gte.75&order=ats_score.desc&limit=20 "HTTP/2 200 OK"
2026-09-02 18:18:15,629 INFO      [OK] Auto-applied to 0 jobs
2026-09-02 18:18:15,629 INFO 
[4/5] [EMAIL]  Sending cold outreach emails...
2026-09-02 18:18:17,066 INFO HTTP Request: GET https://nzzrpylddectbapxpazo.supabase.co/rest/v1/outreach_logs?select=id&status=eq.sent&sent_at=gte.2026-09-02T00%3A00%3A00 "HTTP/2 200 OK"
2026-09-02 18:18:17,232 INFO HTTP Request: GET https://nzzrpylddectbapxpazo.supabase.co/rest/v1/jobs?select=id%2Ctitle%2Ccompany%2Ccompany_domain%2Clocation%2Cdescription_raw%2Cats_score%2Capply_url%2Cmatched_keywords&status=in.%28matched%2Cauto_applied%29&ats_score=gte.70&order=ats_score.desc&limit=15 "HTTP/2 200 OK"
2026-09-02 18:18:17,269 INFO      [OK] Sent 0 cold emails
2026-09-02 18:18:17,269 INFO 
[5/5] [POST]  Publishing LinkedIn posts...
2026-09-02 18:18:18,095 INFO HTTP Request: GET https://nzzrpylddectbapxpazo.supabase.co/rest/v1/linkedin_posts?select=%2A&status=in.%28scheduled%29&scheduled_for=lte.2026-09-02T12%3A48%3A17.578582%2B00%3A00 "HTTP/2 200 OK"
2026-09-02 18:18:18,096 INFO Published 0 due posts
2026-09-02 18:18:18,269 INFO HTTP Request: POST https://nzzrpylddectbapxpazo.supabase.co/rest/v1/daily_run_logs?on_conflict=run_date "HTTP/2 200 OK"
2026-09-02 18:18:18,270 INFO      [OK] Published 0 LinkedIn posts
2026-09-02 18:18:18,430 INFO HTTP Request: POST https://nzzrpylddectbapxpazo.supabase.co/rest/v1/daily_run_logs?on_conflict=run_date "HTTP/2 200 OK"
2026-09-02 18:18:18,431 INFO 
[NOTIFY] Sending daily summary notification...
2026-09-02 18:18:18,584 INFO HTTP Request: GET https://nzzrpylddectbapxpazo.supabase.co/rest/v1/daily_run_logs?select=%2A&run_date=eq.2026-09-02 "HTTP/2 200 OK"
2026-09-02 18:18:18,765 INFO HTTP Request: GET https://nzzrpylddectbapxpazo.supabase.co/rest/v1/applications?select=%2A%2Cjobs%28title%2Ccompany%2Clocation%2Cats_score%29&applied_at=gte.2026-09-02T00%3A00%3A00&order=applied_at.desc&limit=5 "HTTP/2 200 OK"
2026-09-02 18:18:18,928 INFO HTTP Request: GET https://nzzrpylddectbapxpazo.supabase.co/rest/v1/outreach_logs?select=%2A%2Crecruiters%28name%2Ccompany%29&status=eq.sent&sent_at=gte.2026-09-02T00%3A00%3A00 "HTTP/2 200 OK"
2026-09-02 18:18:19,088 INFO HTTP Request: GET https://nzzrpylddectbapxpazo.supabase.co/rest/v1/jobs?select=title%2Ccompany%2Cats_score%2Capply_url&status=eq.matched&ats_score=gte.80&limit=5 "HTTP/2 200 OK"
2026-09-02 18:18:20,020 INFO   [NOTIFY] Telegram notification sent
2026-09-02 18:18:20,020 INFO 
============================================================
2026-09-02 18:18:20,021 INFO [OK] DAILY RUN COMPLETE
2026-09-02 18:18:20,021 INFO    Scraped: 0 | Matched: 0
2026-09-02 18:18:20,021 INFO    Applied: 0 | Emailed: 0
2026-09-02 18:18:20,021 INFO    Errors: 1
2026-09-02 18:18:20,022 INFO ============================================================
2026-09-02 18:19:29,473 INFO ============================================================
2026-09-02 18:19:29,473 INFO [START] DAILY JOB ENGINE RUN — 2026-09-02T12:49:29.473985+00:00
2026-09-02 18:19:29,473 INFO ============================================================
2026-09-02 18:19:29,474 INFO 
[1/5] [SCRAPE]  Scraping job boards...
2026-09-02 18:19:30,411 INFO   Naukri: Python Developer in Hyderabad
2026-09-02 18:19:37,865 INFO   Found 0 cards
2026-09-02 18:19:51,493 INFO   Naukri: Python Developer in Bangalore
2026-09-02 18:19:58,701 INFO   Found 0 cards
2026-09-02 18:20:12,110 INFO   Naukri: Python Developer in Remote
2026-09-02 18:20:19,254 INFO   Found 0 cards
2026-09-02 18:20:34,439 WARNING   YC API returned 406
2026-09-02 18:20:35,910 INFO HTTP Request: GET https://nzzrpylddectbapxpazo.supabase.co/rest/v1/jobs?select=id&job_url=eq.https%3A%2F%2Fbg.linkedin.com%2Fjobs%2Fview%2Fbackend-python-developer-f-m-d-%2540-a1-competence-delivery-center-at-a1-bulgaria-4461759815 "HTTP/2 200 OK"
2026-09-02 18:20:36,164 INFO HTTP Request: POST https://nzzrpylddectbapxpazo.supabase.co/rest/v1/jobs "HTTP/2 401 Unauthorized"
2026-09-02 18:20:36,391 ERROR      [ERR] Scraping failed: {'message': 'new row violates row-level security policy for table "jobs"', 'code': '42501', 'hint': None, 'details': None}
2026-09-02 18:20:36,391 INFO 
[2/5] [ATS]  Running ATS matching...
2026-09-02 18:20:37,908 INFO HTTP Request: GET https://nzzrpylddectbapxpazo.supabase.co/rest/v1/jobs?select=id%2Ctitle%2Ccompany%2Cdescription_raw&status=eq.scraped&description_raw=not.is.null&limit=50 "HTTP/2 200 OK"
2026-09-02 18:20:37,909 INFO      [OK] Matched 0 qualifying jobs
2026-09-02 18:20:37,910 INFO 
[3/5] [APPLY]  Auto-applying to top matches...
2026-09-02 18:20:38,078 INFO HTTP Request: GET https://nzzrpylddectbapxpazo.supabase.co/rest/v1/jobs?select=id%2Ctitle%2Ccompany%2Cats_score%2Capply_url%2Cplatform&status=eq.matched&ats_score=gte.75&order=ats_score.desc&limit=20 "HTTP/2 200 OK"
2026-09-02 18:20:38,081 INFO      [OK] Auto-applied to 0 jobs
2026-09-02 18:20:38,081 INFO 
[4/5] [EMAIL]  Sending cold outreach emails...
2026-09-02 18:20:39,329 INFO HTTP Request: GET https://nzzrpylddectbapxpazo.supabase.co/rest/v1/outreach_logs?select=id&status=eq.sent&sent_at=gte.2026-09-02T00%3A00%3A00 "HTTP/2 200 OK"
2026-09-02 18:20:39,485 INFO HTTP Request: GET https://nzzrpylddectbapxpazo.supabase.co/rest/v1/jobs?select=id%2Ctitle%2Ccompany%2Ccompany_domain%2Clocation%2Cdescription_raw%2Cats_score%2Capply_url%2Cmatched_keywords&status=in.%28matched%2Cauto_applied%29&ats_score=gte.70&order=ats_score.desc&limit=15 "HTTP/2 200 OK"
2026-09-02 18:20:39,490 INFO      [OK] Sent 0 cold emails
2026-09-02 18:20:39,490 INFO 
[5/5] [POST]  Publishing LinkedIn posts...
2026-09-02 18:20:41,034 INFO HTTP Request: GET https://nzzrpylddectbapxpazo.supabase.co/rest/v1/linkedin_posts?select=%2A&status=in.%28scheduled%29&scheduled_for=lte.2026-09-02T12%3A50%3A40.133447%2B00%3A00 "HTTP/2 200 OK"
2026-09-02 18:20:41,036 INFO Published 0 due posts
2026-09-02 18:20:41,213 INFO HTTP Request: POST https://nzzrpylddectbapxpazo.supabase.co/rest/v1/daily_run_logs?on_conflict=run_date "HTTP/2 200 OK"
2026-09-02 18:20:41,215 INFO      [OK] Published 0 LinkedIn posts
2026-09-02 18:20:41,407 INFO HTTP Request: POST https://nzzrpylddectbapxpazo.supabase.co/rest/v1/daily_run_logs?on_conflict=run_date "HTTP/2 200 OK"
2026-09-02 18:20:41,410 INFO 
[NOTIFY] Sending daily summary notification...
2026-09-02 18:20:41,571 INFO HTTP Request: GET https://nzzrpylddectbapxpazo.supabase.co/rest/v1/daily_run_logs?select=%2A&run_date=eq.2026-09-02 "HTTP/2 200 OK"
2026-09-02 18:20:41,738 INFO HTTP Request: GET https://nzzrpylddectbapxpazo.supabase.co/rest/v1/applications?select=%2A%2Cjobs%28title%2Ccompany%2Clocation%2Cats_score%29&applied_at=gte.2026-09-02T00%3A00%3A00&order=applied_at.desc&limit=5 "HTTP/2 200 OK"
2026-09-02 18:20:41,900 INFO HTTP Request: GET https://nzzrpylddectbapxpazo.supabase.co/rest/v1/outreach_logs?select=%2A%2Crecruiters%28name%2Ccompany%29&status=eq.sent&sent_at=gte.2026-09-02T00%3A00%3A00 "HTTP/2 200 OK"
2026-09-02 18:20:42,064 INFO HTTP Request: GET https://nzzrpylddectbapxpazo.supabase.co/rest/v1/jobs?select=title%2Ccompany%2Cats_score%2Capply_url&status=eq.matched&ats_score=gte.80&limit=5 "HTTP/2 200 OK"
2026-09-02 18:20:43,547 INFO   [NOTIFY] Telegram notification sent
2026-09-02 18:20:43,548 INFO 
============================================================
2026-09-02 18:20:43,548 INFO [OK] DAILY RUN COMPLETE
2026-09-02 18:20:43,549 INFO    Scraped: 0 | Matched: 0
2026-09-02 18:20:43,549 INFO    Applied: 0 | Emailed: 0
2026-09-02 18:20:43,550 INFO    Errors: 1
2026-09-02 18:20:43,551 INFO ============================================================
2026-09-02 18:28:27,861 INFO ============================================================
2026-09-02 18:28:27,862 INFO [START] DAILY JOB ENGINE RUN — 2026-09-02T12:58:27.862494+00:00
2026-09-02 18:28:27,863 INFO ============================================================
2026-09-02 18:28:27,863 INFO 
[1/5] [SCRAPE]  Scraping job boards...
2026-09-02 18:28:28,728 INFO   Naukri: Python Developer in Hyderabad
2026-09-02 18:28:38,960 INFO   Found 0 cards
2026-09-02 18:28:51,912 INFO   LinkedIn: Python Developer in Hyderabad -> 25 found
2026-09-02 18:28:51,912 INFO   Naukri: Python Developer in Bangalore
2026-09-02 18:28:59,068 INFO   Found 0 cards
2026-09-02 18:29:11,825 INFO   LinkedIn: Python Developer in Bangalore -> 25 found
2026-09-02 18:29:11,826 INFO   Naukri: Python Developer in Remote
2026-09-02 18:29:18,986 INFO   Found 0 cards
2026-09-02 18:29:31,610 INFO   LinkedIn: Python Developer in Remote -> 25 found
2026-09-02 18:29:33,029 WARNING   YC API returned 406
2026-09-02 18:29:34,131 INFO HTTP Request: GET https://nzzrpylddectbapxpazo.supabase.co/rest/v1/jobs?select=id&job_url=eq.https%3A%2F%2Fbg.linkedin.com%2Fjobs%2Fview%2Fbackend-python-developer-f-m-d-%2540-a1-competence-delivery-center-at-a1-bulgaria-4461759815 "HTTP/2 200 OK"
2026-09-02 18:29:34,329 INFO HTTP Request: POST https://nzzrpylddectbapxpazo.supabase.co/rest/v1/jobs "HTTP/2 401 Unauthorized"
2026-09-02 18:29:34,486 ERROR      [ERR] Scraping failed: {'message': 'new row violates row-level security policy for table "jobs"', 'code': '42501', 'hint': None, 'details': None}
2026-09-02 18:29:34,487 INFO 
[2/5] [ATS]  Running ATS matching...
2026-09-02 18:29:34,704 ERROR      [ERR] ATS matching failed: cannot import name 'call_ai' from 'ai_client' (C:\Users\Umar Basha\OneDrive\Desktop\job-engine\scripts\ai_client.py)
2026-09-02 18:29:34,708 INFO 
[3/5] [APPLY]  Auto-applying to top matches...
2026-09-02 18:29:35,295 INFO HTTP Request: GET https://nzzrpylddectbapxpazo.supabase.co/rest/v1/jobs?select=id%2Ctitle%2Ccompany%2Cats_score%2Capply_url%2Cplatform&status=eq.matched&ats_score=gte.75&order=ats_score.desc&limit=20 "HTTP/2 200 OK"
2026-09-02 18:29:35,297 INFO      [OK] Auto-applied to 0 jobs
2026-09-02 18:29:35,298 INFO 
[4/5] [EMAIL]  Sending cold outreach emails...
2026-09-02 18:29:35,314 ERROR      [ERR] Cold email failed: cannot import name 'call_ai' from 'ai_client' (C:\Users\Umar Basha\OneDrive\Desktop\job-engine\scripts\ai_client.py)
2026-09-02 18:29:35,315 INFO 
[5/5] [POST]  Publishing LinkedIn posts...
2026-09-02 18:29:35,385 ERROR      [ERR] LinkedIn posting failed: cannot import name 'call_ai' from 'ai_client' (C:\Users\Umar Basha\OneDrive\Desktop\job-engine\scripts\ai_client.py)
2026-09-02 18:29:35,602 INFO HTTP Request: POST https://nzzrpylddectbapxpazo.supabase.co/rest/v1/daily_run_logs?on_conflict=run_date "HTTP/2 200 OK"
2026-09-02 18:29:35,605 INFO 
[NOTIFY] Sending daily summary notification...
2026-09-02 18:29:35,806 INFO HTTP Request: GET https://nzzrpylddectbapxpazo.supabase.co/rest/v1/daily_run_logs?select=%2A&run_date=eq.2026-09-02 "HTTP/2 200 OK"
2026-09-02 18:29:36,018 INFO HTTP Request: GET https://nzzrpylddectbapxpazo.supabase.co/rest/v1/applications?select=%2A%2Cjobs%28title%2Ccompany%2Clocation%2Cats_score%29&applied_at=gte.2026-09-02T00%3A00%3A00&order=applied_at.desc&limit=5 "HTTP/2 200 OK"
2026-09-02 18:29:36,215 INFO HTTP Request: GET https://nzzrpylddectbapxpazo.supabase.co/rest/v1/outreach_logs?select=%2A%2Crecruiters%28name%2Ccompany%29&status=eq.sent&sent_at=gte.2026-09-02T00%3A00%3A00 "HTTP/2 200 OK"
2026-09-02 18:29:36,421 INFO HTTP Request: GET https://nzzrpylddectbapxpazo.supabase.co/rest/v1/jobs?select=title%2Ccompany%2Cats_score%2Capply_url&status=eq.matched&ats_score=gte.80&limit=5 "HTTP/2 200 OK"
2026-09-02 18:29:37,344 INFO   [NOTIFY] Telegram notification sent
2026-09-02 18:29:37,345 INFO 
============================================================
2026-09-02 18:29:37,345 INFO [OK] DAILY RUN COMPLETE
2026-09-02 18:29:37,345 INFO    Scraped: 0 | Matched: 0
2026-09-02 18:29:37,345 INFO    Applied: 0 | Emailed: 0
2026-09-02 18:29:37,345 INFO    Errors: 4
2026-09-02 18:29:37,345 INFO ============================================================
2026-09-02 18:34:17,564 INFO ============================================================
2026-09-02 18:34:17,565 INFO [START] DAILY JOB ENGINE RUN — 2026-09-02T13:04:17.565677+00:00
2026-09-02 18:34:17,566 INFO ============================================================
2026-09-02 18:34:17,567 INFO 
[1/5] [SCRAPE]  Scraping job boards...
2026-09-02 18:34:18,431 INFO   Naukri: Python Developer in Hyderabad
2026-09-02 18:34:26,227 INFO   Found 0 cards
2026-09-02 18:34:40,697 INFO   LinkedIn: Python Developer in Hyderabad -> 25 found
2026-09-02 18:34:40,698 INFO   Naukri: Python Developer in Bangalore
2026-09-02 18:34:47,992 INFO   Found 0 cards
2026-09-02 18:35:01,410 INFO   LinkedIn: Python Developer in Bangalore -> 25 found
2026-09-02 18:35:01,411 INFO   Naukri: Python Developer in Remote
2026-09-02 18:35:08,580 INFO   Found 0 cards
2026-09-02 18:35:38,590 ERROR LinkedIn error: Page.goto: Timeout 30000ms exceeded.
Call log:
  - navigating to "https://www.linkedin.com/jobs/search/?keywords=Python%20Developer&location=Remote&f_TPR=r86400&f_E=1%2C2", waiting until "domcontentloaded"

2026-09-02 18:35:39,924 WARNING   YC API returned 406
2026-09-02 18:35:39,925 INFO   Naukri: Django Developer in Hyderabad
2026-09-02 18:35:47,077 INFO   Found 0 cards
2026-09-02 18:36:00,298 INFO   LinkedIn: Django Developer in Hyderabad -> 25 found
2026-09-02 18:36:00,298 INFO   Naukri: Django Developer in Bangalore
2026-09-02 18:36:07,468 INFO   Found 0 cards
2026-09-02 18:36:20,717 INFO   LinkedIn: Django Developer in Bangalore -> 25 found
2026-09-02 18:36:20,718 INFO   Naukri: Django Developer in Remote
2026-09-02 18:36:27,861 INFO   Found 0 cards
2026-09-02 18:36:42,088 INFO   LinkedIn: Django Developer in Remote -> 24 found
2026-09-02 18:36:43,413 WARNING   YC API returned 406
2026-09-02 18:36:44,342 INFO HTTP Request: GET https://nzzrpylddectbapxpazo.supabase.co/rest/v1/jobs?select=id&job_url=eq.https%3A%2F%2Fie.linkedin.com%2Fjobs%2Fview%2Fsenior-django-developer-at-dept%25C2%25AE-4442760055 "HTTP/2 200 OK"
2026-09-02 18:36:44,544 INFO HTTP Request: POST https://nzzrpylddectbapxpazo.supabase.co/rest/v1/jobs "HTTP/2 201 Created"
2026-09-02 18:36:44,549 INFO   Saved: Senior Django Developer @ DEPT®
2026-09-02 18:36:47,673 INFO HTTP Request: PATCH https://nzzrpylddectbapxpazo.supabase.co/rest/v1/jobs?id=eq.abcec2ce-6774-41ff-be91-3964d61e7b5e "HTTP/2 200 OK"
2026-09-02 18:36:49,351 INFO HTTP Request: GET https://nzzrpylddectbapxpazo.supabase.co/rest/v1/jobs?select=id&job_url=eq.https%3A%2F%2Fwww.linkedin.com%2Fjobs%2Fview%2Fpython-django-developer-at-tata-consultancy-services-4451909310 "HTTP/2 200 OK"
2026-09-02 18:36:49,512 INFO HTTP Request: POST https://nzzrpylddectbapxpazo.supabase.co/rest/v1/jobs "HTTP/2 201 Created"
2026-09-02 18:36:49,514 INFO   Saved: Python Django Developer @ Tata Consultancy Services
2026-09-02 18:36:52,400 INFO HTTP Request: PATCH https://nzzrpylddectbapxpazo.supabase.co/rest/v1/jobs?id=eq.2c1b5911-ded3-4f91-baec-01b94e89f961 "HTTP/2 200 OK"
2026-09-02 18:36:54,059 INFO HTTP Request: GET https://nzzrpylddectbapxpazo.supabase.co/rest/v1/jobs?select=id&job_url=eq.https%3A%2F%2Fin.linkedin.com%2Fjobs%2Fview%2Fsoftware-engineer-ii-python-fast-api-django-microservices-sql-azure-git-at-blue-yonder-4449020093 "HTTP/2 200 OK"
2026-09-02 18:36:54,236 INFO HTTP Request: POST https://nzzrpylddectbapxpazo.supabase.co/rest/v1/jobs "HTTP/2 201 Created"
2026-09-02 18:36:54,238 INFO   Saved: Software Engineer II - Python, Fast API, Django, Microservices, SQL, Azure, GIT @ Blue Yonder
2026-09-02 18:36:57,008 INFO HTTP Request: PATCH https://nzzrpylddectbapxpazo.supabase.co/rest/v1/jobs?id=eq.126c273b-15a9-4e47-a731-cdd25f9b690f "HTTP/2 200 OK"
2026-09-02 18:36:58,679 INFO HTTP Request: GET https://nzzrpylddectbapxpazo.supabase.co/rest/v1/jobs?select=id&job_url=eq.https%3A%2F%2Fua.linkedin.com%2Fjobs%2Fview%2Fsenior-python-developer-irc301523-at-globallogic-4451180999 "HTTP/2 200 OK"
2026-09-02 18:36:58,838 INFO HTTP Request: POST https://nzzrpylddectbapxpazo.supabase.co/rest/v1/jobs "HTTP/2 201 Created"
2026-09-02 18:36:58,840 INFO   Saved: Senior Python developer IRC301523 @ GlobalLogic
2026-09-02 18:37:01,738 INFO HTTP Request: PATCH https://nzzrpylddectbapxpazo.supabase.co/rest/v1/jobs?id=eq.4f2524ed-f9a2-47de-bae5-56ad578b45a7 "HTTP/2 200 OK"
2026-09-02 18:37:03,403 INFO HTTP Request: GET https://nzzrpylddectbapxpazo.supabase.co/rest/v1/jobs?select=id&job_url=eq.https%3A%2F%2Fin.linkedin.com%2Fjobs%2Fview%2Fsenior-analyst-at-eclerx-4462187266 "HTTP/2 200 OK"
2026-09-02 18:37:03,572 INFO HTTP Request: POST https://nzzrpylddectbapxpazo.supabase.co/rest/v1/jobs "HTTP/2 201 Created"
2026-09-02 18:37:03,575 INFO   Saved: Senior Analyst @ eClerx
2026-09-02 18:37:06,253 INFO HTTP Request: PATCH https://nzzrpylddectbapxpazo.supabase.co/rest/v1/jobs?id=eq.2429b32a-1954-4cc1-96da-dce7ba3f3bdc "HTTP/2 200 OK"
2026-09-02 18:37:07,924 INFO HTTP Request: GET https://nzzrpylddectbapxpazo.supabase.co/rest/v1/jobs?select=id&job_url=eq.https%3A%2F%2Fin.linkedin.com%2Fjobs%2Fview%2Fsenior-analyst-at-eclerx-4440538790 "HTTP/2 200 OK"
2026-09-02 18:37:08,335 INFO HTTP Request: POST https://nzzrpylddectbapxpazo.supabase.co/rest/v1/jobs "HTTP/2 201 Created"
2026-09-02 18:37:08,341 INFO   Saved: Senior Analyst @ eClerx
2026-09-02 18:37:11,496 INFO HTTP Request: PATCH https://nzzrpylddectbapxpazo.supabase.co/rest/v1/jobs?id=eq.f404760a-eb1e-4d3a-8bc2-5aaa3b0bab28 "HTTP/2 200 OK"
2026-09-02 18:37:13,174 INFO HTTP Request: GET https://nzzrpylddectbapxpazo.supabase.co/rest/v1/jobs?select=id&job_url=eq.https%3A%2F%2Fnl.linkedin.com%2Fjobs%2Fview%2Fsenior-python-developer-at-haystack-people-4460612262 "HTTP/2 200 OK"
2026-09-02 18:37:13,341 INFO HTTP Request: POST https://nzzrpylddectbapxpazo.supabase.co/rest/v1/jobs "HTTP/2 201 Created"
2026-09-02 18:37:13,345 INFO   Saved: Senior Python developer @ Haystack People
2026-09-02 18:37:16,355 INFO HTTP Request: PATCH https://nzzrpylddectbapxpazo.supabase.co/rest/v1/jobs?id=eq.9182e8cb-d325-4f88-949b-0da212babe7d "HTTP/2 200 OK"
2026-09-02 18:37:18,033 INFO HTTP Request: GET https://nzzrpylddectbapxpazo.supabase.co/rest/v1/jobs?select=id&job_url=eq.https%3A%2F%2Fin.linkedin.com%2Fjobs%2Fview%2Fpython-developer-in-noida-at-instaastro-4462084877 "HTTP/2 200 OK"
2026-09-02 18:37:18,191 INFO HTTP Request: POST https://nzzrpylddectbapxpazo.supabase.co/rest/v1/jobs "HTTP/2 201 Created"
2026-09-02 18:37:18,192 INFO   Saved: Python Developer in Noida @ InstaAstro
2026-09-02 18:37:20,775 INFO HTTP Request: PATCH https://nzzrpylddectbapxpazo.supabase.co/rest/v1/jobs?id=eq.40bdd885-66d8-441b-af66-e5d3831fd1c5 "HTTP/2 200 OK"
2026-09-02 18:37:22,435 INFO HTTP Request: GET https://nzzrpylddectbapxpazo.supabase.co/rest/v1/jobs?select=id&job_url=eq.https%3A%2F%2Fde.linkedin.com%2Fjobs%2Fview%2Fmid-or-senior-software-engineer-python-m-f-d-at-momox-4451556085 "HTTP/2 200 OK"
2026-09-02 18:37:22,595 INFO HTTP Request: POST https://nzzrpylddectbapxpazo.supabase.co/rest/v1/jobs "HTTP/2 201 Created"
2026-09-02 18:37:22,596 INFO   Saved: Mid or Senior Software Engineer - Python (m/f/d) @ momox
2026-09-02 18:37:25,920 INFO HTTP Request: PATCH https://nzzrpylddectbapxpazo.supabase.co/rest/v1/jobs?id=eq.13e55a5b-4766-415b-8650-774f56a1d7db "HTTP/2 200 OK"
2026-09-02 18:37:27,606 INFO HTTP Request: GET https://nzzrpylddectbapxpazo.supabase.co/rest/v1/jobs?select=id&job_url=eq.https%3A%2F%2Fgr.linkedin.com%2Fjobs%2Fview%2Fpython-django-developer-%25E2%2580%2594-erp-systems-junior%25E2%2580%2593mid-greek-required-at-neurons-tech-4459919500 "HTTP/2 200 OK"
2026-09-02 18:37:27,766 INFO HTTP Request: POST https://nzzrpylddectbapxpazo.supabase.co/rest/v1/jobs "HTTP/2 201 Created"
2026-09-02 18:37:27,766 INFO   Saved: Python / Django Developer — ERP Systems (Junior–Mid) | Greek Required @ Neurons Tech
2026-09-02 18:37:30,494 INFO HTTP Request: PATCH https://nzzrpylddectbapxpazo.supabase.co/rest/v1/jobs?id=eq.e57d11ef-0af9-49ca-9e16-627aa3fe6b0b "HTTP/2 200 OK"
2026-09-02 18:37:32,150 INFO HTTP Request: GET https://nzzrpylddectbapxpazo.supabase.co/rest/v1/jobs?select=id&job_url=eq.https%3A%2F%2Fnl.linkedin.com%2Fjobs%2Fview%2Fsoftware-engineer-python-django-at-that-recruitment-company-4461754090 "HTTP/2 200 OK"
2026-09-02 18:37:32,305 INFO HTTP Request: POST https://nzzrpylddectbapxpazo.supabase.co/rest/v1/jobs "HTTP/2 201 Created"
2026-09-02 18:37:32,307 INFO   Saved: Software Engineer - Python/Django @ That Recruitment Company
2026-09-02 18:37:34,976 INFO HTTP Request: PATCH https://nzzrpylddectbapxpazo.supabase.co/rest/v1/jobs?id=eq.fdf8c801-1829-440d-bd8a-89e46ff41e96 "HTTP/2 200 OK"
2026-09-02 18:37:36,659 INFO HTTP Request: GET https://nzzrpylddectbapxpazo.supabase.co/rest/v1/jobs?select=id&job_url=eq.https%3A%2F%2Fwww.linkedin.com%2Fjobs%2Fview%2Ffull-stack-developer-python-at-tata-consultancy-services-4460671113 "HTTP/2 200 OK"
2026-09-02 18:37:36,861 INFO HTTP Request: POST https://nzzrpylddectbapxpazo.supabase.co/rest/v1/jobs "HTTP/2 201 Created"
2026-09-02 18:37:36,874 INFO   Saved: Full-stack developer - Python @ Tata Consultancy Services
2026-09-02 18:37:39,786 INFO HTTP Request: PATCH https://nzzrpylddectbapxpazo.supabase.co/rest/v1/jobs?id=eq.1f457dd2-d91a-49f9-9374-3cd512377794 "HTTP/2 200 OK"
2026-09-02 18:37:41,460 INFO HTTP Request: GET https://nzzrpylddectbapxpazo.supabase.co/rest/v1/jobs?select=id&job_url=eq.https%3A%2F%2Fwww.linkedin.com%2Fjobs%2Fview%2Fpython-developer-at-ltm-4438331320 "HTTP/2 200 OK"
2026-09-02 18:37:41,610 INFO HTTP Request: POST https://nzzrpylddectbapxpazo.supabase.co/rest/v1/jobs "HTTP/2 201 Created"
2026-09-02 18:37:41,610 INFO   Saved: Python Developer @ LTM
2026-09-02 18:37:44,198 INFO HTTP Request: PATCH https://nzzrpylddectbapxpazo.supabase.co/rest/v1/jobs?id=eq.4a133531-55c6-400c-96dd-24a2e2a35c77 "HTTP/2 200 OK"
2026-09-02 18:37:46,104 INFO HTTP Request: GET https://nzzrpylddectbapxpazo.supabase.co/rest/v1/jobs?select=id&job_url=eq.https%3A%2F%2Fpk.linkedin.com%2Fjobs%2Fview%2Fbackend-developer-python-at-ibtidah-solutions-4459931700 "HTTP/2 200 OK"
2026-09-02 18:37:46,262 INFO HTTP Request: POST https://nzzrpylddectbapxpazo.supabase.co/rest/v1/jobs "HTTP/2 201 Created"
2026-09-02 18:37:46,263 INFO   Saved: Backend Developer - Python @ Ibtidah Solutions
2026-09-02 18:37:48,994 INFO HTTP Request: PATCH https://nzzrpylddectbapxpazo.supabase.co/rest/v1/jobs?id=eq.5547214a-5503-4cf4-815e-04d8681a105d "HTTP/2 200 OK"
2026-09-02 18:37:50,821 INFO HTTP Request: GET https://nzzrpylddectbapxpazo.supabase.co/rest/v1/jobs?select=id&job_url=eq.https%3A%2F%2Fin.linkedin.com%2Fjobs%2Fview%2Fdevops-engineer-at-accenture-in-india-4448322765 "HTTP/2 200 OK"
2026-09-02 18:37:51,112 INFO HTTP Request: POST https://nzzrpylddectbapxpazo.supabase.co/rest/v1/jobs "HTTP/2 201 Created"
2026-09-02 18:37:51,114 INFO   Saved: DevOps Engineer @ Accenture in India
2026-09-02 18:37:54,008 INFO HTTP Request: PATCH https://nzzrpylddectbapxpazo.supabase.co/rest/v1/jobs?id=eq.195131ee-2cd0-4ade-a821-04ee5b66297f "HTTP/2 200 OK"
2026-09-02 18:37:55,665 INFO HTTP Request: GET https://nzzrpylddectbapxpazo.supabase.co/rest/v1/jobs?select=id&job_url=eq.https%3A%2F%2Fkr.linkedin.com%2Fjobs%2Fview%2F%25EB%25B0%25B1%25EC%2597%2594%25EB%2593%259C-back-end-%25EA%25B0%259C%25EB%25B0%259C%25EC%259E%2590-%25EC%25B1%2584%25EC%259A%25A9-at-securion-%25EC%258B%259C%25ED%2581%2590%25EB%25A6%25AC%25EC%2598%25A8-4460955070 "HTTP/2 200 OK"
2026-09-02 18:37:55,819 INFO HTTP Request: POST https://nzzrpylddectbapxpazo.supabase.co/rest/v1/jobs "HTTP/2 201 Created"
2026-09-02 18:37:58,586 INFO HTTP Request: PATCH https://nzzrpylddectbapxpazo.supabase.co/rest/v1/jobs?id=eq.17651e84-1a8f-4671-95df-4b092c18a851 "HTTP/2 200 OK"
2026-09-02 18:38:00,262 INFO HTTP Request: GET https://nzzrpylddectbapxpazo.supabase.co/rest/v1/jobs?select=id&job_url=eq.https%3A%2F%2Fmx.linkedin.com%2Fjobs%2Fview%2Fmid-level-python-developer-colombia-at-ci-t-4460935557 "HTTP/2 200 OK"
2026-09-02 18:38:00,413 INFO HTTP Request: POST https://nzzrpylddectbapxpazo.supabase.co/rest/v1/jobs "HTTP/2 201 Created"
2026-09-02 18:38:00,414 INFO   Saved: Mid Level Python Developer , Colombia @ CI&T
2026-09-02 18:38:03,290 INFO HTTP Request: PATCH https://nzzrpylddectbapxpazo.supabase.co/rest/v1/jobs?id=eq.55339b34-7ea0-46a2-85e9-901d103e9c9b "HTTP/2 200 OK"
2026-09-02 18:38:05,025 INFO HTTP Request: GET https://nzzrpylddectbapxpazo.supabase.co/rest/v1/jobs?select=id&job_url=eq.https%3A%2F%2Fuk.linkedin.com%2Fjobs%2Fview%2Fpython-developer-at-virtuetech-recruitment-group-4459529592 "HTTP/2 200 OK"
2026-09-02 18:38:05,252 INFO HTTP Request: POST https://nzzrpylddectbapxpazo.supabase.co/rest/v1/jobs "HTTP/2 201 Created"
2026-09-02 18:38:05,254 INFO   Saved: Python Developer @ VirtueTech Recruitment Group
2026-09-02 18:38:08,058 INFO HTTP Request: PATCH https://nzzrpylddectbapxpazo.supabase.co/rest/v1/jobs?id=eq.23b8b41a-58df-48d6-b265-f6fbe7c385df "HTTP/2 200 OK"
2026-09-02 18:38:09,749 INFO HTTP Request: GET https://nzzrpylddectbapxpazo.supabase.co/rest/v1/jobs?select=id&job_url=eq.https%3A%2F%2Fin.linkedin.com%2Fjobs%2Fview%2Fsenior-backend-developer-at-miba-group-4461752859 "HTTP/2 200 OK"
2026-09-02 18:38:09,953 INFO HTTP Request: POST https://nzzrpylddectbapxpazo.supabase.co/rest/v1/jobs "HTTP/2 201 Created"
2026-09-02 18:38:09,955 INFO   Saved: Senior Backend Developer @ Miba Group
2026-09-02 18:38:12,563 INFO HTTP Request: PATCH https://nzzrpylddectbapxpazo.supabase.co/rest/v1/jobs?id=eq.b91880c5-a274-4df6-b53c-59f3b8c94568 "HTTP/2 200 OK"
2026-09-02 18:38:14,240 INFO HTTP Request: GET https://nzzrpylddectbapxpazo.supabase.co/rest/v1/jobs?select=id&job_url=eq.https%3A%2F%2Fuk.linkedin.com%2Fjobs%2Fview%2Fpython-developer-django-sql-fintech-at-client-server-4462185113 "HTTP/2 200 OK"
2026-09-02 18:38:14,396 INFO HTTP Request: POST https://nzzrpylddectbapxpazo.supabase.co/rest/v1/jobs "HTTP/2 201 Created"
2026-09-02 18:38:14,397 INFO   Saved: Python Developer Django SQL - FinTech @ Client Server
2026-09-02 18:38:17,003 INFO HTTP Request: PATCH https://nzzrpylddectbapxpazo.supabase.co/rest/v1/jobs?id=eq.3526c824-0c17-42b3-825f-ccb61fc17d09 "HTTP/2 200 OK"
2026-09-02 18:38:18,689 INFO HTTP Request: GET https://nzzrpylddectbapxpazo.supabase.co/rest/v1/jobs?select=id&job_url=eq.https%3A%2F%2Fes.linkedin.com%2Fjobs%2Fview%2Fsenior-backend-developer-at-papernest-4462175128 "HTTP/2 200 OK"
2026-09-02 18:38:18,841 INFO HTTP Request: POST https://nzzrpylddectbapxpazo.supabase.co/rest/v1/jobs "HTTP/2 201 Created"
2026-09-02 18:38:18,842 INFO   Saved: Senior Backend Developer @ papernest
2026-09-02 18:38:22,076 INFO HTTP Request: PATCH https://nzzrpylddectbapxpazo.supabase.co/rest/v1/jobs?id=eq.eefc7a5a-5861-43be-b8fa-5630673e6b44 "HTTP/2 200 OK"
2026-09-02 18:38:23,767 INFO HTTP Request: GET https://nzzrpylddectbapxpazo.supabase.co/rest/v1/jobs?select=id&job_url=eq.https%3A%2F%2Fin.linkedin.com%2Fjobs%2Fview%2Fcustom-software-engineer-at-accenture-in-india-4448337170 "HTTP/2 200 OK"
2026-09-02 18:38:23,933 INFO HTTP Request: POST https://nzzrpylddectbapxpazo.supabase.co/rest/v1/jobs "HTTP/2 201 Created"
2026-09-02 18:38:23,935 INFO   Saved: Custom Software Engineer @ Accenture in India
2026-09-02 18:38:28,250 INFO HTTP Request: PATCH https://nzzrpylddectbapxpazo.supabase.co/rest/v1/jobs?id=eq.e67ee171-fb62-4a9d-a33d-125786b3df43 "HTTP/2 200 OK"
2026-09-02 18:38:29,921 INFO HTTP Request: GET https://nzzrpylddectbapxpazo.supabase.co/rest/v1/jobs?select=id&job_url=eq.https%3A%2F%2Fpt.linkedin.com%2Fjobs%2Fview%2Fpython-developer-senior-at-adentis-portugal-4460627097 "HTTP/2 200 OK"
2026-09-02 18:38:30,077 INFO HTTP Request: POST https://nzzrpylddectbapxpazo.supabase.co/rest/v1/jobs "HTTP/2 201 Created"
2026-09-02 18:38:30,096 INFO   Saved: Python Developer (Senior) @ Adentis Portugal
2026-09-02 18:38:33,019 INFO HTTP Request: PATCH https://nzzrpylddectbapxpazo.supabase.co/rest/v1/jobs?id=eq.727edc23-6f93-4d15-959d-ca3374e39748 "HTTP/2 200 OK"
2026-09-02 18:38:34,692 INFO HTTP Request: GET https://nzzrpylddectbapxpazo.supabase.co/rest/v1/jobs?select=id&job_url=eq.https%3A%2F%2Fin.linkedin.com%2Fjobs%2Fview%2Fsenior-python-developer-exp-5%252B-years-immediate-joiners-at-atyeti-inc-4461774673 "HTTP/2 200 OK"
2026-09-02 18:38:34,853 INFO HTTP Request: POST https://nzzrpylddectbapxpazo.supabase.co/rest/v1/jobs "HTTP/2 201 Created"
2026-09-02 18:38:34,853 INFO   Saved: Senior Python Developer_ Exp: 5+ years (Immediate Joiners) @ Atyeti Inc
2026-09-02 18:38:37,568 INFO HTTP Request: PATCH https://nzzrpylddectbapxpazo.supabase.co/rest/v1/jobs?id=eq.f4f51ae9-0801-4dc0-a061-b82f20b7597e "HTTP/2 200 OK"
2026-09-02 18:38:39,079 INFO   Naukri: Backend Developer in Hyderabad
2026-09-02 18:38:46,348 INFO   Found 0 cards
2026-09-02 18:38:59,143 INFO   LinkedIn: Backend Developer in Hyderabad -> 25 found
2026-09-02 18:38:59,144 INFO   Naukri: Backend Developer in Bangalore
2026-09-02 18:39:06,306 INFO   Found 0 cards
2026-09-02 18:39:19,446 INFO   LinkedIn: Backend Developer in Bangalore -> 25 found
2026-09-02 18:39:19,446 INFO   Naukri: Backend Developer in Remote
2026-09-02 18:39:26,624 INFO   Found 0 cards
2026-09-02 18:39:39,514 INFO   LinkedIn: Backend Developer in Remote -> 25 found
2026-09-02 18:39:40,946 WARNING   YC API returned 406
2026-09-02 18:39:41,499 INFO HTTP Request: GET https://nzzrpylddectbapxpazo.supabase.co/rest/v1/jobs?select=id&job_url=eq.https%3A%2F%2Fbr.linkedin.com%2Fjobs%2Fview%2Fjava-backend-engineer-aws-remote-work-ref%2523302839-at-bairesdev-4462082197 "HTTP/2 200 OK"
2026-09-02 18:39:41,703 INFO HTTP Request: POST https://nzzrpylddectbapxpazo.supabase.co/rest/v1/jobs "HTTP/2 201 Created"
2026-09-02 18:39:41,705 INFO   Saved: Java Backend Engineer (AWS) - Remote Work | REF#302839 @ BairesDev
2026-09-02 18:39:44,935 INFO HTTP Request: PATCH https://nzzrpylddectbapxpazo.supabase.co/rest/v1/jobs?id=eq.fde3c59c-be40-4991-8ca6-97064c31e6be "HTTP/2 200 OK"
2026-09-02 18:39:46,616 INFO HTTP Request: GET https://nzzrpylddectbapxpazo.supabase.co/rest/v1/jobs?select=id&job_url=eq.https%3A%2F%2Fpe.linkedin.com%2Fjobs%2Fview%2Fsenior-golang-restful-api-engineer-remote-work-ref%2523302687-at-bairesdev-4462084154 "HTTP/2 200 OK"
2026-09-02 18:39:46,824 INFO HTTP Request: POST https://nzzrpylddectbapxpazo.supabase.co/rest/v1/jobs "HTTP/2 201 Created"
2026-09-02 18:39:46,824 INFO   Saved: Senior Golang & RESTful API Engineer - Remote Work | REF#302687 @ BairesDev
2026-09-02 18:39:49,451 INFO HTTP Request: PATCH https://nzzrpylddectbapxpazo.supabase.co/rest/v1/jobs?id=eq.d901b06a-06ea-42ad-8e15-58b9d35d958d "HTTP/2 200 OK"
2026-09-02 18:39:51,189 INFO HTTP Request: GET https://nzzrpylddectbapxpazo.supabase.co/rest/v1/jobs?select=id&job_url=eq.https%3A%2F%2Fca.linkedin.com%2Fjobs%2Fview%2Fsoftware-engineer-java-global-payments-engineering-future-opportunities-at-scotiabank-4460601414 "HTTP/2 200 OK"
2026-09-02 18:39:51,355 INFO HTTP Request: POST https://nzzrpylddectbapxpazo.supabase.co/rest/v1/jobs "HTTP/2 201 Created"
2026-09-02 18:39:51,361 INFO   Saved: Software Engineer, Java, Global Payments Engineering (Future Opportunities) @ Scotiabank
2026-09-02 18:39:54,196 INFO HTTP Request: PATCH https://nzzrpylddectbapxpazo.supabase.co/rest/v1/jobs?id=eq.b248b136-1d67-4ce3-b559-4d307102318e "HTTP/2 200 OK"
2026-09-02 18:39:55,856 INFO HTTP Request: GET https://nzzrpylddectbapxpazo.supabase.co/rest/v1/jobs?select=id&job_url=eq.https%3A%2F%2Fpl.linkedin.com%2Fjobs%2Fview%2Fsenior-java-back-end-developer-at-worldline-4462187049 "HTTP/2 200 OK"
2026-09-02 18:39:56,016 INFO HTTP Request: POST https://nzzrpylddectbapxpazo.supabase.co/rest/v1/jobs "HTTP/2 201 Created"
2026-09-02 18:39:56,018 INFO   Saved: Senior Java Back-end developer @ Worldline
2026-09-02 18:39:58,800 INFO HTTP Request: PATCH https://nzzrpylddectbapxpazo.supabase.co/rest/v1/jobs?id=eq.b21ff91d-af9d-480a-acc4-3fa49793af38 "HTTP/2 200 OK"
2026-09-02 18:40:00,488 INFO HTTP Request: GET https://nzzrpylddectbapxpazo.supabase.co/rest/v1/jobs?select=id&job_url=eq.https%3A%2F%2Fes.linkedin.com%2Fjobs%2Fview%2Fsenior-backend-developer-php-symfony-at-puntopost-4462157477 "HTTP/2 200 OK"
2026-09-02 18:40:00,650 INFO HTTP Request: POST https://nzzrpylddectbapxpazo.supabase.co/rest/v1/jobs "HTTP/2 201 Created"
2026-09-02 18:40:00,651 INFO   Saved: Senior Backend Developer (PHP/Symfony) @ PuntoPost
2026-09-02 18:40:03,459 INFO HTTP Request: PATCH https://nzzrpylddectbapxpazo.supabase.co/rest/v1/jobs?id=eq.b2480762-9fe2-4c17-9699-eb36f89004f4 "HTTP/2 200 OK"
2026-09-02 18:40:05,147 INFO HTTP Request: GET https://nzzrpylddectbapxpazo.supabase.co/rest/v1/jobs?select=id&job_url=eq.https%3A%2F%2Fes.linkedin.com%2Fjobs%2Fview%2Fsenior-backend-developer-net-c%2523-at-transperfect-4461779512 "HTTP/2 200 OK"
2026-09-02 18:40:05,318 INFO HTTP Request: POST https://nzzrpylddectbapxpazo.supabase.co/rest/v1/jobs "HTTP/2 201 Created"
2026-09-02 18:40:05,320 INFO   Saved: Senior Backend Developer (.NET C#) @ TransPerfect
2026-09-02 18:40:07,963 INFO HTTP Request: PATCH https://nzzrpylddectbapxpazo.supabase.co/rest/v1/jobs?id=eq.8f040104-b3f3-4485-9487-d91d9a227ca5 "HTTP/2 200 OK"
2026-09-02 18:40:09,628 INFO HTTP Request: GET https://nzzrpylddectbapxpazo.supabase.co/rest/v1/jobs?select=id&job_url=eq.https%3A%2F%2Fid.linkedin.com%2Fjobs%2Fview%2Fmiddle-backend-engineer-at-nityo-infotech-indonesia-4460970264 "HTTP/2 200 OK"
2026-09-02 18:40:09,808 INFO HTTP Request: POST https://nzzrpylddectbapxpazo.supabase.co/rest/v1/jobs "HTTP/2 201 Created"
2026-09-02 18:40:09,809 INFO   Saved: Middle Backend Engineer @ Nityo Infotech Indonesia
2026-09-02 18:40:12,670 INFO HTTP Request: PATCH https://nzzrpylddectbapxpazo.supabase.co/rest/v1/jobs?id=eq.2deeba3b-fbe3-4eb1-a094-be5685e841ac "HTTP/2 200 OK"
2026-09-02 18:40:14,372 INFO HTTP Request: GET https://nzzrpylddectbapxpazo.supabase.co/rest/v1/jobs?select=id&job_url=eq.https%3A%2F%2Fwww.linkedin.com%2Fjobs%2Fview%2Fsenior-software-engineer-backend-at-happyrobot-4328157133 "HTTP/2 200 OK"
2026-09-02 18:40:14,542 INFO HTTP Request: POST https://nzzrpylddectbapxpazo.supabase.co/rest/v1/jobs "HTTP/2 201 Created"
2026-09-02 18:40:14,545 INFO   Saved: Senior Software Engineer - Backend @ HappyRobot
2026-09-02 18:40:17,405 INFO HTTP Request: PATCH https://nzzrpylddectbapxpazo.supabase.co/rest/v1/jobs?id=eq.df26ebee-7082-4a95-97c5-18bd087e6ee0 "HTTP/2 200 OK"
2026-09-02 18:40:19,119 INFO HTTP Request: GET https://nzzrpylddectbapxpazo.supabase.co/rest/v1/jobs?select=id&job_url=eq.https%3A%2F%2Fin.linkedin.com%2Fjobs%2Fview%2Fsenior-software-engineer-java8-spring-rest-api-microservices-at-epam-systems-4459911022 "HTTP/2 200 OK"
2026-09-02 18:40:19,298 INFO HTTP Request: POST https://nzzrpylddectbapxpazo.supabase.co/rest/v1/jobs "HTTP/2 201 Created"
2026-09-02 18:40:19,300 INFO   Saved: Senior Software Engineer - Java8, Spring, Rest API, Microservices @ EPAM Systems
2026-09-02 18:40:22,355 INFO HTTP Request: PATCH https://nzzrpylddectbapxpazo.supabase.co/rest/v1/jobs?id=eq.aecdfc0d-5392-4ca5-b28d-418762a8ef76 "HTTP/2 200 OK"
2026-09-02 18:40:24,025 INFO HTTP Request: GET https://nzzrpylddectbapxpazo.supabase.co/rest/v1/jobs?select=id&job_url=eq.https%3A%2F%2Fes.linkedin.com%2Fjobs%2Fview%2Fbackend-dev-senior-for-ai-at-tata-consultancy-services-4460614130 "HTTP/2 200 OK"
2026-09-02 18:40:24,209 INFO HTTP Request: POST https://nzzrpylddectbapxpazo.supabase.co/rest/v1/jobs "HTTP/2 201 Created"
2026-09-02 18:40:24,211 INFO   Saved: Backend Dev Senior for AI @ Tata Consultancy Services
2026-09-02 18:40:27,148 INFO HTTP Request: PATCH https://nzzrpylddectbapxpazo.supabase.co/rest/v1/jobs?id=eq.f523e277-1b52-439e-92c2-0cf2764a0814 "HTTP/2 200 OK"
2026-09-02 18:40:29,054 INFO HTTP Request: GET https://nzzrpylddectbapxpazo.supabase.co/rest/v1/jobs?select=id&job_url=eq.https%3A%2F%2Fin.linkedin.com%2Fjobs%2Fview%2Fjava-backend-developer-7-10-years-of-experience-in-java-backend-technologies-payment-domain-preferred-pune-at-worldpay-4461751726 "HTTP/2 200 OK"
2026-09-02 18:40:29,228 INFO HTTP Request: POST https://nzzrpylddectbapxpazo.supabase.co/rest/v1/jobs "HTTP/2 201 Created"
2026-09-02 18:40:29,230 INFO   Saved: Java Backend Developer ( 7-10 years of experience in Java backend technologies -payment domain preferred) Pune @ Worldpay
2026-09-02 18:40:31,727 INFO HTTP Request: PATCH https://nzzrpylddectbapxpazo.supabase.co/rest/v1/jobs?id=eq.ac5f71b8-534d-4940-bf39-c9fef0147175 "HTTP/2 200 OK"
2026-09-02 18:40:33,430 INFO HTTP Request: GET https://nzzrpylddectbapxpazo.supabase.co/rest/v1/jobs?select=id&job_url=eq.https%3A%2F%2Fin.linkedin.com%2Fjobs%2Fview%2Fbackend-java-developer-at-citi-4460931433 "HTTP/2 200 OK"
2026-09-02 18:40:33,620 INFO HTTP Request: POST https://nzzrpylddectbapxpazo.supabase.co/rest/v1/jobs "HTTP/2 201 Created"
2026-09-02 18:40:33,621 INFO   Saved: Backend Java developer @ Citi
2026-09-02 18:40:36,312 INFO HTTP Request: PATCH https://nzzrpylddectbapxpazo.supabase.co/rest/v1/jobs?id=eq.b51d3f56-26cb-4c48-b099-f73c967f4e11 "HTTP/2 200 OK"
2026-09-02 18:40:38,001 INFO HTTP Request: GET https://nzzrpylddectbapxpazo.supabase.co/rest/v1/jobs?select=id&job_url=eq.https%3A%2F%2Fco.linkedin.com%2Fjobs%2Fview%2Fsenior-java-backend-developer-at-gft-technologies-latam-4462032341 "HTTP/2 200 OK"
2026-09-02 18:40:38,167 INFO HTTP Request: POST https://nzzrpylddectbapxpazo.supabase.co/rest/v1/jobs "HTTP/2 201 Created"
2026-09-02 18:40:38,169 INFO   Saved: Senior Java Backend Developer @ GFT Technologies LATAM
2026-09-02 18:40:41,021 INFO HTTP Request: PATCH https://nzzrpylddectbapxpazo.supabase.co/rest/v1/jobs?id=eq.b64c1450-08dd-4611-8d78-fbe70bba754d "HTTP/2 200 OK"
2026-09-02 18:40:42,721 INFO HTTP Request: GET https://nzzrpylddectbapxpazo.supabase.co/rest/v1/jobs?select=id&job_url=eq.https%3A%2F%2Fin.linkedin.com%2Fjobs%2Fview%2Fsenior-backend-developer-at-miba-group-4461752859 "HTTP/2 200 OK"
2026-09-02 18:40:42,884 INFO HTTP Request: GET https://nzzrpylddectbapxpazo.supabase.co/rest/v1/jobs?select=id&job_url=eq.https%3A%2F%2Fin.linkedin.com%2Fjobs%2Fview%2Fjava-developer-jobs-mumbai-2%25E2%2580%25934-years-exp-spring-boot-bizinso-at-bizinso-4459575717 "HTTP/2 200 OK"
2026-09-02 18:40:43,072 INFO HTTP Request: POST https://nzzrpylddectbapxpazo.supabase.co/rest/v1/jobs "HTTP/2 201 Created"
2026-09-02 18:40:43,074 INFO   Saved: Java Developer Jobs Mumbai | 2–4 Years Exp | Spring Boot | Bizinso @ Bizinso
2026-09-02 18:40:45,698 INFO HTTP Request: PATCH https://nzzrpylddectbapxpazo.supabase.co/rest/v1/jobs?id=eq.a42fb877-fcc9-4bc7-bf7e-5fbe782ab218 "HTTP/2 200 OK"
2026-09-02 18:40:47,357 INFO HTTP Request: GET https://nzzrpylddectbapxpazo.supabase.co/rest/v1/jobs?select=id&job_url=eq.https%3A%2F%2Fwww.linkedin.com%2Fjobs%2Fview%2Fsoftware-engineer-at-albert-bow-4459948168 "HTTP/2 200 OK"
2026-09-02 18:40:47,532 INFO HTTP Request: POST https://nzzrpylddectbapxpazo.supabase.co/rest/v1/jobs "HTTP/2 201 Created"
2026-09-02 18:40:47,534 INFO   Saved: Software Engineer @ Albert Bow
2026-09-02 18:40:50,189 INFO HTTP Request: PATCH https://nzzrpylddectbapxpazo.supabase.co/rest/v1/jobs?id=eq.6b8fb7f6-86c9-468c-b3f5-ccf2d56698e4 "HTTP/2 200 OK"
2026-09-02 18:40:51,861 INFO HTTP Request: GET https://nzzrpylddectbapxpazo.supabase.co/rest/v1/jobs?select=id&job_url=eq.https%3A%2F%2Fes.linkedin.com%2Fjobs%2Fview%2Fsenior-backend-engineer-php-8-x-laravel-teletrabajo-at-iahorro-com-4459523574 "HTTP/2 200 OK"
2026-09-02 18:40:52,028 INFO HTTP Request: POST https://nzzrpylddectbapxpazo.supabase.co/rest/v1/jobs "HTTP/2 201 Created"
2026-09-02 18:40:52,032 INFO   Saved: Senior Backend Engineer |PHP 8.x / Laravel |Teletrabajo @ iAhorro.com
2026-09-02 18:40:54,624 INFO HTTP Request: PATCH https://nzzrpylddectbapxpazo.supabase.co/rest/v1/jobs?id=eq.a4275796-4b0a-4dc0-88e1-f2127abac727 "HTTP/2 200 OK"
2026-09-02 18:40:56,305 INFO HTTP Request: GET https://nzzrpylddectbapxpazo.supabase.co/rest/v1/jobs?select=id&job_url=eq.https%3A%2F%2Fse.linkedin.com%2Fjobs%2Fview%2Fsenior-backend-engineer-c%2523-net-m-f-d-at-riverty-4462149504 "HTTP/2 200 OK"
2026-09-02 18:40:56,467 INFO HTTP Request: POST https://nzzrpylddectbapxpazo.supabase.co/rest/v1/jobs "HTTP/2 201 Created"
2026-09-02 18:40:56,468 INFO   Saved: Senior Backend Engineer (C#/.Net) (m/f/d) @ Riverty
2026-09-02 18:40:59,077 INFO HTTP Request: PATCH https://nzzrpylddectbapxpazo.supabase.co/rest/v1/jobs?id=eq.cb3ebf14-139d-41a8-b609-67f85ff688fd "HTTP/2 200 OK"
2026-09-02 18:41:00,778 INFO HTTP Request: GET https://nzzrpylddectbapxpazo.supabase.co/rest/v1/jobs?select=id&job_url=eq.https%3A%2F%2Fin.linkedin.com%2Fjobs%2Fview%2Fjava-backend-developer-%25E2%2580%2593-microservices-at-rmv-workforce-llp-4459938875 "HTTP/2 200 OK"
2026-09-02 18:41:00,942 INFO HTTP Request: POST https://nzzrpylddectbapxpazo.supabase.co/rest/v1/jobs "HTTP/2 201 Created"
2026-09-02 18:41:00,944 INFO   Saved: Java Backend Developer – Microservices @ RMV Workforce LLP
2026-09-02 18:41:03,600 INFO HTTP Request: PATCH https://nzzrpylddectbapxpazo.supabase.co/rest/v1/jobs?id=eq.28169455-8a22-4a5a-81bc-bff5c091d254 "HTTP/2 200 OK"
2026-09-02 18:41:05,279 INFO HTTP Request: GET https://nzzrpylddectbapxpazo.supabase.co/rest/v1/jobs?select=id&job_url=eq.https%3A%2F%2Fin.linkedin.com%2Fjobs%2Fview%2Fsenior-java-software-engineer-at-card91-4462124128 "HTTP/2 200 OK"
2026-09-02 18:41:05,474 INFO HTTP Request: POST https://nzzrpylddectbapxpazo.supabase.co/rest/v1/jobs "HTTP/2 201 Created"
2026-09-02 18:41:05,476 INFO   Saved: Senior Java Software Engineer @ CARD91
2026-09-02 18:41:08,138 INFO HTTP Request: PATCH https://nzzrpylddectbapxpazo.supabase.co/rest/v1/jobs?id=eq.e267ff13-2f87-4413-ad73-71e4babc82b4 "HTTP/2 200 OK"
2026-09-02 18:41:09,827 INFO HTTP Request: GET https://nzzrpylddectbapxpazo.supabase.co/rest/v1/jobs?select=id&job_url=eq.https%3A%2F%2Fin.linkedin.com%2Fjobs%2Fview%2Fsoftware-engineer-iii-java-backend-kafka-json-at-jpmorganchase-4459587880 "HTTP/2 200 OK"
2026-09-02 18:41:10,017 INFO HTTP Request: POST https://nzzrpylddectbapxpazo.supabase.co/rest/v1/jobs "HTTP/2 201 Created"
2026-09-02 18:41:10,018 INFO   Saved: Software Engineer III - JAVA Backend, Kafka, JSON @ JPMorganChase
2026-09-02 18:41:12,761 INFO HTTP Request: PATCH https://nzzrpylddectbapxpazo.supabase.co/rest/v1/jobs?id=eq.9bc3a141-0db8-4e4b-8cef-481bb08662bf "HTTP/2 200 OK"
2026-09-02 18:41:14,447 INFO HTTP Request: GET https://nzzrpylddectbapxpazo.supabase.co/rest/v1/jobs?select=id&job_url=eq.https%3A%2F%2Fwww.linkedin.com%2Fjobs%2Fview%2Fsenior-software-engineer-at-haystack-4462100294 "HTTP/2 200 OK"
2026-09-02 18:41:14,609 INFO HTTP Request: POST https://nzzrpylddectbapxpazo.supabase.co/rest/v1/jobs "HTTP/2 201 Created"
2026-09-02 18:41:14,611 INFO   Saved: Senior Software Engineer @ Haystack
2026-09-02 18:41:17,444 INFO HTTP Request: PATCH https://nzzrpylddectbapxpazo.supabase.co/rest/v1/jobs?id=eq.5b77e8ab-7500-437f-8eb2-36b4f2ff89ff "HTTP/2 200 OK"
2026-09-02 18:41:19,143 INFO HTTP Request: GET https://nzzrpylddectbapxpazo.supabase.co/rest/v1/jobs?select=id&job_url=eq.https%3A%2F%2Fpl.linkedin.com%2Fjobs%2Fview%2Fsenior-java-backend-developer-at-luxoft-4462150945 "HTTP/2 200 OK"
2026-09-02 18:41:19,320 INFO HTTP Request: POST https://nzzrpylddectbapxpazo.supabase.co/rest/v1/jobs "HTTP/2 201 Created"
2026-09-02 18:41:19,322 INFO   Saved: Senior Java Backend Developer @ Luxoft
2026-09-02 18:41:21,848 INFO HTTP Request: PATCH https://nzzrpylddectbapxpazo.supabase.co/rest/v1/jobs?id=eq.4c694f71-bbaa-4936-9324-844d03aa7081 "HTTP/2 200 OK"
2026-09-02 18:41:23,530 INFO HTTP Request: GET https://nzzrpylddectbapxpazo.supabase.co/rest/v1/jobs?select=id&job_url=eq.https%3A%2F%2Fbr.linkedin.com%2Fjobs%2Fview%2Fdesenvolvedor-back-end-pleno-at-jobbol-4461748994 "HTTP/2 200 OK"
2026-09-02 18:41:23,695 INFO HTTP Request: POST https://nzzrpylddectbapxpazo.supabase.co/rest/v1/jobs "HTTP/2 201 Created"
2026-09-02 18:41:23,697 INFO   Saved: Desenvolvedor Back End Pleno @ Jobbol
2026-09-02 18:41:26,399 INFO HTTP Request: PATCH https://nzzrpylddectbapxpazo.supabase.co/rest/v1/jobs?id=eq.d368cc49-93c3-4913-a307-b1523187bc6c "HTTP/2 200 OK"
2026-09-02 18:41:28,097 INFO HTTP Request: GET https://nzzrpylddectbapxpazo.supabase.co/rest/v1/jobs?select=id&job_url=eq.https%3A%2F%2Fpl.linkedin.com%2Fjobs%2Fview%2Fsenior-java-backend-developer-at-luxoft-4461773369 "HTTP/2 200 OK"
2026-09-02 18:41:28,271 INFO HTTP Request: POST https://nzzrpylddectbapxpazo.supabase.co/rest/v1/jobs "HTTP/2 201 Created"
2026-09-02 18:41:28,274 INFO   Saved: Senior Java Backend Developer @ Luxoft
2026-09-02 18:41:30,750 INFO HTTP Request: PATCH https://nzzrpylddectbapxpazo.supabase.co/rest/v1/jobs?id=eq.df28c6ff-c973-47c3-a719-b46927964062 "HTTP/2 200 OK"
2026-09-02 18:41:32,269 INFO   Naukri: Software Engineer Python in Hyderabad
2026-09-02 18:41:39,478 INFO   Found 0 cards
2026-09-02 18:41:52,439 INFO   LinkedIn: Software Engineer Python in Hyderabad -> 25 found
2026-09-02 18:41:52,439 INFO   Naukri: Software Engineer Python in Bangalore
2026-09-02 18:41:59,610 INFO   Found 0 cards
2026-09-02 18:42:12,470 INFO   LinkedIn: Software Engineer Python in Bangalore -> 25 found
2026-09-02 18:42:12,471 INFO   Naukri: Software Engineer Python in Remote
2026-09-02 18:42:19,674 INFO   Found 0 cards
2026-09-02 18:42:32,705 INFO   LinkedIn: Software Engineer Python in Remote -> 24 found
2026-09-02 18:42:34,041 WARNING   YC API returned 406
2026-09-02 18:42:34,656 INFO HTTP Request: GET https://nzzrpylddectbapxpazo.supabase.co/rest/v1/jobs?select=id&job_url=eq.https%3A%2F%2Fuk.linkedin.com%2Fjobs%2Fview%2Fpython-developer-at-virtuetech-recruitment-group-4459529592 "HTTP/2 200 OK"
2026-09-02 18:42:34,860 INFO HTTP Request: GET https://nzzrpylddectbapxpazo.supabase.co/rest/v1/jobs?select=id&job_url=eq.https%3A%2F%2Fin.linkedin.com%2Fjobs%2Fview%2Flead-software-engineer-backend-python-at-impact-analytics-4390305643 "HTTP/2 200 OK"
2026-09-02 18:42:35,065 INFO HTTP Request: POST https://nzzrpylddectbapxpazo.supabase.co/rest/v1/jobs "HTTP/2 201 Created"
2026-09-02 18:42:35,068 INFO   Saved: Lead Software Engineer (Backend - Python) @ Impact Analytics
2026-09-02 18:42:37,741 INFO HTTP Request: PATCH https://nzzrpylddectbapxpazo.supabase.co/rest/v1/jobs?id=eq.f6563df6-327f-45eb-9557-883c30b57fd7 "HTTP/2 200 OK"
2026-09-02 18:42:39,464 INFO HTTP Request: GET https://nzzrpylddectbapxpazo.supabase.co/rest/v1/jobs?select=id&job_url=eq.https%3A%2F%2Fuk.linkedin.com%2Fjobs%2Fview%2Fbackend-software-engineer-python-technologist-at-client-server-4462146363 "HTTP/2 200 OK"
2026-09-02 18:42:39,672 INFO HTTP Request: POST https://nzzrpylddectbapxpazo.supabase.co/rest/v1/jobs "HTTP/2 201 Created"
2026-09-02 18:42:39,673 INFO   Saved: Backend Software Engineer Python - Technologist @ Client Server
2026-09-02 18:42:42,375 INFO HTTP Request: PATCH https://nzzrpylddectbapxpazo.supabase.co/rest/v1/jobs?id=eq.3f679cf2-8e9c-4934-9bb0-650923f8ba06 "HTTP/2 200 OK"
2026-09-02 18:42:44,080 INFO HTTP Request: GET https://nzzrpylddectbapxpazo.supabase.co/rest/v1/jobs?select=id&job_url=eq.https%3A%2F%2Fin.linkedin.com%2Fjobs%2Fview%2Fpython-developer-at-srs-consulting-inc-4460927223 "HTTP/2 200 OK"
2026-09-02 18:42:44,265 INFO HTTP Request: POST https://nzzrpylddectbapxpazo.supabase.co/rest/v1/jobs "HTTP/2 201 Created"
2026-09-02 18:42:44,268 INFO   Saved: Python Developer @ SRS Consulting Inc
2026-09-02 18:42:46,887 INFO HTTP Request: PATCH https://nzzrpylddectbapxpazo.supabase.co/rest/v1/jobs?id=eq.582ce898-7498-4914-998e-9d3f64167393 "HTTP/2 200 OK"
2026-09-02 18:42:48,580 INFO HTTP Request: GET https://nzzrpylddectbapxpazo.supabase.co/rest/v1/jobs?select=id&job_url=eq.https%3A%2F%2Fwww.linkedin.com%2Fjobs%2Fview%2Fsenior-backend-python-engineer-hybrid-%2524140-200k-at-ic-resources-4457006485 "HTTP/2 200 OK"
2026-09-02 18:42:48,742 INFO HTTP Request: POST https://nzzrpylddectbapxpazo.supabase.co/rest/v1/jobs "HTTP/2 201 Created"
2026-09-02 18:42:48,743 INFO   Saved: Senior Backend Python Engineer (Hybrid): $140-200K @ IC Resources
2026-09-02 18:42:51,449 INFO HTTP Request: PATCH https://nzzrpylddectbapxpazo.supabase.co/rest/v1/jobs?id=eq.51687a50-003b-44cc-9864-e5737db8d276 "HTTP/2 200 OK"
2026-09-02 18:42:53,145 INFO HTTP Request: GET https://nzzrpylddectbapxpazo.supabase.co/rest/v1/jobs?select=id&job_url=eq.https%3A%2F%2Fwww.linkedin.com%2Fjobs%2Fview%2Fpython-developer-at-ltm-4438331320 "HTTP/2 200 OK"
2026-09-02 18:42:53,330 INFO HTTP Request: GET https://nzzrpylddectbapxpazo.supabase.co/rest/v1/jobs?select=id&job_url=eq.https%3A%2F%2Fuk.linkedin.com%2Fjobs%2Fview%2Fsoftware-engineer-python-django-sql-fintech-at-client-server-4462161370 "HTTP/2 200 OK"
2026-09-02 18:42:53,509 INFO HTTP Request: POST https://nzzrpylddectbapxpazo.supabase.co/rest/v1/jobs "HTTP/2 201 Created"
2026-09-02 18:42:53,511 INFO   Saved: Software Engineer Python Django SQL - FinTech @ Client Server
2026-09-02 18:42:56,209 INFO HTTP Request: PATCH https://nzzrpylddectbapxpazo.supabase.co/rest/v1/jobs?id=eq.a1a87fe5-1d43-4800-808c-33312f1e9b44 "HTTP/2 200 OK"
2026-09-02 18:42:57,901 INFO HTTP Request: GET https://nzzrpylddectbapxpazo.supabase.co/rest/v1/jobs?select=id&job_url=eq.https%3A%2F%2Fpt.linkedin.com%2Fjobs%2Fview%2Fpython-developer-senior-at-adentis-portugal-4460627097 "HTTP/2 200 OK"
2026-09-02 18:42:58,105 INFO HTTP Request: GET https://nzzrpylddectbapxpazo.supabase.co/rest/v1/jobs?select=id&job_url=eq.https%3A%2F%2Fua.linkedin.com%2Fjobs%2Fview%2Fsenior-python-developer-irc301523-at-globallogic-4451180999 "HTTP/2 200 OK"
2026-09-02 18:42:58,307 INFO HTTP Request: GET https://nzzrpylddectbapxpazo.supabase.co/rest/v1/jobs?select=id&job_url=eq.https%3A%2F%2Fwww.linkedin.com%2Fjobs%2Fview%2Fpython-django-developer-at-tata-consultancy-services-4451909310 "HTTP/2 200 OK"
2026-09-02 18:42:58,513 INFO HTTP Request: GET https://nzzrpylddectbapxpazo.supabase.co/rest/v1/jobs?select=id&job_url=eq.https%3A%2F%2Fhu.linkedin.com%2Fjobs%2Fview%2Fsenior-python-developer-at-zocks-ai-for-advisors-4399519013 "HTTP/2 200 OK"
2026-09-02 18:42:58,699 INFO HTTP Request: POST https://nzzrpylddectbapxpazo.supabase.co/rest/v1/jobs "HTTP/2 201 Created"
2026-09-02 18:42:58,700 INFO   Saved: Senior Python Developer @ Zocks | AI for Advisors
2026-09-02 18:43:03,257 INFO HTTP Request: PATCH https://nzzrpylddectbapxpazo.supabase.co/rest/v1/jobs?id=eq.395110ee-e249-4b18-8457-f221f63c63ee "HTTP/2 200 OK"
2026-09-02 18:43:04,947 INFO HTTP Request: GET https://nzzrpylddectbapxpazo.supabase.co/rest/v1/jobs?select=id&job_url=eq.https%3A%2F%2Fin.linkedin.com%2Fjobs%2Fview%2Fsoftware-development-engineer-python-s03-at-systango-4460995108 "HTTP/2 200 OK"
2026-09-02 18:43:05,123 INFO HTTP Request: POST https://nzzrpylddectbapxpazo.supabase.co/rest/v1/jobs "HTTP/2 201 Created"
2026-09-02 18:43:05,124 INFO   Saved: Software Development Engineer- Python (S03) @ Systango
2026-09-02 18:43:07,816 INFO HTTP Request: PATCH https://nzzrpylddectbapxpazo.supabase.co/rest/v1/jobs?id=eq.7daed5d8-10c0-402e-a226-2df1ebe417f8 "HTTP/2 200 OK"
2026-09-02 18:43:09,593 INFO HTTP Request: GET https://nzzrpylddectbapxpazo.supabase.co/rest/v1/jobs?select=id&job_url=eq.https%3A%2F%2Fmx.linkedin.com%2Fjobs%2Fview%2Fmid-level-python-developer-colombia-at-ci-t-4460935557 "HTTP/2 200 OK"
2026-09-02 18:43:09,758 INFO HTTP Request: GET https://nzzrpylddectbapxpazo.supabase.co/rest/v1/jobs?select=id&job_url=eq.https%3A%2F%2Fin.linkedin.com%2Fjobs%2Fview%2Fsenior-python-developer-exp-5%252B-years-immediate-joiners-at-atyeti-inc-4461774673 "HTTP/2 200 OK"
2026-09-02 18:43:09,981 INFO HTTP Request: GET https://nzzrpylddectbapxpazo.supabase.co/rest/v1/jobs?select=id&job_url=eq.https%3A%2F%2Fwww.linkedin.com%2Fjobs%2Fview%2Ffull-stack-developer-python-at-tata-consultancy-services-4460671113 "HTTP/2 200 OK"
2026-09-02 18:43:10,172 INFO HTTP Request: GET https://nzzrpylddectbapxpazo.supabase.co/rest/v1/jobs?select=id&job_url=eq.https%3A%2F%2Fin.linkedin.com%2Fjobs%2Fview%2Fdeveloper-iii-software-engineering-at-ust-4459926348 "HTTP/2 200 OK"
2026-09-02 18:43:10,397 INFO HTTP Request: POST https://nzzrpylddectbapxpazo.supabase.co/rest/v1/jobs "HTTP/2 201 Created"
2026-09-02 18:43:10,400 INFO   Saved: Developer III - Software Engineering @ UST
2026-09-02 18:43:13,259 INFO HTTP Request: PATCH https://nzzrpylddectbapxpazo.supabase.co/rest/v1/jobs?id=eq.4d471f2b-66ab-4bc4-8c86-e778abc9d6cc "HTTP/2 200 OK"
2026-09-02 18:43:14,947 INFO HTTP Request: GET https://nzzrpylddectbapxpazo.supabase.co/rest/v1/jobs?select=id&job_url=eq.https%3A%2F%2Fin.linkedin.com%2Fjobs%2Fview%2Fsenior-backend-developer-at-miba-group-4461752859 "HTTP/2 200 OK"
2026-09-02 18:43:15,117 INFO HTTP Request: GET https://nzzrpylddectbapxpazo.supabase.co/rest/v1/jobs?select=id&job_url=eq.https%3A%2F%2Fcn.linkedin.com%2Fjobs%2Fview%2Fpython%25E5%2590%258E%25E7%25AB%25AF%25E5%25BC%2580%25E5%258F%2591%25E5%25B7%25A5%25E7%25A8%258B%25E5%25B8%2588%25EF%25BC%2588%25E6%258A%2580%25E6%259C%25AF%25E6%25A0%2588fastapi%25EF%25BC%2589-at-%25E6%25B2%25B3%25E5%258C%2597%25E6%2581%25A9%25E5%2592%258C%25E7%2594%25B5%25E5%25AD%2590%25E7%25A7%2591%25E6%258A%2580%25E6%259C%2589%25E9%2599%2590%25E5%2585%25AC%25E5%258F%25B8-4460695419 "HTTP/2 200 OK"
2026-09-02 18:43:15,292 INFO HTTP Request: POST https://nzzrpylddectbapxpazo.supabase.co/rest/v1/jobs "HTTP/2 201 Created"
2026-09-02 18:43:18,479 INFO HTTP Request: PATCH https://nzzrpylddectbapxpazo.supabase.co/rest/v1/jobs?id=eq.7539ce7b-6ee6-46bf-9557-7ed15268cfbc "HTTP/2 200 OK"
2026-09-02 18:43:20,153 INFO HTTP Request: GET https://nzzrpylddectbapxpazo.supabase.co/rest/v1/jobs?select=id&job_url=eq.https%3A%2F%2Fnl.linkedin.com%2Fjobs%2Fview%2Fsenior-python-developer-at-haystack-people-4460612262 "HTTP/2 200 OK"
2026-09-02 18:43:20,330 INFO HTTP Request: GET https://nzzrpylddectbapxpazo.supabase.co/rest/v1/jobs?select=id&job_url=eq.https%3A%2F%2Fin.linkedin.com%2Fjobs%2Fview%2Fsoftware-engineer-ii-python-fast-api-django-microservices-sql-azure-git-at-blue-yonder-4449020093 "HTTP/2 200 OK"
2026-09-02 18:43:20,494 INFO HTTP Request: GET https://nzzrpylddectbapxpazo.supabase.co/rest/v1/jobs?select=id&job_url=eq.https%3A%2F%2Fin.linkedin.com%2Fjobs%2Fview%2Fpython-developer-at-vysystems-4462138113 "HTTP/2 200 OK"
2026-09-02 18:43:20,654 INFO HTTP Request: POST https://nzzrpylddectbapxpazo.supabase.co/rest/v1/jobs "HTTP/2 201 Created"
2026-09-02 18:43:20,655 INFO   Saved: Python Developer @ VySystems
2026-09-02 18:43:23,264 INFO HTTP Request: PATCH https://nzzrpylddectbapxpazo.supabase.co/rest/v1/jobs?id=eq.80bd4393-712e-4074-a762-52beae8086fc "HTTP/2 200 OK"
2026-09-02 18:43:24,934 INFO HTTP Request: GET https://nzzrpylddectbapxpazo.supabase.co/rest/v1/jobs?select=id&job_url=eq.https%3A%2F%2Fde.linkedin.com%2Fjobs%2Fview%2Fmid-or-senior-software-engineer-python-m-f-d-at-momox-4451556085 "HTTP/2 200 OK"
2026-09-02 18:43:25,095 INFO HTTP Request: GET https://nzzrpylddectbapxpazo.supabase.co/rest/v1/jobs?select=id&job_url=eq.https%3A%2F%2Fsg.linkedin.com%2Fjobs%2Fview%2Fsenior-backend-engineer-python-java-at-btse-4448176636 "HTTP/2 200 OK"
2026-09-02 18:43:25,263 INFO HTTP Request: POST https://nzzrpylddectbapxpazo.supabase.co/rest/v1/jobs "HTTP/2 201 Created"
2026-09-02 18:43:25,265 INFO   Saved: Senior Backend Engineer (Python/Java) @ BTSE
2026-09-02 18:43:29,416 INFO HTTP Request: PATCH https://nzzrpylddectbapxpazo.supabase.co/rest/v1/jobs?id=eq.c1cd477e-6def-485e-91bf-84f65d5fe3d8 "HTTP/2 200 OK"
2026-09-02 18:43:31,089 INFO HTTP Request: GET https://nzzrpylddectbapxpazo.supabase.co/rest/v1/jobs?select=id&job_url=eq.https%3A%2F%2Fbr.linkedin.com%2Fjobs%2Fview%2Fpython-junior-developer-remote-work-ref%2523283517-at-bairesdev-4192502474 "HTTP/2 200 OK"
2026-09-02 18:43:31,259 INFO HTTP Request: POST https://nzzrpylddectbapxpazo.supabase.co/rest/v1/jobs "HTTP/2 201 Created"
2026-09-02 18:43:31,261 INFO   Saved: Python Junior Developer - Remote Work | REF#283517 @ BairesDev
2026-09-02 18:43:34,177 INFO HTTP Request: PATCH https://nzzrpylddectbapxpazo.supabase.co/rest/v1/jobs?id=eq.677ee971-d6b5-4c57-bebd-b14744fb3812 "HTTP/2 200 OK"
2026-09-02 18:43:35,683 INFO   Naukri: Data Analyst Python in Hyderabad
2026-09-02 18:43:42,894 INFO   Found 0 cards
2026-09-02 18:43:55,795 INFO   LinkedIn: Data Analyst Python in Hyderabad -> 25 found
2026-09-02 18:43:55,796 INFO   Naukri: Data Analyst Python in Bangalore
2026-09-02 18:44:02,961 INFO   Found 0 cards
2026-09-02 18:44:15,964 INFO   LinkedIn: Data Analyst Python in Bangalore -> 25 found
2026-09-02 18:44:15,964 INFO   Naukri: Data Analyst Python in Remote
2026-09-02 18:44:23,136 INFO   Found 0 cards
2026-09-02 18:44:36,280 INFO   LinkedIn: Data Analyst Python in Remote -> 24 found
2026-09-02 18:44:41,951 WARNING   YC API returned 406
2026-09-02 18:44:44,198 INFO HTTP Request: GET https://nzzrpylddectbapxpazo.supabase.co/rest/v1/jobs?select=id&job_url=eq.https%3A%2F%2Fwww.linkedin.com%2Fjobs%2Fview%2Fdata-analyst-at-haystack-4460671793 "HTTP/2 200 OK"
2026-09-02 18:44:44,394 INFO HTTP Request: POST https://nzzrpylddectbapxpazo.supabase.co/rest/v1/jobs "HTTP/2 201 Created"
2026-09-02 18:44:44,396 INFO   Saved: Data Analyst @ Haystack
2026-09-02 18:44:46,900 INFO HTTP Request: PATCH https://nzzrpylddectbapxpazo.supabase.co/rest/v1/jobs?id=eq.150aab8b-5b1e-482f-a7ca-122e96682362 "HTTP/2 200 OK"
2026-09-02 18:44:48,597 INFO HTTP Request: GET https://nzzrpylddectbapxpazo.supabase.co/rest/v1/jobs?select=id&job_url=eq.https%3A%2F%2Fwww.linkedin.com%2Fjobs%2Fview%2Fdata-analyst-mid-at-booz-allen-hamilton-4452627582 "HTTP/2 200 OK"
2026-09-02 18:44:48,812 INFO HTTP Request: POST https://nzzrpylddectbapxpazo.supabase.co/rest/v1/jobs "HTTP/2 201 Created"
2026-09-02 18:44:48,814 INFO   Saved: Data Analyst, Mid @ Booz Allen Hamilton
2026-09-02 18:44:51,914 INFO HTTP Request: PATCH https://nzzrpylddectbapxpazo.supabase.co/rest/v1/jobs?id=eq.423d2e2f-0589-4f79-aaf4-b28082374302 "HTTP/2 200 OK"
2026-09-02 18:44:53,594 INFO HTTP Request: GET https://nzzrpylddectbapxpazo.supabase.co/rest/v1/jobs?select=id&job_url=eq.https%3A%2F%2Fes.linkedin.com%2Fjobs%2Fview%2Fanalista-de-datos-python-at-onhunters-4462143568 "HTTP/2 200 OK"
2026-09-02 18:44:53,754 INFO HTTP Request: POST https://nzzrpylddectbapxpazo.supabase.co/rest/v1/jobs "HTTP/2 201 Created"
2026-09-02 18:44:53,756 INFO   Saved: Analista de Datos - Python @ onhunters
2026-09-02 18:44:56,374 INFO HTTP Request: PATCH https://nzzrpylddectbapxpazo.supabase.co/rest/v1/jobs?id=eq.b29bc265-b5c1-4dc8-97bd-f01675dc0ecc "HTTP/2 200 OK"
2026-09-02 18:44:58,142 INFO HTTP Request: GET https://nzzrpylddectbapxpazo.supabase.co/rest/v1/jobs?select=id&job_url=eq.https%3A%2F%2Fwww.linkedin.com%2Fjobs%2Fview%2Fdata-analyst-at-booz-allen-hamilton-4443559220 "HTTP/2 200 OK"
2026-09-02 18:44:58,308 INFO HTTP Request: POST https://nzzrpylddectbapxpazo.supabase.co/rest/v1/jobs "HTTP/2 201 Created"
2026-09-02 18:44:58,310 INFO   Saved: Data Analyst @ Booz Allen Hamilton
2026-09-02 18:45:01,324 INFO HTTP Request: PATCH https://nzzrpylddectbapxpazo.supabase.co/rest/v1/jobs?id=eq.f2ea769a-9733-48c6-aaa8-848f21e25f95 "HTTP/2 200 OK"
2026-09-02 18:45:03,039 INFO HTTP Request: GET https://nzzrpylddectbapxpazo.supabase.co/rest/v1/jobs?select=id&job_url=eq.https%3A%2F%2Fwww.linkedin.com%2Fjobs%2Fview%2Fdata-analyst-at-haystack-4460676660 "HTTP/2 200 OK"
2026-09-02 18:45:03,234 INFO HTTP Request: POST https://nzzrpylddectbapxpazo.supabase.co/rest/v1/jobs "HTTP/2 201 Created"
2026-09-02 18:45:03,236 INFO   Saved: Data Analyst @ Haystack
2026-09-02 18:45:06,009 INFO HTTP Request: PATCH https://nzzrpylddectbapxpazo.supabase.co/rest/v1/jobs?id=eq.55f4582d-4053-4431-ad79-c69088ef7ff7 "HTTP/2 200 OK"
2026-09-02 18:45:07,675 INFO HTTP Request: GET https://nzzrpylddectbapxpazo.supabase.co/rest/v1/jobs?select=id&job_url=eq.https%3A%2F%2Fwww.linkedin.com%2Fjobs%2Fview%2Fdata-analyst-at-amentum-4452477213 "HTTP/2 200 OK"
2026-09-02 18:45:07,862 INFO HTTP Request: POST https://nzzrpylddectbapxpazo.supabase.co/rest/v1/jobs "HTTP/2 201 Created"
2026-09-02 18:45:07,864 INFO   Saved: Data Analyst @ Amentum
2026-09-02 18:45:10,529 INFO HTTP Request: PATCH https://nzzrpylddectbapxpazo.supabase.co/rest/v1/jobs?id=eq.7cea6b92-0c5f-48c3-b80d-11042373a513 "HTTP/2 200 OK"
2026-09-02 18:45:12,220 INFO HTTP Request: GET https://nzzrpylddectbapxpazo.supabase.co/rest/v1/jobs?select=id&job_url=eq.https%3A%2F%2Fwww.linkedin.com%2Fjobs%2Fview%2Fsenior-data-analyst-project-analytics-and-insights-engineer-iii-at-deloitte-4462096674 "HTTP/2 200 OK"
2026-09-02 18:45:12,394 INFO HTTP Request: POST https://nzzrpylddectbapxpazo.supabase.co/rest/v1/jobs "HTTP/2 201 Created"
2026-09-02 18:45:12,395 INFO   Saved: Senior Data Analyst - PROJECT - Analytics and Insights Engineer III @ Deloitte
2026-09-02 18:45:15,353 INFO HTTP Request: PATCH https://nzzrpylddectbapxpazo.supabase.co/rest/v1/jobs?id=eq.c3db3f55-9b84-4563-a209-bdc9c1e62633 "HTTP/2 200 OK"
2026-09-02 18:45:17,046 INFO HTTP Request: GET https://nzzrpylddectbapxpazo.supabase.co/rest/v1/jobs?select=id&job_url=eq.https%3A%2F%2Fwww.linkedin.com%2Fjobs%2Fview%2Fdevops-engineer-at-fetchjobs-co-4462184468 "HTTP/2 200 OK"
2026-09-02 18:45:17,277 INFO HTTP Request: POST https://nzzrpylddectbapxpazo.supabase.co/rest/v1/jobs "HTTP/2 201 Created"
2026-09-02 18:45:17,279 INFO   Saved: DevOps Engineer @ FetchJobs.co
2026-09-02 18:45:19,950 INFO HTTP Request: PATCH https://nzzrpylddectbapxpazo.supabase.co/rest/v1/jobs?id=eq.02c685db-1b64-474c-9fad-2bc199c1a93b "HTTP/2 200 OK"
2026-09-02 18:45:21,638 INFO HTTP Request: GET https://nzzrpylddectbapxpazo.supabase.co/rest/v1/jobs?select=id&job_url=eq.https%3A%2F%2Fwww.linkedin.com%2Fjobs%2Fview%2Fdata-analyst-at-us-pharmacopeia-4462049502 "HTTP/2 200 OK"
2026-09-02 18:45:21,834 INFO HTTP Request: POST https://nzzrpylddectbapxpazo.supabase.co/rest/v1/jobs "HTTP/2 201 Created"
2026-09-02 18:45:21,835 INFO   Saved: Data Analyst @ US Pharmacopeia
2026-09-02 18:45:24,511 INFO HTTP Request: PATCH https://nzzrpylddectbapxpazo.supabase.co/rest/v1/jobs?id=eq.2c742508-8fa9-4022-baa1-0124dffd49a8 "HTTP/2 200 OK"
2026-09-02 18:45:26,209 INFO HTTP Request: GET https://nzzrpylddectbapxpazo.supabase.co/rest/v1/jobs?select=id&job_url=eq.https%3A%2F%2Fwww.linkedin.com%2Fjobs%2Fview%2Fdata-analyst-5-at-u-s-bank-4462119413 "HTTP/2 200 OK"
2026-09-02 18:45:26,396 INFO HTTP Request: POST https://nzzrpylddectbapxpazo.supabase.co/rest/v1/jobs "HTTP/2 201 Created"
2026-09-02 18:45:26,399 INFO   Saved: Data Analyst 5 @ U.S. Bank
2026-09-02 18:45:29,594 INFO HTTP Request: PATCH https://nzzrpylddectbapxpazo.supabase.co/rest/v1/jobs?id=eq.d665d74d-7c18-40ef-ae0b-4a84ba676529 "HTTP/2 200 OK"
2026-09-02 18:45:31,292 INFO HTTP Request: GET https://nzzrpylddectbapxpazo.supabase.co/rest/v1/jobs?select=id&job_url=eq.https%3A%2F%2Fwww.linkedin.com%2Fjobs%2Fview%2Fpython-r-engineer-analytics-at-pri-technology-4461777392 "HTTP/2 200 OK"
2026-09-02 18:45:31,478 INFO HTTP Request: POST https://nzzrpylddectbapxpazo.supabase.co/rest/v1/jobs "HTTP/2 201 Created"
2026-09-02 18:45:31,480 INFO   Saved: Python/R Engineer (Analytics) @ PRI Technology
2026-09-02 18:45:35,078 INFO HTTP Request: PATCH https://nzzrpylddectbapxpazo.supabase.co/rest/v1/jobs?id=eq.9f9cab8d-205d-49c1-bdeb-fdadfb7be646 "HTTP/2 200 OK"
2026-09-02 18:45:36,770 INFO HTTP Request: GET https://nzzrpylddectbapxpazo.supabase.co/rest/v1/jobs?select=id&job_url=eq.https%3A%2F%2Fae.linkedin.com%2Fjobs%2Fview%2Fsenior-data-analyst-at-multibank-group-4462170272 "HTTP/2 200 OK"
2026-09-02 18:45:36,944 INFO HTTP Request: POST https://nzzrpylddectbapxpazo.supabase.co/rest/v1/jobs "HTTP/2 201 Created"
2026-09-02 18:45:36,946 INFO   Saved: Senior Data Analyst @ MultiBank Group
2026-09-02 18:45:39,668 INFO HTTP Request: PATCH https://nzzrpylddectbapxpazo.supabase.co/rest/v1/jobs?id=eq.fab262ff-7427-4dcb-a289-1960c1dda991 "HTTP/2 200 OK"
2026-09-02 18:45:41,368 INFO HTTP Request: GET https://nzzrpylddectbapxpazo.supabase.co/rest/v1/jobs?select=id&job_url=eq.https%3A%2F%2Fwww.linkedin.com%2Fjobs%2Fview%2Fpython-r-engineer-analytics-at-pri-technology-4461780698 "HTTP/2 200 OK"
2026-09-02 18:45:41,545 INFO HTTP Request: POST https://nzzrpylddectbapxpazo.supabase.co/rest/v1/jobs "HTTP/2 201 Created"
2026-09-02 18:45:41,547 INFO   Saved: Python/R Engineer (Analytics) @ PRI Technology
2026-09-02 18:45:44,462 INFO HTTP Request: PATCH https://nzzrpylddectbapxpazo.supabase.co/rest/v1/jobs?id=eq.1f5346cf-40ff-447a-88c5-a0f8114b28aa "HTTP/2 200 OK"
2026-09-02 18:45:46,144 INFO HTTP Request: GET https://nzzrpylddectbapxpazo.supabase.co/rest/v1/jobs?select=id&job_url=eq.https%3A%2F%2Fkr.linkedin.com%2Fjobs%2Fview%2Fsenior-data-analyst-audit-automation-data-analytics-at-coupang-4460617054 "HTTP/2 200 OK"
2026-09-02 18:45:46,341 INFO HTTP Request: POST https://nzzrpylddectbapxpazo.supabase.co/rest/v1/jobs "HTTP/2 201 Created"
2026-09-02 18:45:46,343 INFO   Saved: Senior, Data Analyst (Audit Automation & Data Analytics) @ Coupang
2026-09-02 18:45:49,111 INFO HTTP Request: PATCH https://nzzrpylddectbapxpazo.supabase.co/rest/v1/jobs?id=eq.7f8fe845-cba7-4dde-b1da-236622ee7c4e "HTTP/2 200 OK"
2026-09-02 18:45:50,958 INFO HTTP Request: GET https://nzzrpylddectbapxpazo.supabase.co/rest/v1/jobs?select=id&job_url=eq.https%3A%2F%2Fwww.linkedin.com%2Fjobs%2Fview%2Ffundamental-equities-data-analyst-us-at-point72-4459903232 "HTTP/2 200 OK"
2026-09-02 18:45:51,125 INFO HTTP Request: POST https://nzzrpylddectbapxpazo.supabase.co/rest/v1/jobs "HTTP/2 201 Created"
2026-09-02 18:45:51,127 INFO   Saved: Fundamental Equities Data Analyst - US @ Point72
2026-09-02 18:45:53,834 INFO HTTP Request: PATCH https://nzzrpylddectbapxpazo.supabase.co/rest/v1/jobs?id=eq.7edcd84a-3dca-48f4-b2ca-eb3e0e75249c "HTTP/2 200 OK"
2026-09-02 18:45:55,519 INFO HTTP Request: GET https://nzzrpylddectbapxpazo.supabase.co/rest/v1/jobs?select=id&job_url=eq.https%3A%2F%2Fcn.linkedin.com%2Fjobs%2Fview%2F%25E6%2595%25B0%25E6%258D%25AE%25E5%2588%2586%25E6%259E%2590%25E5%25B8%2588%25EF%25BC%2588%25E5%25A4%2596%25E4%25BC%2581%25E3%2580%2581%25E5%258F%258C%25E4%25BC%2591%25EF%25BC%2589-at-%25E6%25B0%25B8%25E6%2597%25BA-4460934188 "HTTP/2 200 OK"
2026-09-02 18:45:55,690 INFO HTTP Request: POST https://nzzrpylddectbapxpazo.supabase.co/rest/v1/jobs "HTTP/2 201 Created"
2026-09-02 18:45:58,331 INFO HTTP Request: PATCH https://nzzrpylddectbapxpazo.supabase.co/rest/v1/jobs?id=eq.f96cd1e4-e39b-475e-acea-1a71fda4b93c "HTTP/2 200 OK"
2026-09-02 18:46:00,064 INFO HTTP Request: GET https://nzzrpylddectbapxpazo.supabase.co/rest/v1/jobs?select=id&job_url=eq.https%3A%2F%2Fwww.linkedin.com%2Fjobs%2Fview%2Fsenior-data-analyst-medtech-at-talenthop-4459926580 "HTTP/2 200 OK"
2026-09-02 18:46:00,293 INFO HTTP Request: POST https://nzzrpylddectbapxpazo.supabase.co/rest/v1/jobs "HTTP/2 201 Created"
2026-09-02 18:46:00,295 INFO   Saved: Senior Data Analyst (MedTech) @ TalentHop
2026-09-02 18:46:03,320 INFO HTTP Request: PATCH https://nzzrpylddectbapxpazo.supabase.co/rest/v1/jobs?id=eq.8a56328a-8661-467a-a8af-44d3aeacf5c2 "HTTP/2 200 OK"
2026-09-02 18:46:05,085 INFO HTTP Request: GET https://nzzrpylddectbapxpazo.supabase.co/rest/v1/jobs?select=id&job_url=eq.https%3A%2F%2Fwww.linkedin.com%2Fjobs%2Fview%2Fdata-analyst-sr-at-torentify-4462153718 "HTTP/2 200 OK"
2026-09-02 18:46:05,392 INFO HTTP Request: POST https://nzzrpylddectbapxpazo.supabase.co/rest/v1/jobs "HTTP/2 201 Created"
2026-09-02 18:46:05,394 INFO   Saved: Data Analyst, Sr. @ Torentify
2026-09-02 18:46:08,157 INFO HTTP Request: PATCH https://nzzrpylddectbapxpazo.supabase.co/rest/v1/jobs?id=eq.fa601ebc-e9a4-4e0e-a622-4c3ffa4577c8 "HTTP/2 200 OK"
2026-09-02 18:46:09,855 INFO HTTP Request: GET https://nzzrpylddectbapxpazo.supabase.co/rest/v1/jobs?select=id&job_url=eq.https%3A%2F%2Fwww.linkedin.com%2Fjobs%2Fview%2Fr247170-principal-data-analyst-bin-iin-management-open-at-capital-one-4462141727 "HTTP/2 200 OK"
2026-09-02 18:46:10,047 INFO HTTP Request: POST https://nzzrpylddectbapxpazo.supabase.co/rest/v1/jobs "HTTP/2 201 Created"
2026-09-02 18:46:10,049 INFO   Saved: R247170 Principal Data Analyst - BIN/IIN Management (Open) @ Capital One
2026-09-02 18:46:12,998 INFO HTTP Request: PATCH https://nzzrpylddectbapxpazo.supabase.co/rest/v1/jobs?id=eq.fd827e0b-3244-4888-929b-b075c82d3dc3 "HTTP/2 200 OK"
2026-09-02 18:46:14,687 INFO HTTP Request: GET https://nzzrpylddectbapxpazo.supabase.co/rest/v1/jobs?select=id&job_url=eq.https%3A%2F%2Fwww.linkedin.com%2Fjobs%2Fview%2Fdata-scientist-at-guidehouse-4434792530 "HTTP/2 200 OK"
2026-09-02 18:46:14,872 INFO HTTP Request: POST https://nzzrpylddectbapxpazo.supabase.co/rest/v1/jobs "HTTP/2 201 Created"
2026-09-02 18:46:14,873 INFO   Saved: Data Scientist @ Guidehouse
2026-09-02 18:46:17,536 INFO HTTP Request: PATCH https://nzzrpylddectbapxpazo.supabase.co/rest/v1/jobs?id=eq.e40c72e3-dd10-4a5e-bf8c-3efa5659863d "HTTP/2 200 OK"
2026-09-02 18:46:19,194 INFO HTTP Request: GET https://nzzrpylddectbapxpazo.supabase.co/rest/v1/jobs?select=id&job_url=eq.https%3A%2F%2Fwww.linkedin.com%2Fjobs%2Fview%2Fr247170-principal-data-analyst-bin-iin-management-open-at-capital-one-4462143610 "HTTP/2 200 OK"
2026-09-02 18:46:19,364 INFO HTTP Request: POST https://nzzrpylddectbapxpazo.supabase.co/rest/v1/jobs "HTTP/2 201 Created"
2026-09-02 18:46:19,364 INFO   Saved: R247170 Principal Data Analyst - BIN/IIN Management (Open) @ Capital One
2026-09-02 18:46:22,141 INFO HTTP Request: PATCH https://nzzrpylddectbapxpazo.supabase.co/rest/v1/jobs?id=eq.5fd61fe1-6524-4f34-9656-92192ad18d22 "HTTP/2 200 OK"
2026-09-02 18:46:23,818 INFO HTTP Request: GET https://nzzrpylddectbapxpazo.supabase.co/rest/v1/jobs?select=id&job_url=eq.https%3A%2F%2Fwww.linkedin.com%2Fjobs%2Fview%2Fbi-data-analyst-at-motion-4452601232 "HTTP/2 200 OK"
2026-09-02 18:46:23,979 INFO HTTP Request: POST https://nzzrpylddectbapxpazo.supabase.co/rest/v1/jobs "HTTP/2 201 Created"
2026-09-02 18:46:23,980 INFO   Saved: BI Data Analyst @ Motion
2026-09-02 18:46:26,605 INFO HTTP Request: PATCH https://nzzrpylddectbapxpazo.supabase.co/rest/v1/jobs?id=eq.caf2f2fd-e353-46e2-a74d-30a1948069b6 "HTTP/2 200 OK"
2026-09-02 18:46:28,308 INFO HTTP Request: GET https://nzzrpylddectbapxpazo.supabase.co/rest/v1/jobs?select=id&job_url=eq.https%3A%2F%2Fin.linkedin.com%2Fjobs%2Fview%2Fanalytics-practitioner-at-accenture-in-india-4448386979 "HTTP/2 200 OK"
2026-09-02 18:46:28,492 INFO HTTP Request: POST https://nzzrpylddectbapxpazo.supabase.co/rest/v1/jobs "HTTP/2 201 Created"
2026-09-02 18:46:28,495 INFO   Saved: Analytics Practitioner @ Accenture in India
2026-09-02 18:46:31,402 INFO HTTP Request: PATCH https://nzzrpylddectbapxpazo.supabase.co/rest/v1/jobs?id=eq.d38227ff-8035-4691-9af1-5602fc0f8189 "HTTP/2 200 OK"
2026-09-02 18:46:33,132 INFO HTTP Request: GET https://nzzrpylddectbapxpazo.supabase.co/rest/v1/jobs?select=id&job_url=eq.https%3A%2F%2Ffr.linkedin.com%2Fjobs%2Fview%2Fdata-analyst-scientist-h-f-at-consort-group-4460965510 "HTTP/2 200 OK"
2026-09-02 18:46:33,411 INFO HTTP Request: POST https://nzzrpylddectbapxpazo.supabase.co/rest/v1/jobs "HTTP/2 201 Created"
2026-09-02 18:46:33,415 INFO   Saved: Data Analyst/Scientist H/F @ Consort Group
2026-09-02 18:46:36,739 INFO HTTP Request: PATCH https://nzzrpylddectbapxpazo.supabase.co/rest/v1/jobs?id=eq.bf27d9dc-65e7-4fbc-be4f-fb935b154442 "HTTP/2 200 OK"
2026-09-02 18:46:38,443 INFO 
[OK] Scraping complete: 84 new jobs saved
2026-09-02 18:46:38,696 INFO HTTP Request: POST https://nzzrpylddectbapxpazo.supabase.co/rest/v1/daily_run_logs "HTTP/2 409 Conflict"
2026-09-02 18:46:38,698 ERROR      [ERR] Scraping failed: {'message': 'duplicate key value violates unique constraint "daily_run_logs_run_date_key"', 'code': '23505', 'hint': None, 'details': 'Key (run_date)=(2026-09-02) already exists.'}
2026-09-02 18:46:38,699 INFO 
[2/5] [ATS]  Running ATS matching...
2026-09-02 18:46:39,696 INFO HTTP Request: GET https://nzzrpylddectbapxpazo.supabase.co/rest/v1/jobs?select=id%2Ctitle%2Ccompany%2Cdescription_raw&status=eq.scraped&description_raw=not.is.null&limit=50 "HTTP/2 200 OK"
2026-09-02 18:47:15,434 INFO HTTP Request: PATCH https://nzzrpylddectbapxpazo.supabase.co/rest/v1/jobs?id=eq.abcec2ce-6774-41ff-be91-3964d61e7b5e "HTTP/2 200 OK"
2026-09-02 18:47:49,429 INFO HTTP Request: PATCH https://nzzrpylddectbapxpazo.supabase.co/rest/v1/jobs?id=eq.2c1b5911-ded3-4f91-baec-01b94e89f961 "HTTP/2 200 OK"
2026-09-02 18:48:23,838 INFO HTTP Request: PATCH https://nzzrpylddectbapxpazo.supabase.co/rest/v1/jobs?id=eq.126c273b-15a9-4e47-a731-cdd25f9b690f "HTTP/2 200 OK"
2026-09-02 18:48:58,550 INFO HTTP Request: PATCH https://nzzrpylddectbapxpazo.supabase.co/rest/v1/jobs?id=eq.4f2524ed-f9a2-47de-bae5-56ad578b45a7 "HTTP/2 200 OK"
2026-09-02 18:49:32,750 INFO HTTP Request: PATCH https://nzzrpylddectbapxpazo.supabase.co/rest/v1/jobs?id=eq.2429b32a-1954-4cc1-96da-dce7ba3f3bdc "HTTP/2 200 OK"
2026-09-02 18:50:07,259 INFO HTTP Request: PATCH https://nzzrpylddectbapxpazo.supabase.co/rest/v1/jobs?id=eq.f404760a-eb1e-4d3a-8bc2-5aaa3b0bab28 "HTTP/2 200 OK"
2026-09-02 18:50:41,460 INFO HTTP Request: PATCH https://nzzrpylddectbapxpazo.supabase.co/rest/v1/jobs?id=eq.9182e8cb-d325-4f88-949b-0da212babe7d "HTTP/2 200 OK"
2026-09-02 18:51:15,868 INFO HTTP Request: PATCH https://nzzrpylddectbapxpazo.supabase.co/rest/v1/jobs?id=eq.40bdd885-66d8-441b-af66-e5d3831fd1c5 "HTTP/2 200 OK"
2026-09-02 18:51:50,170 INFO HTTP Request: PATCH https://nzzrpylddectbapxpazo.supabase.co/rest/v1/jobs?id=eq.13e55a5b-4766-415b-8650-774f56a1d7db "HTTP/2 200 OK"
2026-09-02 18:52:25,192 INFO HTTP Request: PATCH https://nzzrpylddectbapxpazo.supabase.co/rest/v1/jobs?id=eq.e57d11ef-0af9-49ca-9e16-627aa3fe6b0b "HTTP/2 200 OK"
2026-09-02 18:53:34,618 INFO HTTP Request: POST https://nzzrpylddectbapxpazo.supabase.co/rest/v1/resume_versions "HTTP/2 201 Created"
2026-09-02 18:53:34,925 INFO HTTP Request: PATCH https://nzzrpylddectbapxpazo.supabase.co/rest/v1/jobs?id=eq.fdf8c801-1829-440d-bd8a-89e46ff41e96 "HTTP/2 200 OK"
2026-09-02 18:54:09,843 INFO HTTP Request: PATCH https://nzzrpylddectbapxpazo.supabase.co/rest/v1/jobs?id=eq.1f457dd2-d91a-49f9-9374-3cd512377794 "HTTP/2 200 OK"
2026-09-02 18:54:44,966 INFO HTTP Request: PATCH https://nzzrpylddectbapxpazo.supabase.co/rest/v1/jobs?id=eq.4a133531-55c6-400c-96dd-24a2e2a35c77 "HTTP/2 200 OK"
2026-09-02 18:54:47,014 ERROR      [ERR] ATS matching failed: API error 429: {
  "error": {
    "code": 429,
    "message": "You exceeded your current quota, please check your plan and billing details. For more information on this error, head to: https://ai.google.dev/gemini-api/docs/rate-limits. To monitor your current usage, head to: https://ai.dev/rate-limit. \n* Quota exceeded for metric: generativelanguage.googleapis.com/generate_content_free_tier_requests, limit: 20, model: gemini-3.7-flash\nPlease retry in 12.992793619s.",
    "status": "RESOURCE_EXHAUSTED",
    "details": [
      {
        "@type": "type.googleapis.com/google.rpc.Help",
        "links": [
          {
            "description": "Learn more about Gemini API quotas",
            "url": "https://ai.google.dev/gemini-api/docs/rate-limits"
          }
        ]
      },
      {
        "@type": "type.googleapis.com/google.rpc.QuotaFailure",
        "violations": [
          {
            "quotaMetric": "generativelanguage.googleapis.com/generate_content_free_tier_requests",
            "quotaId": "GenerateRequestsPerDayPerProjectPerModel-FreeTier",
            "quotaDimensions": {
              "location": "global",
              "model": "gemini-3.7-flash"
            },
            "quotaValue": "20"
          }
        ]
      },
      {
        "@type": "type.googleapis.com/google.rpc.RetryInfo",
        "retryDelay": "12s"
      }
    ]
  }
}

2026-09-02 18:54:47,015 INFO 
[3/5] [APPLY]  Auto-applying to top matches...
2026-09-02 18:54:47,422 INFO HTTP Request: GET https://nzzrpylddectbapxpazo.supabase.co/rest/v1/jobs?select=id%2Ctitle%2Ccompany%2Cats_score%2Capply_url%2Cplatform&status=eq.matched&ats_score=gte.75&order=ats_score.desc&limit=20 "HTTP/2 200 OK"
2026-09-02 18:54:47,424 INFO      [OK] Auto-applied to 0 jobs
2026-09-02 18:54:47,426 INFO 
[4/5] [EMAIL]  Sending cold outreach emails...
2026-09-02 18:54:48,147 INFO HTTP Request: GET https://nzzrpylddectbapxpazo.supabase.co/rest/v1/outreach_logs?select=id&status=eq.sent&sent_at=gte.2026-09-02T00%3A00%3A00 "HTTP/2 200 OK"
2026-09-02 18:54:48,446 INFO HTTP Request: GET https://nzzrpylddectbapxpazo.supabase.co/rest/v1/jobs?select=id%2Ctitle%2Ccompany%2Ccompany_domain%2Clocation%2Cdescription_raw%2Cats_score%2Capply_url%2Cmatched_keywords&status=in.%28matched%2Cauto_applied%29&ats_score=gte.70&order=ats_score.desc&limit=15 "HTTP/2 200 OK"
2026-09-02 18:54:48,453 INFO [MAIL] Outreach done: 0 emails sent
2026-09-02 18:54:48,454 INFO      [OK] Sent 0 cold emails
2026-09-02 18:54:48,455 INFO 
[5/5] [POST]  Publishing LinkedIn posts...
2026-09-02 18:54:49,265 INFO HTTP Request: GET https://nzzrpylddectbapxpazo.supabase.co/rest/v1/linkedin_posts?select=%2A&status=in.%28scheduled%29&scheduled_for=lte.2026-09-02T13%3A24%3A48.692014%2B00%3A00 "HTTP/2 200 OK"
2026-09-02 18:54:49,275 INFO Published 0 due posts
2026-09-02 18:54:49,470 INFO HTTP Request: POST https://nzzrpylddectbapxpazo.supabase.co/rest/v1/daily_run_logs?on_conflict=run_date "HTTP/2 200 OK"
2026-09-02 18:54:49,472 INFO      [OK] Published 0 LinkedIn posts
2026-09-02 18:54:49,777 INFO HTTP Request: POST https://nzzrpylddectbapxpazo.supabase.co/rest/v1/daily_run_logs?on_conflict=run_date "HTTP/2 200 OK"
2026-09-02 18:54:49,778 INFO 
[NOTIFY] Sending daily summary notification...
2026-09-02 18:54:49,981 INFO HTTP Request: GET https://nzzrpylddectbapxpazo.supabase.co/rest/v1/daily_run_logs?select=%2A&run_date=eq.2026-09-02 "HTTP/2 200 OK"
2026-09-02 18:54:50,187 INFO HTTP Request: GET https://nzzrpylddectbapxpazo.supabase.co/rest/v1/applications?select=%2A%2Cjobs%28title%2Ccompany%2Clocation%2Cats_score%29&applied_at=gte.2026-09-02T00%3A00%3A00&order=applied_at.desc&limit=5 "HTTP/2 200 OK"
2026-09-02 18:54:50,391 INFO HTTP Request: GET https://nzzrpylddectbapxpazo.supabase.co/rest/v1/outreach_logs?select=%2A%2Crecruiters%28name%2Ccompany%29&status=eq.sent&sent_at=gte.2026-09-02T00%3A00%3A00 "HTTP/2 200 OK"
2026-09-02 18:54:50,596 INFO HTTP Request: GET https://nzzrpylddectbapxpazo.supabase.co/rest/v1/jobs?select=title%2Ccompany%2Cats_score%2Capply_url&status=eq.matched&ats_score=gte.80&limit=5 "HTTP/2 200 OK"
2026-09-02 18:54:56,500 INFO   [NOTIFY] Telegram notification sent
2026-09-02 18:54:56,502 INFO 
============================================================
2026-09-02 18:54:56,503 INFO [OK] DAILY RUN COMPLETE
2026-09-02 18:54:56,503 INFO    Scraped: 0 | Matched: 0
2026-09-02 18:54:56,503 INFO    Applied: 0 | Emailed: 0
2026-09-02 18:54:56,504 INFO    Errors: 2
2026-09-02 18:54:56,504 INFO ============================================================
2026-09-02 23:26:56,590 INFO ============================================================
2026-09-02 23:26:56,592 INFO [START] DAILY JOB ENGINE RUN — 2026-09-02T17:56:56.592188+00:00
2026-09-02 23:26:56,592 INFO ============================================================
2026-09-02 23:26:56,593 INFO 
[1/5] [SCRAPE]  Scraping job boards...
2026-09-02 23:27:02,782 INFO   Naukri: Python Developer in Hyderabad
2026-09-02 23:27:13,084 INFO   Found 0 cards
2026-09-02 23:27:34,975 INFO   LinkedIn: Python Developer in Hyderabad -> 25 found
2026-09-02 23:27:34,976 INFO   Naukri: Python Developer in Bangalore
2026-09-02 23:27:42,235 INFO   Found 0 cards
2026-09-02 23:27:57,872 INFO   LinkedIn: Python Developer in Bangalore -> 25 found
2026-09-02 23:27:57,873 INFO   Naukri: Python Developer in Remote
2026-09-02 23:28:05,331 INFO   Found 0 cards
2026-09-02 23:28:18,787 INFO   LinkedIn: Python Developer in Remote -> 24 found
2026-09-02 23:28:23,345 WARNING   YC API returned 406
2026-09-02 23:28:27,243 INFO HTTP Request: GET https://nzzrpylddectbapxpazo.supabase.co/rest/v1/jobs?select=id&job_url=eq.https%3A%2F%2Fin.linkedin.com%2Fjobs%2Fview%2Fpython-developer-at-srs-consulting-inc-4460927223 "HTTP/2 200 OK"
2026-09-02 23:28:27,752 INFO HTTP Request: GET https://nzzrpylddectbapxpazo.supabase.co/rest/v1/jobs?select=id&job_url=eq.https%3A%2F%2Fuk.linkedin.com%2Fjobs%2Fview%2Fpython-developer-django-sql-fintech-at-client-server-4462185113 "HTTP/2 200 OK"
2026-09-02 23:28:27,956 INFO HTTP Request: GET https://nzzrpylddectbapxpazo.supabase.co/rest/v1/jobs?select=id&job_url=eq.https%3A%2F%2Fin.linkedin.com%2Fjobs%2Fview%2Fpython-developer-jobs-mumbai-2%25E2%2580%25934-years-exp-bizinso-careers-at-bizinso-4459584506 "HTTP/2 200 OK"
2026-09-02 23:28:28,263 INFO HTTP Request: POST https://nzzrpylddectbapxpazo.supabase.co/rest/v1/jobs "HTTP/2 201 Created"
2026-09-02 23:28:28,268 INFO   Saved: Python Developer Jobs Mumbai | 2–4 Years Exp | Bizinso Careers @ Bizinso
2026-09-02 23:28:32,212 INFO HTTP Request: PATCH https://nzzrpylddectbapxpazo.supabase.co/rest/v1/jobs?id=eq.548d218f-4a84-42b8-80c0-b6e8356990a4 "HTTP/2 200 OK"
2026-09-02 23:28:33,906 INFO HTTP Request: GET https://nzzrpylddectbapxpazo.supabase.co/rest/v1/jobs?select=id&job_url=eq.https%3A%2F%2Fin.linkedin.com%2Fjobs%2Fview%2Flead-software-engineer-backend-python-at-impact-analytics-4390305643 "HTTP/2 200 OK"
2026-09-02 23:28:34,254 INFO HTTP Request: GET https://nzzrpylddectbapxpazo.supabase.co/rest/v1/jobs?select=id&job_url=eq.https%3A%2F%2Fin.linkedin.com%2Fjobs%2Fview%2Fsoftware-development-engineer-python-s03-at-systango-4460995108 "HTTP/2 200 OK"
2026-09-02 23:28:34,511 INFO HTTP Request: GET https://nzzrpylddectbapxpazo.supabase.co/rest/v1/jobs?select=id&job_url=eq.https%3A%2F%2Ffr.linkedin.com%2Fjobs%2Fview%2Fd%25C3%25A9veloppeur-logiciel-applicatif-python-senior-h-f-at-triskell-consulting-4462425571 "HTTP/2 200 OK"
2026-09-02 23:28:34,816 INFO HTTP Request: POST https://nzzrpylddectbapxpazo.supabase.co/rest/v1/jobs "HTTP/2 201 Created"
2026-09-02 23:28:35,117 INFO   Saved: Développeur Logiciel Applicatif Python Senior (H/F) @ TRISKELL CONSULTING
2026-09-02 23:28:39,286 INFO HTTP Request: PATCH https://nzzrpylddectbapxpazo.supabase.co/rest/v1/jobs?id=eq.74f4c8b0-fc0f-44b6-b822-1135681e28fb "HTTP/2 200 OK"
2026-09-02 23:28:40,950 INFO HTTP Request: GET https://nzzrpylddectbapxpazo.supabase.co/rest/v1/jobs?select=id&job_url=eq.https%3A%2F%2Fcn.linkedin.com%2Fjobs%2Fview%2Fpython%25E5%2590%258E%25E7%25AB%25AF%25E5%25BC%2580%25E5%258F%2591%25E5%25B7%25A5%25E7%25A8%258B%25E5%25B8%2588%25EF%25BC%2588%25E6%258A%2580%25E6%259C%25AF%25E6%25A0%2588fastapi%25EF%25BC%2589-at-%25E6%25B2%25B3%25E5%258C%2597%25E6%2581%25A9%25E5%2592%258C%25E7%2594%25B5%25E5%25AD%2590%25E7%25A7%2591%25E6%258A%2580%25E6%259C%2589%25E9%2599%2590%25E5%2585%25AC%25E5%258F%25B8-4460695419 "HTTP/2 200 OK"
2026-09-02 23:28:48,846 INFO HTTP Request: GET https://nzzrpylddectbapxpazo.supabase.co/rest/v1/jobs?select=id&job_url=eq.https%3A%2F%2Fuk.linkedin.com%2Fjobs%2Fview%2Fsoftware-engineer-python-django-sql-fintech-at-client-server-4462161370 "HTTP/2 200 OK"
2026-09-02 23:28:49,050 INFO HTTP Request: GET https://nzzrpylddectbapxpazo.supabase.co/rest/v1/jobs?select=id&job_url=eq.https%3A%2F%2Fwww.linkedin.com%2Fjobs%2Fview%2Fpython-django-developer-at-tata-consultancy-services-4451909310 "HTTP/2 200 OK"
2026-09-02 23:28:49,206 INFO HTTP Request: GET https://nzzrpylddectbapxpazo.supabase.co/rest/v1/jobs?select=id&job_url=eq.https%3A%2F%2Fin.linkedin.com%2Fjobs%2Fview%2Fpython-developer-at-talentgigs-4460985491 "HTTP/2 200 OK"
2026-09-02 23:28:49,460 INFO HTTP Request: POST https://nzzrpylddectbapxpazo.supabase.co/rest/v1/jobs "HTTP/2 201 Created"
2026-09-02 23:28:49,463 INFO   Saved: Python Developer @ Talentgigs
2026-09-02 23:28:52,359 INFO HTTP Request: PATCH https://nzzrpylddectbapxpazo.supabase.co/rest/v1/jobs?id=eq.060aa474-09d1-4623-a8bd-1e02760fa953 "HTTP/2 200 OK"
2026-09-02 23:28:54,043 INFO HTTP Request: GET https://nzzrpylddectbapxpazo.supabase.co/rest/v1/jobs?select=id&job_url=eq.https%3A%2F%2Fuk.linkedin.com%2Fjobs%2Fview%2Fpython-developer-at-virtuetech-recruitment-group-4459959915 "HTTP/2 200 OK"
2026-09-02 23:28:54,216 INFO HTTP Request: POST https://nzzrpylddectbapxpazo.supabase.co/rest/v1/jobs "HTTP/2 201 Created"
2026-09-02 23:28:54,218 INFO   Saved: Python Developer @ VirtueTech Recruitment Group
2026-09-02 23:28:58,286 INFO HTTP Request: PATCH https://nzzrpylddectbapxpazo.supabase.co/rest/v1/jobs?id=eq.c32b4565-ec46-4b9f-a634-c0c35acdc2ca "HTTP/2 200 OK"
2026-09-02 23:28:59,974 INFO HTTP Request: GET https://nzzrpylddectbapxpazo.supabase.co/rest/v1/jobs?select=id&job_url=eq.https%3A%2F%2Fin.linkedin.com%2Fjobs%2Fview%2Fpython-developer-at-vysystems-4462138113 "HTTP/2 200 OK"
2026-09-02 23:29:00,136 INFO HTTP Request: GET https://nzzrpylddectbapxpazo.supabase.co/rest/v1/jobs?select=id&job_url=eq.https%3A%2F%2Fwww.linkedin.com%2Fjobs%2Fview%2Fsenior-backend-python-engineer-hybrid-%2524140-200k-at-ic-resources-4457006485 "HTTP/2 200 OK"
2026-09-02 23:29:00,292 INFO HTTP Request: GET https://nzzrpylddectbapxpazo.supabase.co/rest/v1/jobs?select=id&job_url=eq.https%3A%2F%2Fin.linkedin.com%2Fjobs%2Fview%2Fpython-developer-in-noida-at-instaastro-4462084877 "HTTP/2 200 OK"
2026-09-02 23:29:00,728 INFO HTTP Request: GET https://nzzrpylddectbapxpazo.supabase.co/rest/v1/jobs?select=id&job_url=eq.https%3A%2F%2Fkr.linkedin.com%2Fjobs%2Fview%2F%25EB%25B0%25B1%25EC%2597%2594%25EB%2593%259C-back-end-%25EA%25B0%259C%25EB%25B0%259C%25EC%259E%2590-%25EC%25B1%2584%25EC%259A%25A9-at-securion-%25EC%258B%259C%25ED%2581%2590%25EB%25A6%25AC%25EC%2598%25A8-4460955070 "HTTP/2 200 OK"
2026-09-02 23:29:00,882 INFO HTTP Request: GET https://nzzrpylddectbapxpazo.supabase.co/rest/v1/jobs?select=id&job_url=eq.https%3A%2F%2Fwww.linkedin.com%2Fjobs%2Fview%2Ffull-stack-developer-python-at-tata-consultancy-services-4460671113 "HTTP/2 200 OK"
2026-09-02 23:29:04,481 INFO HTTP Request: GET https://nzzrpylddectbapxpazo.supabase.co/rest/v1/jobs?select=id&job_url=eq.https%3A%2F%2Fmx.linkedin.com%2Fjobs%2Fview%2Fmid-level-python-developer-colombia-at-ci-t-4460935557 "HTTP/2 200 OK"
2026-09-02 23:29:04,690 INFO HTTP Request: GET https://nzzrpylddectbapxpazo.supabase.co/rest/v1/jobs?select=id&job_url=eq.https%3A%2F%2Fpk.linkedin.com%2Fjobs%2Fview%2Fbackend-developer-python-at-ibtidah-solutions-4459931700 "HTTP/2 200 OK"
2026-09-02 23:29:04,871 INFO HTTP Request: GET https://nzzrpylddectbapxpazo.supabase.co/rest/v1/jobs?select=id&job_url=eq.https%3A%2F%2Fbg.linkedin.com%2Fjobs%2Fview%2Fbackend-python-developer-f-m-d-%2540-a1-competence-delivery-center-at-a1-bulgaria-4461759815 "HTTP/2 200 OK"
2026-09-02 23:29:05,031 INFO HTTP Request: POST https://nzzrpylddectbapxpazo.supabase.co/rest/v1/jobs "HTTP/2 201 Created"
2026-09-02 23:29:05,034 INFO   Saved: Backend Python Developer (f/m/d) @ A1 Competence Delivery Center @ A1 Bulgaria
2026-09-02 23:29:08,670 INFO HTTP Request: PATCH https://nzzrpylddectbapxpazo.supabase.co/rest/v1/jobs?id=eq.7a6964c6-7167-44bd-89c3-b58e4be133b7 "HTTP/2 200 OK"
2026-09-02 23:29:10,352 INFO HTTP Request: GET https://nzzrpylddectbapxpazo.supabase.co/rest/v1/jobs?select=id&job_url=eq.https%3A%2F%2Fin.linkedin.com%2Fjobs%2Fview%2Fsoftware-engineer-ii-python-fast-api-django-microservices-sql-azure-git-at-blue-yonder-4449020093 "HTTP/2 200 OK"
2026-09-02 23:29:10,529 INFO HTTP Request: GET https://nzzrpylddectbapxpazo.supabase.co/rest/v1/jobs?select=id&job_url=eq.https%3A%2F%2Ffr.linkedin.com%2Fjobs%2Fview%2Fd%25C3%25A9veloppeur-python-senior-h-f-at-display-interactive-4409941330 "HTTP/2 200 OK"
2026-09-02 23:29:10,687 INFO HTTP Request: POST https://nzzrpylddectbapxpazo.supabase.co/rest/v1/jobs "HTTP/2 201 Created"
2026-09-02 23:29:10,689 INFO   Saved: Développeur Python Senior H/F @ Display Interactive
2026-09-02 23:29:13,900 INFO HTTP Request: PATCH https://nzzrpylddectbapxpazo.supabase.co/rest/v1/jobs?id=eq.deb4cd4b-60c9-45cd-b949-af14eb4bac4b "HTTP/2 200 OK"
2026-09-02 23:29:15,583 INFO HTTP Request: GET https://nzzrpylddectbapxpazo.supabase.co/rest/v1/jobs?select=id&job_url=eq.https%3A%2F%2Fua.linkedin.com%2Fjobs%2Fview%2Fsenior-python-developer-irc301523-at-globallogic-4451180999 "HTTP/2 200 OK"
2026-09-02 23:29:15,744 INFO HTTP Request: GET https://nzzrpylddectbapxpazo.supabase.co/rest/v1/jobs?select=id&job_url=eq.https%3A%2F%2Fhu.linkedin.com%2Fjobs%2Fview%2Fsenior-python-developer-at-zocks-ai-for-advisors-4399519013 "HTTP/2 200 OK"
2026-09-02 23:29:15,980 INFO HTTP Request: GET https://nzzrpylddectbapxpazo.supabase.co/rest/v1/jobs?select=id&job_url=eq.https%3A%2F%2Fes.linkedin.com%2Fjobs%2Fview%2Fsenior-python-developer-at-zurich-insurance-4452304524 "HTTP/2 200 OK"
2026-09-02 23:29:16,187 INFO HTTP Request: POST https://nzzrpylddectbapxpazo.supabase.co/rest/v1/jobs "HTTP/2 201 Created"
2026-09-02 23:29:16,188 INFO   Saved: Senior Python Developer @ Zurich Insurance
2026-09-02 23:29:19,633 INFO HTTP Request: PATCH https://nzzrpylddectbapxpazo.supabase.co/rest/v1/jobs?id=eq.ee722490-d61c-4d42-92be-662752d95d93 "HTTP/2 200 OK"
2026-09-02 23:29:21,144 INFO   Naukri: Django Developer in Hyderabad
2026-09-02 23:29:28,438 INFO   Found 0 cards
2026-09-02 23:29:58,464 ERROR LinkedIn error: Page.goto: Timeout 30000ms exceeded.
Call log:
  - navigating to "https://www.linkedin.com/jobs/search/?keywords=Django%20Developer&location=Hyderabad&f_TPR=r86400&f_E=1%2C2", waiting until "domcontentloaded"

2026-09-02 23:29:58,465 INFO   Naukri: Django Developer in Bangalore
2026-09-02 23:30:05,634 INFO   Found 0 cards
2026-09-02 23:30:18,779 INFO   LinkedIn: Django Developer in Bangalore -> 25 found
2026-09-02 23:30:18,780 INFO   Naukri: Django Developer in Remote
2026-09-02 23:30:25,983 INFO   Found 0 cards
2026-09-02 23:30:41,474 INFO   LinkedIn: Django Developer in Remote -> 24 found
2026-09-02 23:30:42,918 WARNING   YC API returned 406
2026-09-02 23:30:43,636 INFO HTTP Request: GET https://nzzrpylddectbapxpazo.supabase.co/rest/v1/jobs?select=id&job_url=eq.https%3A%2F%2Fwww.linkedin.com%2Fjobs%2Fview%2Fpython-django-developer-at-tata-consultancy-services-4451909310 "HTTP/2 200 OK"
2026-09-02 23:30:43,799 INFO HTTP Request: GET https://nzzrpylddectbapxpazo.supabase.co/rest/v1/jobs?select=id&job_url=eq.https%3A%2F%2Fin.linkedin.com%2Fjobs%2Fview%2Fpython-developer-at-talentgigs-4460985491 "HTTP/2 200 OK"
2026-09-02 23:30:43,958 INFO HTTP Request: GET https://nzzrpylddectbapxpazo.supabase.co/rest/v1/jobs?select=id&job_url=eq.https%3A%2F%2Fin.linkedin.com%2Fjobs%2Fview%2Fsoftware-engineer-ii-python-fast-api-django-microservices-sql-azure-git-at-blue-yonder-4449020093 "HTTP/2 200 OK"
2026-09-02 23:30:44,118 INFO HTTP Request: GET https://nzzrpylddectbapxpazo.supabase.co/rest/v1/jobs?select=id&job_url=eq.https%3A%2F%2Fua.linkedin.com%2Fjobs%2Fview%2Fsenior-python-developer-irc301523-at-globallogic-4451180999 "HTTP/2 200 OK"
2026-09-02 23:30:44,350 INFO HTTP Request: GET https://nzzrpylddectbapxpazo.supabase.co/rest/v1/jobs?select=id&job_url=eq.https%3A%2F%2Fin.linkedin.com%2Fjobs%2Fview%2Fsenior-analyst-at-eclerx-4462187266 "HTTP/2 200 OK"
2026-09-02 23:30:44,560 INFO HTTP Request: GET https://nzzrpylddectbapxpazo.supabase.co/rest/v1/jobs?select=id&job_url=eq.https%3A%2F%2Fin.linkedin.com%2Fjobs%2Fview%2Fsenior-analyst-at-eclerx-4440538790 "HTTP/2 200 OK"
2026-09-02 23:30:44,726 INFO HTTP Request: GET https://nzzrpylddectbapxpazo.supabase.co/rest/v1/jobs?select=id&job_url=eq.https%3A%2F%2Fin.linkedin.com%2Fjobs%2Fview%2Fpython-developer-in-noida-at-instaastro-4462084877 "HTTP/2 200 OK"
2026-09-02 23:30:44,968 INFO HTTP Request: GET https://nzzrpylddectbapxpazo.supabase.co/rest/v1/jobs?select=id&job_url=eq.https%3A%2F%2Fde.linkedin.com%2Fjobs%2Fview%2Fmid-or-senior-software-engineer-python-m-f-d-at-momox-4451556085 "HTTP/2 200 OK"
2026-09-02 23:30:45,170 INFO HTTP Request: GET https://nzzrpylddectbapxpazo.supabase.co/rest/v1/jobs?select=id&job_url=eq.https%3A%2F%2Fgr.linkedin.com%2Fjobs%2Fview%2Fpython-django-developer-%25E2%2580%2594-erp-systems-junior%25E2%2580%2593mid-greek-required-at-neurons-tech-4459919500 "HTTP/2 200 OK"
2026-09-02 23:30:45,375 INFO HTTP Request: GET https://nzzrpylddectbapxpazo.supabase.co/rest/v1/jobs?select=id&job_url=eq.https%3A%2F%2Fwww.linkedin.com%2Fjobs%2Fview%2Ffull-stack-developer-python-at-tata-consultancy-services-4460671113 "HTTP/2 200 OK"
2026-09-02 23:30:45,588 INFO HTTP Request: GET https://nzzrpylddectbapxpazo.supabase.co/rest/v1/jobs?select=id&job_url=eq.https%3A%2F%2Fpk.linkedin.com%2Fjobs%2Fview%2Fbackend-developer-python-at-ibtidah-solutions-4459931700 "HTTP/2 200 OK"
2026-09-02 23:30:45,784 INFO HTTP Request: GET https://nzzrpylddectbapxpazo.supabase.co/rest/v1/jobs?select=id&job_url=eq.https%3A%2F%2Fkr.linkedin.com%2Fjobs%2Fview%2F%25EB%25B0%25B1%25EC%2597%2594%25EB%2593%259C-back-end-%25EA%25B0%259C%25EB%25B0%259C%25EC%259E%2590-%25EC%25B1%2584%25EC%259A%25A9-at-securion-%25EC%258B%259C%25ED%2581%2590%25EB%25A6%25AC%25EC%2598%25A8-4460955070 "HTTP/2 200 OK"
2026-09-02 23:30:45,996 INFO HTTP Request: GET https://nzzrpylddectbapxpazo.supabase.co/rest/v1/jobs?select=id&job_url=eq.https%3A%2F%2Fmx.linkedin.com%2Fjobs%2Fview%2Fmid-level-python-developer-colombia-at-ci-t-4460935557 "HTTP/2 200 OK"
2026-09-02 23:30:46,156 INFO HTTP Request: GET https://nzzrpylddectbapxpazo.supabase.co/rest/v1/jobs?select=id&job_url=eq.https%3A%2F%2Fuk.linkedin.com%2Fjobs%2Fview%2Fpython-developer-django-sql-fintech-at-client-server-4462185113 "HTTP/2 200 OK"
2026-09-02 23:30:46,503 INFO HTTP Request: GET https://nzzrpylddectbapxpazo.supabase.co/rest/v1/jobs?select=id&job_url=eq.https%3A%2F%2Fes.linkedin.com%2Fjobs%2Fview%2Fsenior-backend-developer-at-papernest-4462175128 "HTTP/2 200 OK"
2026-09-02 23:30:46,707 INFO HTTP Request: GET https://nzzrpylddectbapxpazo.supabase.co/rest/v1/jobs?select=id&job_url=eq.https%3A%2F%2Fco.linkedin.com%2Fjobs%2Fview%2Fmid-level-python-developer-colombia-at-ci-t-4460930545 "HTTP/2 200 OK"
2026-09-02 23:30:47,014 INFO HTTP Request: POST https://nzzrpylddectbapxpazo.supabase.co/rest/v1/jobs "HTTP/2 201 Created"
2026-09-02 23:30:47,017 INFO   Saved: Mid Level Python Developer , Colombia @ CI&T
2026-09-02 23:30:50,266 INFO HTTP Request: PATCH https://nzzrpylddectbapxpazo.supabase.co/rest/v1/jobs?id=eq.cb7c5e96-4221-465b-ba19-105fb128461b "HTTP/2 200 OK"
2026-09-02 23:30:52,031 INFO HTTP Request: GET https://nzzrpylddectbapxpazo.supabase.co/rest/v1/jobs?select=id&job_url=eq.https%3A%2F%2Fwww.linkedin.com%2Fjobs%2Fview%2Fpython-developer-at-saxon-global-4459547831 "HTTP/2 200 OK"
2026-09-02 23:30:52,235 INFO HTTP Request: POST https://nzzrpylddectbapxpazo.supabase.co/rest/v1/jobs "HTTP/2 201 Created"
2026-09-02 23:30:52,237 INFO   Saved: Python Developer @ Saxon Global
2026-09-02 23:30:55,172 INFO HTTP Request: PATCH https://nzzrpylddectbapxpazo.supabase.co/rest/v1/jobs?id=eq.4b862da2-3eea-4d91-b2d5-1878567679b9 "HTTP/2 200 OK"
2026-09-02 23:30:56,888 INFO HTTP Request: GET https://nzzrpylddectbapxpazo.supabase.co/rest/v1/jobs?select=id&job_url=eq.https%3A%2F%2Fuk.linkedin.com%2Fjobs%2Fview%2Fsoftware-engineer-python-django-sql-fintech-at-client-server-4462161370 "HTTP/2 200 OK"
2026-09-02 23:30:57,151 INFO HTTP Request: GET https://nzzrpylddectbapxpazo.supabase.co/rest/v1/jobs?select=id&job_url=eq.https%3A%2F%2Fin.linkedin.com%2Fjobs%2Fview%2Fsoftware-development-engineer-python-s03-at-systango-4460995108 "HTTP/2 200 OK"
2026-09-02 23:30:57,312 INFO HTTP Request: GET https://nzzrpylddectbapxpazo.supabase.co/rest/v1/jobs?select=id&job_url=eq.https%3A%2F%2Fro.linkedin.com%2Fjobs%2Fview%2Fsoftware-engineer-backend-python-%252B-django-at-pdq-4462130921 "HTTP/2 200 OK"
2026-09-02 23:30:57,570 INFO HTTP Request: POST https://nzzrpylddectbapxpazo.supabase.co/rest/v1/jobs "HTTP/2 201 Created"
2026-09-02 23:30:57,570 INFO   Saved: Software Engineer (Backend) Python + Django @ PDQ
2026-09-02 23:31:01,323 INFO HTTP Request: PATCH https://nzzrpylddectbapxpazo.supabase.co/rest/v1/jobs?id=eq.54d3dd42-d5c5-4c5b-b6a3-941fbc5a31ea "HTTP/2 200 OK"
2026-09-02 23:31:03,039 INFO HTTP Request: GET https://nzzrpylddectbapxpazo.supabase.co/rest/v1/jobs?select=id&job_url=eq.https%3A%2F%2Fca.linkedin.com%2Fjobs%2Fview%2Ffull-stack-developer-at-canopy-growth-corporation-4460686808 "HTTP/2 200 OK"
2026-09-02 23:31:03,198 INFO HTTP Request: POST https://nzzrpylddectbapxpazo.supabase.co/rest/v1/jobs "HTTP/2 201 Created"
2026-09-02 23:31:03,201 INFO   Saved: Full-Stack Developer @ Canopy Growth Corporation
2026-09-02 23:31:07,673 INFO HTTP Request: PATCH https://nzzrpylddectbapxpazo.supabase.co/rest/v1/jobs?id=eq.ae5c0c04-50c9-4ce7-bb24-38e63ebb160d "HTTP/2 200 OK"
2026-09-02 23:31:09,441 INFO HTTP Request: GET https://nzzrpylddectbapxpazo.supabase.co/rest/v1/jobs?select=id&job_url=eq.https%3A%2F%2Fmx.linkedin.com%2Fjobs%2Fview%2Fsenior-django-full-stack-engineer-remote-work-ref%2523302829-at-bairesdev-4462068980 "HTTP/2 200 OK"
2026-09-02 23:31:09,645 INFO HTTP Request: POST https://nzzrpylddectbapxpazo.supabase.co/rest/v1/jobs "HTTP/2 201 Created"
2026-09-02 23:31:09,647 INFO   Saved: Senior Django Full Stack Engineer - Remote Work | REF#302829 @ BairesDev
2026-09-02 23:31:13,286 INFO HTTP Request: PATCH https://nzzrpylddectbapxpazo.supabase.co/rest/v1/jobs?id=eq.46fb2a1d-e8aa-49f3-8a9c-380d77e24b0a "HTTP/2 200 OK"
2026-09-02 23:31:14,969 INFO HTTP Request: GET https://nzzrpylddectbapxpazo.supabase.co/rest/v1/jobs?select=id&job_url=eq.https%3A%2F%2Fit.linkedin.com%2Fjobs%2Fview%2Fsviluppatore-python-next-js-at-nextar-4459968519 "HTTP/2 200 OK"
2026-09-02 23:31:15,173 INFO HTTP Request: POST https://nzzrpylddectbapxpazo.supabase.co/rest/v1/jobs "HTTP/2 201 Created"
2026-09-02 23:31:15,174 INFO   Saved: Sviluppatore Python/Next.js @ Nextar
2026-09-02 23:31:19,065 INFO HTTP Request: PATCH https://nzzrpylddectbapxpazo.supabase.co/rest/v1/jobs?id=eq.3663c10d-3701-48c2-9f87-cc1a7ec1bb49 "HTTP/2 200 OK"
2026-09-02 23:31:20,810 INFO HTTP Request: GET https://nzzrpylddectbapxpazo.supabase.co/rest/v1/jobs?select=id&job_url=eq.https%3A%2F%2Fwww.linkedin.com%2Fjobs%2Fview%2Fsr-software-engineer-at-wellsky-4459596220 "HTTP/2 200 OK"
2026-09-02 23:31:21,012 INFO HTTP Request: POST https://nzzrpylddectbapxpazo.supabase.co/rest/v1/jobs "HTTP/2 201 Created"
2026-09-02 23:31:21,014 INFO   Saved: Sr. Software Engineer @ WellSky
2026-09-02 23:31:23,980 INFO HTTP Request: PATCH https://nzzrpylddectbapxpazo.supabase.co/rest/v1/jobs?id=eq.e00914db-4e97-4aaf-99d1-b93227cd5a85 "HTTP/2 200 OK"
2026-09-02 23:31:25,479 INFO   Naukri: Backend Developer in Hyderabad
2026-09-02 23:31:32,751 INFO   Found 0 cards
2026-09-02 23:31:48,023 INFO   LinkedIn: Backend Developer in Hyderabad -> 25 found
2026-09-02 23:31:48,026 INFO   Naukri: Backend Developer in Bangalore
2026-09-02 23:31:55,284 INFO   Found 0 cards
2026-09-02 23:32:10,486 INFO   LinkedIn: Backend Developer in Bangalore -> 25 found
2026-09-02 23:32:10,487 INFO   Naukri: Backend Developer in Remote
2026-09-02 23:32:17,725 INFO   Found 0 cards
2026-09-02 23:32:33,141 INFO   LinkedIn: Backend Developer in Remote -> 25 found
2026-09-02 23:32:35,863 WARNING   YC API returned 406
2026-09-02 23:32:36,580 INFO HTTP Request: GET https://nzzrpylddectbapxpazo.supabase.co/rest/v1/jobs?select=id&job_url=eq.https%3A%2F%2Fbr.linkedin.com%2Fjobs%2Fview%2Fjava-backend-engineer-aws-remote-work-ref%2523302839-at-bairesdev-4462082197 "HTTP/2 200 OK"
2026-09-02 23:32:36,785 INFO HTTP Request: GET https://nzzrpylddectbapxpazo.supabase.co/rest/v1/jobs?select=id&job_url=eq.https%3A%2F%2Fca.linkedin.com%2Fjobs%2Fview%2Fsoftware-engineer-global-payments-technology-backend-java-developer-at-scotiabank-4442688549 "HTTP/2 200 OK"
2026-09-02 23:32:37,000 INFO HTTP Request: POST https://nzzrpylddectbapxpazo.supabase.co/rest/v1/jobs "HTTP/2 201 Created"
2026-09-02 23:32:37,001 INFO   Saved: Software Engineer, Global Payments Technology (Backend Java Developer) @ Scotiabank
2026-09-02 23:32:40,030 INFO HTTP Request: PATCH https://nzzrpylddectbapxpazo.supabase.co/rest/v1/jobs?id=eq.31a202c9-f81a-41cb-bc68-0be974770c4b "HTTP/2 200 OK"
2026-09-02 23:32:41,802 INFO HTTP Request: GET https://nzzrpylddectbapxpazo.supabase.co/rest/v1/jobs?select=id&job_url=eq.https%3A%2F%2Fpe.linkedin.com%2Fjobs%2Fview%2Fsenior-golang-restful-api-engineer-remote-work-ref%2523302687-at-bairesdev-4462084154 "HTTP/2 200 OK"
2026-09-02 23:32:42,008 INFO HTTP Request: GET https://nzzrpylddectbapxpazo.supabase.co/rest/v1/jobs?select=id&job_url=eq.https%3A%2F%2Fin.linkedin.com%2Fjobs%2Fview%2Fsenior-back-end-software-engineer-at-light-wonder-4416247487 "HTTP/2 200 OK"
2026-09-02 23:32:42,315 INFO HTTP Request: POST https://nzzrpylddectbapxpazo.supabase.co/rest/v1/jobs "HTTP/2 201 Created"
2026-09-02 23:32:42,316 INFO   Saved: Senior Back-End Software Engineer @ Light & Wonder
2026-09-02 23:32:45,079 INFO HTTP Request: PATCH https://nzzrpylddectbapxpazo.supabase.co/rest/v1/jobs?id=eq.ef43f168-534e-4d9d-8a5c-29bdf25d9942 "HTTP/2 200 OK"
2026-09-02 23:32:46,820 INFO HTTP Request: GET https://nzzrpylddectbapxpazo.supabase.co/rest/v1/jobs?select=id&job_url=eq.https%3A%2F%2Fin.linkedin.com%2Fjobs%2Fview%2Fjava-backend-developer-at-weekday-ai-yc-w21-4462415181 "HTTP/2 200 OK"
2026-09-02 23:32:47,093 INFO HTTP Request: POST https://nzzrpylddectbapxpazo.supabase.co/rest/v1/jobs "HTTP/2 201 Created"
2026-09-02 23:32:47,096 INFO   Saved: Java Backend developer @ Weekday AI (YC W21)
2026-09-02 23:32:50,083 INFO HTTP Request: PATCH https://nzzrpylddectbapxpazo.supabase.co/rest/v1/jobs?id=eq.ccf3a287-b87b-4fff-82a7-d00a56d1326b "HTTP/2 200 OK"
2026-09-02 23:32:51,837 INFO HTTP Request: GET https://nzzrpylddectbapxpazo.supabase.co/rest/v1/jobs?select=id&job_url=eq.https%3A%2F%2Fpl.linkedin.com%2Fjobs%2Fview%2Fsenior-java-back-end-developer-at-worldline-4462187049 "HTTP/2 200 OK"
2026-09-02 23:32:52,092 INFO HTTP Request: GET https://nzzrpylddectbapxpazo.supabase.co/rest/v1/jobs?select=id&job_url=eq.https%3A%2F%2Fwww.linkedin.com%2Fjobs%2Fview%2Fsenior-backend-engineer-python-api-hybrid-nyc-blueflame-ai-at-blueflame-ai-4431980674 "HTTP/2 200 OK"
2026-09-02 23:32:52,349 INFO HTTP Request: POST https://nzzrpylddectbapxpazo.supabase.co/rest/v1/jobs "HTTP/2 201 Created"
2026-09-02 23:32:52,350 INFO   Saved: Senior Backend Engineer (Python/API) - Hybrid NYC- Blueflame AI @ Blueflame AI
2026-09-02 23:32:55,318 INFO HTTP Request: PATCH https://nzzrpylddectbapxpazo.supabase.co/rest/v1/jobs?id=eq.13565ba9-940e-4039-8ba8-27fb2644e6d8 "HTTP/2 200 OK"
2026-09-02 23:32:57,063 INFO HTTP Request: GET https://nzzrpylddectbapxpazo.supabase.co/rest/v1/jobs?select=id&job_url=eq.https%3A%2F%2Fes.linkedin.com%2Fjobs%2Fview%2Fsenior-backend-developer-php-symfony-at-puntopost-4462157477 "HTTP/2 200 OK"
2026-09-02 23:32:57,234 INFO HTTP Request: GET https://nzzrpylddectbapxpazo.supabase.co/rest/v1/jobs?select=id&job_url=eq.https%3A%2F%2Ffr.linkedin.com%2Fjobs%2Fview%2Fd%25C3%25A9veloppeur-back-end-confirm%25C3%25A9-h-f-at-extia-4451699230 "HTTP/2 200 OK"
2026-09-02 23:32:57,572 INFO HTTP Request: POST https://nzzrpylddectbapxpazo.supabase.co/rest/v1/jobs "HTTP/2 201 Created"
2026-09-02 23:32:57,573 INFO   Saved: Développeur back-end Confirmé H/F @ Extia
2026-09-02 23:33:00,748 INFO HTTP Request: PATCH https://nzzrpylddectbapxpazo.supabase.co/rest/v1/jobs?id=eq.446bf904-6bb2-4f04-b0a3-fb965ba2b9d8 "HTTP/2 200 OK"
2026-09-02 23:33:02,488 INFO HTTP Request: GET https://nzzrpylddectbapxpazo.supabase.co/rest/v1/jobs?select=id&job_url=eq.https%3A%2F%2Fid.linkedin.com%2Fjobs%2Fview%2Fmiddle-backend-engineer-at-nityo-infotech-indonesia-4460970264 "HTTP/2 200 OK"
2026-09-02 23:33:02,694 INFO HTTP Request: GET https://nzzrpylddectbapxpazo.supabase.co/rest/v1/jobs?select=id&job_url=eq.https%3A%2F%2Fwww.linkedin.com%2Fjobs%2Fview%2Fsenior-software-engineer-backend-at-happyrobot-4328157133 "HTTP/2 200 OK"
2026-09-02 23:33:02,896 INFO HTTP Request: GET https://nzzrpylddectbapxpazo.supabase.co/rest/v1/jobs?select=id&job_url=eq.https%3A%2F%2Ffr.linkedin.com%2Fjobs%2Fview%2Fd%25C3%25A9veloppeur-back-end-d%25C3%25A9veloppeuse-back-end-at-beebryte-new-ways-for-energy-efficiency-4460984521 "HTTP/2 200 OK"
2026-09-02 23:33:03,080 INFO HTTP Request: POST https://nzzrpylddectbapxpazo.supabase.co/rest/v1/jobs "HTTP/2 201 Created"
2026-09-02 23:33:03,083 INFO   Saved: Développeur back-end/Développeuse back-end @ BeeBryte - New Ways for Energy Efficiency
2026-09-02 23:33:06,193 INFO HTTP Request: PATCH https://nzzrpylddectbapxpazo.supabase.co/rest/v1/jobs?id=eq.d69a2eea-f534-4e60-95d1-4eac0077d5a7 "HTTP/2 200 OK"
2026-09-02 23:33:07,915 INFO HTTP Request: GET https://nzzrpylddectbapxpazo.supabase.co/rest/v1/jobs?select=id&job_url=eq.https%3A%2F%2Fin.linkedin.com%2Fjobs%2Fview%2Fjava-backend-developer-at-weekday-ai-yc-w21-4462193977 "HTTP/2 200 OK"
2026-09-02 23:33:08,089 INFO HTTP Request: POST https://nzzrpylddectbapxpazo.supabase.co/rest/v1/jobs "HTTP/2 201 Created"
2026-09-02 23:33:08,093 INFO   Saved: Java Backend developer @ Weekday AI (YC W21)
2026-09-02 23:33:10,883 INFO HTTP Request: PATCH https://nzzrpylddectbapxpazo.supabase.co/rest/v1/jobs?id=eq.65986fb7-9e00-4449-8b60-47ba39566812 "HTTP/2 200 OK"
2026-09-02 23:33:12,626 INFO HTTP Request: GET https://nzzrpylddectbapxpazo.supabase.co/rest/v1/jobs?select=id&job_url=eq.https%3A%2F%2Fpk.linkedin.com%2Fjobs%2Fview%2Fback-end-developer-at-oceantech-global-bpo-4459978493 "HTTP/2 200 OK"
2026-09-02 23:33:12,829 INFO HTTP Request: POST https://nzzrpylddectbapxpazo.supabase.co/rest/v1/jobs "HTTP/2 201 Created"
2026-09-02 23:33:12,829 INFO   Saved: Back End Developer @ OceanTech Global BPO
2026-09-02 23:33:15,902 INFO HTTP Request: PATCH https://nzzrpylddectbapxpazo.supabase.co/rest/v1/jobs?id=eq.afe264ba-99f7-4a43-b609-ba7369832984 "HTTP/2 200 OK"
2026-09-02 23:33:17,642 INFO HTTP Request: GET https://nzzrpylddectbapxpazo.supabase.co/rest/v1/jobs?select=id&job_url=eq.https%3A%2F%2Fin.linkedin.com%2Fjobs%2Fview%2Fbackend-java-developer-at-citi-4460931433 "HTTP/2 200 OK"
2026-09-02 23:33:17,806 INFO HTTP Request: GET https://nzzrpylddectbapxpazo.supabase.co/rest/v1/jobs?select=id&job_url=eq.https%3A%2F%2Fco.linkedin.com%2Fjobs%2Fview%2Fsenior-java-backend-developer-at-gft-technologies-latam-4462032341 "HTTP/2 200 OK"
2026-09-02 23:33:18,052 INFO HTTP Request: GET https://nzzrpylddectbapxpazo.supabase.co/rest/v1/jobs?select=id&job_url=eq.https%3A%2F%2Fcn.linkedin.com%2Fjobs%2Fview%2F%25EF%25BC%2588senior%25EF%25BC%2589back-end-engineering-at-traveloka-4462198368 "HTTP/2 200 OK"
2026-09-02 23:33:18,216 INFO HTTP Request: POST https://nzzrpylddectbapxpazo.supabase.co/rest/v1/jobs "HTTP/2 201 Created"
2026-09-02 23:33:21,716 INFO HTTP Request: PATCH https://nzzrpylddectbapxpazo.supabase.co/rest/v1/jobs?id=eq.e705431c-ae4a-4946-9d29-4886bdd54618 "HTTP/2 200 OK"
2026-09-02 23:33:23,479 INFO HTTP Request: GET https://nzzrpylddectbapxpazo.supabase.co/rest/v1/jobs?select=id&job_url=eq.https%3A%2F%2Fit.linkedin.com%2Fjobs%2Fview%2Fsoftware-engineer-iii-backend-consumer-payment-services-domain-at-satispay-4397629412 "HTTP/2 200 OK"
2026-09-02 23:33:23,684 INFO HTTP Request: POST https://nzzrpylddectbapxpazo.supabase.co/rest/v1/jobs "HTTP/2 201 Created"
2026-09-02 23:33:23,686 INFO   Saved: Software Engineer III, Backend - Consumer Payment & Services Domain @ Satispay
2026-09-02 23:33:26,860 INFO HTTP Request: PATCH https://nzzrpylddectbapxpazo.supabase.co/rest/v1/jobs?id=eq.766d4292-2ac4-4607-8ea4-23ada7251cb1 "HTTP/2 200 OK"
2026-09-02 23:33:28,541 INFO HTTP Request: GET https://nzzrpylddectbapxpazo.supabase.co/rest/v1/jobs?select=id&job_url=eq.https%3A%2F%2Fwww.linkedin.com%2Fjobs%2Fview%2Fsoftware-engineer-at-albert-bow-4459948168 "HTTP/2 200 OK"
2026-09-02 23:33:28,765 INFO HTTP Request: GET https://nzzrpylddectbapxpazo.supabase.co/rest/v1/jobs?select=id&job_url=eq.https%3A%2F%2Fbr.linkedin.com%2Fjobs%2Fview%2Fmid-level-backend-developer-java-at-getnet-platforms-4459991236 "HTTP/2 200 OK"
2026-09-02 23:33:28,936 INFO HTTP Request: POST https://nzzrpylddectbapxpazo.supabase.co/rest/v1/jobs "HTTP/2 201 Created"
2026-09-02 23:33:28,938 INFO   Saved: Mid Level Backend Developer | Java @ Getnet Platforms
2026-09-02 23:33:32,343 INFO HTTP Request: PATCH https://nzzrpylddectbapxpazo.supabase.co/rest/v1/jobs?id=eq.ce355faa-cc35-42db-b9c2-d7bbc6956ba1 "HTTP/2 200 OK"
2026-09-02 23:33:34,089 INFO HTTP Request: GET https://nzzrpylddectbapxpazo.supabase.co/rest/v1/jobs?select=id&job_url=eq.https%3A%2F%2Fin.linkedin.com%2Fjobs%2Fview%2Fjava-backend-engineer-at-ascendion-4460971694 "HTTP/2 200 OK"
2026-09-02 23:33:34,334 INFO HTTP Request: POST https://nzzrpylddectbapxpazo.supabase.co/rest/v1/jobs "HTTP/2 201 Created"
2026-09-02 23:33:34,336 INFO   Saved: Java Backend Engineer @ Ascendion
2026-09-02 23:33:37,284 INFO HTTP Request: PATCH https://nzzrpylddectbapxpazo.supabase.co/rest/v1/jobs?id=eq.5fa98667-4125-4f28-a55b-56d1dfb2bf9f "HTTP/2 200 OK"
2026-09-02 23:33:39,044 INFO HTTP Request: GET https://nzzrpylddectbapxpazo.supabase.co/rest/v1/jobs?select=id&job_url=eq.https%3A%2F%2Fit.linkedin.com%2Fjobs%2Fview%2Fsoftware-engineer-iii-backend-consumer-growth-domain-at-satispay-4397618704 "HTTP/2 200 OK"
2026-09-02 23:33:39,248 INFO HTTP Request: POST https://nzzrpylddectbapxpazo.supabase.co/rest/v1/jobs "HTTP/2 201 Created"
2026-09-02 23:33:39,249 INFO   Saved: Software Engineer III, Backend - Consumer Growth Domain @ Satispay
2026-09-02 23:33:42,271 INFO HTTP Request: PATCH https://nzzrpylddectbapxpazo.supabase.co/rest/v1/jobs?id=eq.67d67b34-66db-4b40-9e71-6c5bb3a9d297 "HTTP/2 200 OK"
2026-09-02 23:33:44,013 INFO HTTP Request: GET https://nzzrpylddectbapxpazo.supabase.co/rest/v1/jobs?select=id&job_url=eq.https%3A%2F%2Fin.linkedin.com%2Fjobs%2Fview%2Fsenior-java-software-engineer-at-card91-4462124128 "HTTP/2 200 OK"
2026-09-02 23:33:44,270 INFO HTTP Request: GET https://nzzrpylddectbapxpazo.supabase.co/rest/v1/jobs?select=id&job_url=eq.https%3A%2F%2Fin.linkedin.com%2Fjobs%2Fview%2Fsoftware-engineer-iii-java-backend-kafka-json-at-jpmorganchase-4459587880 "HTTP/2 200 OK"
2026-09-02 23:33:44,471 INFO HTTP Request: GET https://nzzrpylddectbapxpazo.supabase.co/rest/v1/jobs?select=id&job_url=eq.https%3A%2F%2Fin.linkedin.com%2Fjobs%2Fview%2Fjava-backend-developer-at-creospan-private-limited-4460977847 "HTTP/2 200 OK"
2026-09-02 23:33:44,678 INFO HTTP Request: POST https://nzzrpylddectbapxpazo.supabase.co/rest/v1/jobs "HTTP/2 201 Created"
2026-09-02 23:33:44,680 INFO   Saved: Java Backend Developer @ Creospan Private Limited
2026-09-02 23:33:47,527 INFO HTTP Request: PATCH https://nzzrpylddectbapxpazo.supabase.co/rest/v1/jobs?id=eq.15a93b4e-cf04-49b6-b041-5f271324505d "HTTP/2 200 OK"
2026-09-02 23:33:49,050 INFO   Naukri: Software Engineer Python in Hyderabad
2026-09-02 23:33:56,335 INFO   Found 0 cards
2026-09-02 23:34:11,284 INFO   LinkedIn: Software Engineer Python in Hyderabad -> 25 found
2026-09-02 23:34:11,285 INFO   Naukri: Software Engineer Python in Bangalore
2026-09-02 23:34:18,493 INFO   Found 0 cards
2026-09-02 23:34:31,582 INFO   LinkedIn: Software Engineer Python in Bangalore -> 25 found
2026-09-02 23:34:31,583 INFO   Naukri: Software Engineer Python in Remote
2026-09-02 23:34:38,754 INFO   Found 0 cards
2026-09-02 23:34:53,747 INFO   LinkedIn: Software Engineer Python in Remote -> 24 found
2026-09-02 23:34:55,334 WARNING   YC API returned 406
2026-09-02 23:34:55,950 INFO HTTP Request: GET https://nzzrpylddectbapxpazo.supabase.co/rest/v1/jobs?select=id&job_url=eq.https%3A%2F%2Fin.linkedin.com%2Fjobs%2Fview%2Flead-software-engineer-backend-python-at-impact-analytics-4390305643 "HTTP/2 200 OK"
2026-09-02 23:34:56,238 INFO HTTP Request: GET https://nzzrpylddectbapxpazo.supabase.co/rest/v1/jobs?select=id&job_url=eq.https%3A%2F%2Fuk.linkedin.com%2Fjobs%2Fview%2Fbackend-software-engineer-python-technologist-at-client-server-4462146363 "HTTP/2 200 OK"
2026-09-02 23:34:56,420 INFO HTTP Request: GET https://nzzrpylddectbapxpazo.supabase.co/rest/v1/jobs?select=id&job_url=eq.https%3A%2F%2Fin.linkedin.com%2Fjobs%2Fview%2Fpython-developer-at-srs-consulting-inc-4460927223 "HTTP/2 200 OK"
2026-09-02 23:34:56,593 INFO HTTP Request: GET https://nzzrpylddectbapxpazo.supabase.co/rest/v1/jobs?select=id&job_url=eq.https%3A%2F%2Fwww.linkedin.com%2Fjobs%2Fview%2Fsenior-backend-python-engineer-hybrid-%2524140-200k-at-ic-resources-4457006485 "HTTP/2 200 OK"
2026-09-02 23:34:56,869 INFO HTTP Request: GET https://nzzrpylddectbapxpazo.supabase.co/rest/v1/jobs?select=id&job_url=eq.https%3A%2F%2Fwww.linkedin.com%2Fjobs%2Fview%2Fsenior-backend-engineer-python-api-hybrid-nyc-blueflame-ai-at-blueflame-ai-4431980674 "HTTP/2 200 OK"
2026-09-02 23:34:57,073 INFO HTTP Request: GET https://nzzrpylddectbapxpazo.supabase.co/rest/v1/jobs?select=id&job_url=eq.https%3A%2F%2Fuk.linkedin.com%2Fjobs%2Fview%2Fsoftware-engineer-python-django-sql-fintech-at-client-server-4462161370 "HTTP/2 200 OK"
2026-09-02 23:34:57,244 INFO HTTP Request: GET https://nzzrpylddectbapxpazo.supabase.co/rest/v1/jobs?select=id&job_url=eq.https%3A%2F%2Fat.linkedin.com%2Fjobs%2Fview%2Fsoftware-engineer-python-asset-pricing-hedging-at-bitpanda-4443374034 "HTTP/2 200 OK"
2026-09-02 23:34:57,587 INFO HTTP Request: POST https://nzzrpylddectbapxpazo.supabase.co/rest/v1/jobs "HTTP/2 201 Created"
2026-09-02 23:34:57,590 INFO   Saved: Software Engineer, Python (Asset Pricing & Hedging) @ Bitpanda
2026-09-02 23:35:01,730 INFO HTTP Request: PATCH https://nzzrpylddectbapxpazo.supabase.co/rest/v1/jobs?id=eq.f2011b16-027e-40b7-bc6b-38e76dad5e35 "HTTP/2 200 OK"
2026-09-02 23:35:03,523 INFO HTTP Request: GET https://nzzrpylddectbapxpazo.supabase.co/rest/v1/jobs?select=id&job_url=eq.https%3A%2F%2Ffr.linkedin.com%2Fjobs%2Fview%2Fd%25C3%25A9veloppeur-logiciel-applicatif-python-senior-h-f-at-triskell-consulting-4462425571 "HTTP/2 200 OK"
2026-09-02 23:35:03,831 INFO HTTP Request: GET https://nzzrpylddectbapxpazo.supabase.co/rest/v1/jobs?select=id&job_url=eq.https%3A%2F%2Fua.linkedin.com%2Fjobs%2Fview%2Fsenior-python-developer-irc301523-at-globallogic-4451180999 "HTTP/2 200 OK"
2026-09-02 23:35:04,137 INFO HTTP Request: GET https://nzzrpylddectbapxpazo.supabase.co/rest/v1/jobs?select=id&job_url=eq.https%3A%2F%2Fwww.linkedin.com%2Fjobs%2Fview%2Fpython-django-developer-at-tata-consultancy-services-4451909310 "HTTP/2 200 OK"
2026-09-02 23:35:04,329 INFO HTTP Request: GET https://nzzrpylddectbapxpazo.supabase.co/rest/v1/jobs?select=id&job_url=eq.https%3A%2F%2Fuk.linkedin.com%2Fjobs%2Fview%2Fpython-developer-at-virtuetech-recruitment-group-4459959915 "HTTP/2 200 OK"
2026-09-02 23:35:04,532 INFO HTTP Request: GET https://nzzrpylddectbapxpazo.supabase.co/rest/v1/jobs?select=id&job_url=eq.https%3A%2F%2Fhu.linkedin.com%2Fjobs%2Fview%2Fsenior-python-developer-at-zocks-ai-for-advisors-4399519013 "HTTP/2 200 OK"
2026-09-02 23:35:04,752 INFO HTTP Request: GET https://nzzrpylddectbapxpazo.supabase.co/rest/v1/jobs?select=id&job_url=eq.https%3A%2F%2Fin.linkedin.com%2Fjobs%2Fview%2Fsoftware-development-engineer-python-s03-at-systango-4460995108 "HTTP/2 200 OK"
2026-09-02 23:35:04,958 INFO HTTP Request: GET https://nzzrpylddectbapxpazo.supabase.co/rest/v1/jobs?select=id&job_url=eq.https%3A%2F%2Fmx.linkedin.com%2Fjobs%2Fview%2Fmid-level-python-developer-colombia-at-ci-t-4460935557 "HTTP/2 200 OK"
2026-09-02 23:35:05,162 INFO HTTP Request: GET https://nzzrpylddectbapxpazo.supabase.co/rest/v1/jobs?select=id&job_url=eq.https%3A%2F%2Fwww.linkedin.com%2Fjobs%2Fview%2Ffull-stack-developer-python-at-tata-consultancy-services-4460671113 "HTTP/2 200 OK"
2026-09-02 23:35:05,470 INFO HTTP Request: GET https://nzzrpylddectbapxpazo.supabase.co/rest/v1/jobs?select=id&job_url=eq.https%3A%2F%2Fin.linkedin.com%2Fjobs%2Fview%2Fdeveloper-iii-software-engineering-at-ust-4459926348 "HTTP/2 200 OK"
2026-09-02 23:35:05,673 INFO HTTP Request: GET https://nzzrpylddectbapxpazo.supabase.co/rest/v1/jobs?select=id&job_url=eq.https%3A%2F%2Fcn.linkedin.com%2Fjobs%2Fview%2Fpython%25E5%2590%258E%25E7%25AB%25AF%25E5%25BC%2580%25E5%258F%2591%25E5%25B7%25A5%25E7%25A8%258B%25E5%25B8%2588%25EF%25BC%2588%25E6%258A%2580%25E6%259C%25AF%25E6%25A0%2588fastapi%25EF%25BC%2589-at-%25E6%25B2%25B3%25E5%258C%2597%25E6%2581%25A9%25E5%2592%258C%25E7%2594%25B5%25E5%25AD%2590%25E7%25A7%2591%25E6%258A%2580%25E6%259C%2589%25E9%2599%2590%25E5%2585%25AC%25E5%258F%25B8-4460695419 "HTTP/2 200 OK"
2026-09-02 23:35:05,879 INFO HTTP Request: GET https://nzzrpylddectbapxpazo.supabase.co/rest/v1/jobs?select=id&job_url=eq.https%3A%2F%2Fin.linkedin.com%2Fjobs%2Fview%2Fpython-developer-at-talentgigs-4460985491 "HTTP/2 200 OK"
2026-09-02 23:35:06,084 INFO HTTP Request: GET https://nzzrpylddectbapxpazo.supabase.co/rest/v1/jobs?select=id&job_url=eq.https%3A%2F%2Fin.linkedin.com%2Fjobs%2Fview%2Fsoftware-engineer-ii-python-fast-api-django-microservices-sql-azure-git-at-blue-yonder-4449020093 "HTTP/2 200 OK"
2026-09-02 23:35:06,289 INFO HTTP Request: GET https://nzzrpylddectbapxpazo.supabase.co/rest/v1/jobs?select=id&job_url=eq.https%3A%2F%2Fin.linkedin.com%2Fjobs%2Fview%2Fpython-developer-at-vysystems-4462138113 "HTTP/2 200 OK"
2026-09-02 23:35:06,494 INFO HTTP Request: GET https://nzzrpylddectbapxpazo.supabase.co/rest/v1/jobs?select=id&job_url=eq.https%3A%2F%2Ffr.linkedin.com%2Fjobs%2Fview%2Fd%25C3%25A9veloppeur-python-senior-h-f-at-display-interactive-4409941330 "HTTP/2 200 OK"
2026-09-02 23:35:06,698 INFO HTTP Request: GET https://nzzrpylddectbapxpazo.supabase.co/rest/v1/jobs?select=id&job_url=eq.https%3A%2F%2Fde.linkedin.com%2Fjobs%2Fview%2Fmid-or-senior-software-engineer-python-m-f-d-at-momox-4451556085 "HTTP/2 200 OK"
2026-09-02 23:35:06,883 INFO HTTP Request: GET https://nzzrpylddectbapxpazo.supabase.co/rest/v1/jobs?select=id&job_url=eq.https%3A%2F%2Fsg.linkedin.com%2Fjobs%2Fview%2Fsenior-backend-engineer-python-java-at-btse-4448176636 "HTTP/2 200 OK"
2026-09-02 23:35:07,108 INFO HTTP Request: GET https://nzzrpylddectbapxpazo.supabase.co/rest/v1/jobs?select=id&job_url=eq.https%3A%2F%2Fbr.linkedin.com%2Fjobs%2Fview%2Fpython-junior-developer-remote-work-ref%2523283517-at-bairesdev-4192502474 "HTTP/2 200 OK"
2026-09-02 23:35:07,112 INFO   Naukri: Data Analyst Python in Hyderabad
2026-09-02 23:35:14,393 INFO   Found 0 cards
2026-09-02 23:35:30,001 INFO   LinkedIn: Data Analyst Python in Hyderabad -> 25 found
2026-09-02 23:35:30,002 INFO   Naukri: Data Analyst Python in Bangalore
2026-09-02 23:35:37,273 INFO   Found 0 cards
2026-09-02 23:35:52,825 INFO   LinkedIn: Data Analyst Python in Bangalore -> 25 found
2026-09-02 23:35:52,826 INFO   Naukri: Data Analyst Python in Remote
2026-09-02 23:36:00,097 INFO   Found 0 cards
2026-09-02 23:36:15,459 INFO   LinkedIn: Data Analyst Python in Remote -> 24 found
2026-09-02 23:36:16,810 WARNING   YC API returned 406
2026-09-02 23:36:17,250 INFO HTTP Request: GET https://nzzrpylddectbapxpazo.supabase.co/rest/v1/jobs?select=id&job_url=eq.https%3A%2F%2Fwww.linkedin.com%2Fjobs%2Fview%2Fdata-analyst-at-haystack-4460676788 "HTTP/2 200 OK"
2026-09-02 23:36:17,456 INFO HTTP Request: POST https://nzzrpylddectbapxpazo.supabase.co/rest/v1/jobs "HTTP/2 201 Created"
2026-09-02 23:36:17,458 INFO   Saved: Data Analyst @ Haystack
2026-09-02 23:36:21,305 INFO HTTP Request: PATCH https://nzzrpylddectbapxpazo.supabase.co/rest/v1/jobs?id=eq.bf90c8f2-8f14-4175-9d8b-34215873d4da "HTTP/2 200 OK"
2026-09-02 23:36:22,999 INFO HTTP Request: GET https://nzzrpylddectbapxpazo.supabase.co/rest/v1/jobs?select=id&job_url=eq.https%3A%2F%2Fwww.linkedin.com%2Fjobs%2Fview%2Fdata-analyst-mid-at-booz-allen-hamilton-4452627582 "HTTP/2 200 OK"
2026-09-02 23:36:23,190 INFO HTTP Request: GET https://nzzrpylddectbapxpazo.supabase.co/rest/v1/jobs?select=id&job_url=eq.https%3A%2F%2Fes.linkedin.com%2Fjobs%2Fview%2Fanalista-de-datos-python-at-onhunters-4462143568 "HTTP/2 200 OK"
2026-09-02 23:36:23,395 INFO HTTP Request: GET https://nzzrpylddectbapxpazo.supabase.co/rest/v1/jobs?select=id&job_url=eq.https%3A%2F%2Fwww.linkedin.com%2Fjobs%2Fview%2Fdata-analyst-at-booz-allen-hamilton-4443559220 "HTTP/2 200 OK"
2026-09-02 23:36:23,601 INFO HTTP Request: GET https://nzzrpylddectbapxpazo.supabase.co/rest/v1/jobs?select=id&job_url=eq.https%3A%2F%2Fwww.linkedin.com%2Fjobs%2Fview%2Fdata-analyst-at-haystack-4460676660 "HTTP/2 200 OK"
2026-09-02 23:36:23,803 INFO HTTP Request: GET https://nzzrpylddectbapxpazo.supabase.co/rest/v1/jobs?select=id&job_url=eq.https%3A%2F%2Fwww.linkedin.com%2Fjobs%2Fview%2Fsenior-data-analyst-project-analytics-and-insights-engineer-iii-at-deloitte-4462096674 "HTTP/2 200 OK"
2026-09-02 23:36:24,009 INFO HTTP Request: GET https://nzzrpylddectbapxpazo.supabase.co/rest/v1/jobs?select=id&job_url=eq.https%3A%2F%2Ffr.linkedin.com%2Fjobs%2Fview%2Fdata-analyst-h-f-at-otc-flow-france-4437757318 "HTTP/2 200 OK"
2026-09-02 23:36:24,316 INFO HTTP Request: POST https://nzzrpylddectbapxpazo.supabase.co/rest/v1/jobs "HTTP/2 201 Created"
2026-09-02 23:36:24,318 INFO   Saved: Data Analyst H/F @ OTC FLOW France
2026-09-02 23:36:27,260 INFO HTTP Request: PATCH https://nzzrpylddectbapxpazo.supabase.co/rest/v1/jobs?id=eq.6b8db17d-67df-407d-b27c-cbe29fcd8650 "HTTP/2 200 OK"
2026-09-02 23:36:29,231 INFO HTTP Request: GET https://nzzrpylddectbapxpazo.supabase.co/rest/v1/jobs?select=id&job_url=eq.https%3A%2F%2Fwww.linkedin.com%2Fjobs%2Fview%2Fdevops-engineer-at-fetchjobs-co-4462184468 "HTTP/2 200 OK"
2026-09-02 23:36:29,435 INFO HTTP Request: GET https://nzzrpylddectbapxpazo.supabase.co/rest/v1/jobs?select=id&job_url=eq.https%3A%2F%2Fwww.linkedin.com%2Fjobs%2Fview%2Fdata-analyst-at-us-pharmacopeia-4462049502 "HTTP/2 200 OK"
2026-09-02 23:36:29,641 INFO HTTP Request: GET https://nzzrpylddectbapxpazo.supabase.co/rest/v1/jobs?select=id&job_url=eq.https%3A%2F%2Fwww.linkedin.com%2Fjobs%2Fview%2Fsenior-data-analyst-at-firstenergy-4449162388 "HTTP/2 200 OK"
2026-09-02 23:36:29,947 INFO HTTP Request: POST https://nzzrpylddectbapxpazo.supabase.co/rest/v1/jobs "HTTP/2 201 Created"
2026-09-02 23:36:29,950 INFO   Saved: Senior Data Analyst @ FirstEnergy
2026-09-02 23:36:33,225 INFO HTTP Request: PATCH https://nzzrpylddectbapxpazo.supabase.co/rest/v1/jobs?id=eq.0a136b1e-7fa5-4961-90c6-59c151f01c0c "HTTP/2 200 OK"
2026-09-02 23:36:35,170 INFO HTTP Request: GET https://nzzrpylddectbapxpazo.supabase.co/rest/v1/jobs?select=id&job_url=eq.https%3A%2F%2Fde.linkedin.com%2Fjobs%2Fview%2Fexpert-data-analyst-m-w-d-at-hse-home-shopping-europe-gmbh-4458371299 "HTTP/2 200 OK"
2026-09-02 23:36:35,385 INFO HTTP Request: POST https://nzzrpylddectbapxpazo.supabase.co/rest/v1/jobs "HTTP/2 201 Created"
2026-09-02 23:36:35,388 INFO   Saved: Expert Data Analyst (m/w/d) @ HSE - Home Shopping Europe GmbH
2026-09-02 23:36:38,444 INFO HTTP Request: PATCH https://nzzrpylddectbapxpazo.supabase.co/rest/v1/jobs?id=eq.62b50fcb-b003-4f9f-abd9-f8987691caec "HTTP/2 200 OK"
2026-09-02 23:36:40,187 INFO HTTP Request: GET https://nzzrpylddectbapxpazo.supabase.co/rest/v1/jobs?select=id&job_url=eq.https%3A%2F%2Fwww.linkedin.com%2Fjobs%2Fview%2Fdata-analyst-5-at-u-s-bank-4462119413 "HTTP/2 200 OK"
2026-09-02 23:36:40,395 INFO HTTP Request: GET https://nzzrpylddectbapxpazo.supabase.co/rest/v1/jobs?select=id&job_url=eq.https%3A%2F%2Fde.linkedin.com%2Fjobs%2Fview%2Fexpert-data-analyst-m-f-d-at-hse-home-shopping-europe-gmbh-4458383157 "HTTP/2 200 OK"
2026-09-02 23:36:40,597 INFO HTTP Request: POST https://nzzrpylddectbapxpazo.supabase.co/rest/v1/jobs "HTTP/2 201 Created"
2026-09-02 23:36:40,600 INFO   Saved: Expert Data Analyst (m/f/d) @ HSE - Home Shopping Europe GmbH
2026-09-02 23:36:43,566 INFO HTTP Request: PATCH https://nzzrpylddectbapxpazo.supabase.co/rest/v1/jobs?id=eq.aa1640e2-0aa0-49dd-b206-2e6bee8b281d "HTTP/2 200 OK"
2026-09-02 23:36:45,250 INFO HTTP Request: GET https://nzzrpylddectbapxpazo.supabase.co/rest/v1/jobs?select=id&job_url=eq.https%3A%2F%2Fae.linkedin.com%2Fjobs%2Fview%2Fsenior-data-analyst-at-multibank-group-4462170272 "HTTP/2 200 OK"
2026-09-02 23:36:45,412 INFO HTTP Request: GET https://nzzrpylddectbapxpazo.supabase.co/rest/v1/jobs?select=id&job_url=eq.https%3A%2F%2Fin.linkedin.com%2Fjobs%2Fview%2Fanalyst-iii-data-analysis-at-taylor-company-4460997966 "HTTP/2 200 OK"
2026-09-02 23:36:45,606 INFO HTTP Request: POST https://nzzrpylddectbapxpazo.supabase.co/rest/v1/jobs "HTTP/2 201 Created"
2026-09-02 23:36:45,608 INFO   Saved: Analyst III - Data Analysis @ Taylor & Company
2026-09-02 23:36:48,493 INFO HTTP Request: PATCH https://nzzrpylddectbapxpazo.supabase.co/rest/v1/jobs?id=eq.829e3b82-074e-4514-a6f5-10b2de8342b8 "HTTP/2 200 OK"
2026-09-02 23:36:50,223 INFO HTTP Request: GET https://nzzrpylddectbapxpazo.supabase.co/rest/v1/jobs?select=id&job_url=eq.https%3A%2F%2Fwww.linkedin.com%2Fjobs%2Fview%2Ffundamental-equities-data-analyst-us-at-point72-4459903232 "HTTP/2 200 OK"
2026-09-02 23:36:50,394 INFO HTTP Request: GET https://nzzrpylddectbapxpazo.supabase.co/rest/v1/jobs?select=id&job_url=eq.https%3A%2F%2Fcn.linkedin.com%2Fjobs%2Fview%2F%25E6%2595%25B0%25E6%258D%25AE%25E5%2588%2586%25E6%259E%2590%25E5%25B8%2588%25EF%25BC%2588%25E5%25A4%2596%25E4%25BC%2581%25E3%2580%2581%25E5%258F%258C%25E4%25BC%2591%25EF%25BC%2589-at-%25E6%25B0%25B8%25E6%2597%25BA-4460934188 "HTTP/2 200 OK"
2026-09-02 23:36:50,576 INFO HTTP Request: GET https://nzzrpylddectbapxpazo.supabase.co/rest/v1/jobs?select=id&job_url=eq.https%3A%2F%2Fnl.linkedin.com%2Fjobs%2Fview%2Fcommercial-insights-analyst-d-f-m-advanced-analytics-at-essity-4459983000 "HTTP/2 200 OK"
2026-09-02 23:36:50,736 INFO HTTP Request: POST https://nzzrpylddectbapxpazo.supabase.co/rest/v1/jobs "HTTP/2 201 Created"
2026-09-02 23:36:50,738 INFO   Saved: Commercial Insights Analyst (d/f/m) - Advanced Analytics @ Essity
2026-09-02 23:36:53,802 INFO HTTP Request: PATCH https://nzzrpylddectbapxpazo.supabase.co/rest/v1/jobs?id=eq.8d98170e-afe4-4eff-a1a5-3d87d8643690 "HTTP/2 200 OK"
2026-09-02 23:36:55,548 INFO HTTP Request: GET https://nzzrpylddectbapxpazo.supabase.co/rest/v1/jobs?select=id&job_url=eq.https%3A%2F%2Fwww.linkedin.com%2Fjobs%2Fview%2Fsenior-data-analyst-medtech-at-talenthop-4459926580 "HTTP/2 200 OK"
2026-09-02 23:36:55,752 INFO HTTP Request: GET https://nzzrpylddectbapxpazo.supabase.co/rest/v1/jobs?select=id&job_url=eq.https%3A%2F%2Fwww.linkedin.com%2Fjobs%2Fview%2Fr247170-principal-data-analyst-bin-iin-management-open-at-capital-one-4462141727 "HTTP/2 200 OK"
2026-09-02 23:36:55,958 INFO HTTP Request: GET https://nzzrpylddectbapxpazo.supabase.co/rest/v1/jobs?select=id&job_url=eq.https%3A%2F%2Fwww.linkedin.com%2Fjobs%2Fview%2Fdata-scientist-at-guidehouse-4434792530 "HTTP/2 200 OK"
2026-09-02 23:36:56,121 INFO HTTP Request: GET https://nzzrpylddectbapxpazo.supabase.co/rest/v1/jobs?select=id&job_url=eq.https%3A%2F%2Fwww.linkedin.com%2Fjobs%2Fview%2Fr247170-principal-data-analyst-bin-iin-management-open-at-capital-one-4462143610 "HTTP/2 200 OK"
2026-09-02 23:36:56,367 INFO HTTP Request: GET https://nzzrpylddectbapxpazo.supabase.co/rest/v1/jobs?select=id&job_url=eq.https%3A%2F%2Fwww.linkedin.com%2Fjobs%2Fview%2Fbi-data-analyst-at-motion-4452601232 "HTTP/2 200 OK"
2026-09-02 23:36:56,574 INFO HTTP Request: GET https://nzzrpylddectbapxpazo.supabase.co/rest/v1/jobs?select=id&job_url=eq.https%3A%2F%2Ffr.linkedin.com%2Fjobs%2Fview%2Fdata-analyst-scientist-h-f-at-consort-group-4460965510 "HTTP/2 200 OK"
2026-09-02 23:36:56,865 INFO 
[OK] Scraping complete: 36 new jobs saved
2026-09-02 23:36:57,083 INFO HTTP Request: POST https://nzzrpylddectbapxpazo.supabase.co/rest/v1/daily_run_logs "HTTP/2 409 Conflict"
2026-09-02 23:36:57,085 ERROR      [ERR] Scraping failed: {'message': 'duplicate key value violates unique constraint "daily_run_logs_run_date_key"', 'code': '23505', 'hint': None, 'details': 'Key (run_date)=(2026-09-02) already exists.'}
2026-09-02 23:36:57,086 INFO 
[2/5] [ATS]  Running ATS matching...
2026-09-02 23:37:00,234 INFO HTTP Request: GET https://nzzrpylddectbapxpazo.supabase.co/rest/v1/jobs?select=id%2Ctitle%2Ccompany%2Cdescription_raw&status=eq.scraped&description_raw=not.is.null&limit=50 "HTTP/2 200 OK"
2026-09-02 23:37:09,727 ERROR      [ERR] ATS matching failed: API error 503: {
  "error": {
    "code": 503,
    "message": "This model is currently experiencing high demand. Spikes in demand are usually temporary. Please try again later.",
    "status": "UNAVAILABLE"
  }
}

2026-09-02 23:37:09,730 INFO 
[3/5] [APPLY]  Auto-applying to top matches...
2026-09-02 23:37:10,114 INFO HTTP Request: GET https://nzzrpylddectbapxpazo.supabase.co/rest/v1/jobs?select=id%2Ctitle%2Ccompany%2Cats_score%2Capply_url%2Cplatform&status=eq.matched&ats_score=gte.75&order=ats_score.desc&limit=20 "HTTP/2 200 OK"
2026-09-02 23:37:10,115 INFO      [OK] Auto-applied to 0 jobs
2026-09-02 23:37:10,115 INFO 
[4/5] [EMAIL]  Sending cold outreach emails...
2026-09-02 23:37:12,035 INFO HTTP Request: GET https://nzzrpylddectbapxpazo.supabase.co/rest/v1/outreach_logs?select=id&status=eq.sent&sent_at=gte.2026-09-02T00%3A00%3A00 "HTTP/2 200 OK"
2026-09-02 23:37:12,605 INFO HTTP Request: GET https://nzzrpylddectbapxpazo.supabase.co/rest/v1/jobs?select=id%2Ctitle%2Ccompany%2Ccompany_domain%2Clocation%2Cdescription_raw%2Cats_score%2Capply_url%2Cmatched_keywords&status=in.%28matched%2Cauto_applied%29&ats_score=gte.70&order=ats_score.desc&limit=15 "HTTP/2 200 OK"
2026-09-02 23:37:12,606 INFO [MAIL] Outreach done: 0 emails sent
2026-09-02 23:37:12,606 INFO      [OK] Sent 0 cold emails
2026-09-02 23:37:12,606 INFO 
[5/5] [POST]  Publishing LinkedIn posts...
2026-09-02 23:37:13,677 INFO HTTP Request: GET https://nzzrpylddectbapxpazo.supabase.co/rest/v1/linkedin_posts?select=%2A&status=in.%28scheduled%29&scheduled_for=lte.2026-09-02T18%3A07%3A12.893209%2B00%3A00 "HTTP/2 200 OK"
2026-09-02 23:37:13,678 INFO Published 0 due posts
2026-09-02 23:37:13,878 INFO HTTP Request: POST https://nzzrpylddectbapxpazo.supabase.co/rest/v1/daily_run_logs?on_conflict=run_date "HTTP/2 200 OK"
2026-09-02 23:37:13,881 INFO      [OK] Published 0 LinkedIn posts
2026-09-02 23:37:14,081 INFO HTTP Request: POST https://nzzrpylddectbapxpazo.supabase.co/rest/v1/daily_run_logs?on_conflict=run_date "HTTP/2 200 OK"
2026-09-02 23:37:14,082 INFO 
[NOTIFY] Sending daily summary notification...
2026-09-02 23:37:14,288 INFO HTTP Request: GET https://nzzrpylddectbapxpazo.supabase.co/rest/v1/daily_run_logs?select=%2A&run_date=eq.2026-09-02 "HTTP/2 200 OK"
2026-09-02 23:37:14,494 INFO HTTP Request: GET https://nzzrpylddectbapxpazo.supabase.co/rest/v1/applications?select=%2A%2Cjobs%28title%2Ccompany%2Clocation%2Cats_score%29&applied_at=gte.2026-09-02T00%3A00%3A00&order=applied_at.desc&limit=5 "HTTP/2 200 OK"
2026-09-02 23:37:14,697 INFO HTTP Request: GET https://nzzrpylddectbapxpazo.supabase.co/rest/v1/outreach_logs?select=%2A%2Crecruiters%28name%2Ccompany%29&status=eq.sent&sent_at=gte.2026-09-02T00%3A00%3A00 "HTTP/2 200 OK"
2026-09-02 23:37:14,901 INFO HTTP Request: GET https://nzzrpylddectbapxpazo.supabase.co/rest/v1/jobs?select=title%2Ccompany%2Cats_score%2Capply_url&status=eq.matched&ats_score=gte.80&limit=5 "HTTP/2 200 OK"
2026-09-02 23:37:15,779 INFO   [NOTIFY] Telegram notification sent
2026-09-02 23:37:15,781 INFO 
============================================================
2026-09-02 23:37:15,781 INFO [OK] DAILY RUN COMPLETE
2026-09-02 23:37:15,781 INFO    Scraped: 0 | Matched: 0
2026-09-02 23:37:15,782 INFO    Applied: 0 | Emailed: 0
2026-09-02 23:37:15,782 INFO    Errors: 2
2026-09-02 23:37:15,782 INFO ============================================================
